english_sentence,isl_gloss
"GOVERNMENT OF TAMILNADU SCIENCE A Publication under Free Textbook Programme of Government of Tamil Nadu Department of School Education STANDARD TEN Untouchability is Inhuman and a Crime Front page.indd 1 12/3/2022 3:20:54 PM www.tntextbooks.in Government of Tamil Nadu First Edition - 2019 Revised Edition - 2020, 2022, 2023 Reprint - 2021, 2024 (Published under New syllabus) Tamil NaduTextbook and Educational Services Corporation www.textbooksonline.tn.nic.in State Council of Educational Research and Training © SCERT 2019 Printing & Publishing Content Creation The wise possess all NOT FOR SALE II Front page.indd 2 Front page.indd 2 23/12/2023 16:13:14 23/12/2023 16:13:14 This book is developed in a holistic approach which inculcates comprehending and analytical skills.",WHICH SKILL DEVELOP GOVERNMENT TAMILNADU SCIENCE PUBLICATION FREE TEXTBOOK PROGRAMME TAMIL NADU DEPARTMENT SCHOOL EDUCATION STANDARD TEN UNTOUCHABILITY INHUMAN CRIME FRONT PM FIRST EDITION REVISE REPRINT PUBLISH NEW SYLLABUS NADUTEXTBOOK EDUCATIONAL SERVICE CORPORATION STATE COUNCIL RESEARCH TRAIN SCERT PRINT CONTENT CREATION WISE POSSESS ALL SALE II BOOK HOLISTIC APPROACH INCULCATE COMPREHEND ANALYTICAL SKILLS PAST PRESENT NOT
It will be helpfull for the students to understand higher secondary science in a better way and to prepare for competitive exams in future.,HELPFULL STUDENTS UNDERSTAND HIGHER SECONDARY SCIENCE BETTER WAY PREPARE COMPETITIVE EXAMS FUTURE
This textbook is designed in a learner centric way to trigger the thought process of students through activities and to make them excel in learning science.,THEY SCIENCE DESIGN TEXTBOOK LEARNER CENTRIC WAY TRIGGER THINK PROCESS STUDENTS ACTIVITIES MAKE EXCEL LEARN PAST
This book has 23 units.,BOOK UNIT HAVE UNITS PRESENT
Each unit has simple activities that can be demonstrated by the teacher and also few group activities are given for students to do under the guidance of the teacher.,STUDENT TEACHER HAVE UNIT SIMPLE ACTIVITIES DEMONSTRATE ALSO FEW GROUP GIVE STUDENTS GUIDANCE PRESENT PAST
Infographics and info-bits are added to enrich the learner’s scientific perception.,INFOGRAPHIC PERCEPTION ADD INFOGRAPHICS INFO BITS ENRICH LEARNER SCIENTIFIC PAST
The “Do you know?” and “More to know” placed in the units will be an eye opener.,KNOW UNIT MORE PLACE UNITS EYE OPENER PAST
Glossary has been introduced to learn scientific terms.,GLOSSARY TERM INTRODUCE LEARN SCIENTIFIC PAST
ICT corner and QR code are introduced in each unit for the digital native generation.,CORNER GENERATION INTRODUCE ICT QR CODE UNIT DIGITAL NATIVE PAST
III PREFACE HOW TO USE THE BOOK?,III USE BOOK HOW
Front page.indd 3 12/3/2022 3:20:54 PM IV B.Sc.,FRONT PM IV
Agriculture Science B.Sc.,AGRICULTURE SCIENCE
Horticulture B.Sc.,HORTICULTURE
Forestry B.Tech Agricultural Engineering Agriculture Courses| (4 years) Nursing Pharmacy Anaesthesia Technician Cardiac Technician Dental Mechanic Health Inspector Medical imaging & tech Medical Lab Tech Medical X-ray Tech Nuclear Medicine Tech Occupational therapist Operation Theatre Tech Ophthalmic Assistant Physiotherapy Radiographic Assistant Radiotherapy Tech Rehabilitation Tech Respiratory Therapy Tech Blood Transfusion Tech MBBS – Allopathy BSMS – Siddha BAMS - Ayurveda BUMS – Unani BHMS – Homeopathy BNYS – Naturopathy & Yoga BDS – Dental BVSc – Veterinary Aeronautical Engineering Aerospace Engineering Architecture Engineering Automobile Engineering Automation & Robotics Engineering Avionics Engineering Bio Medical Engineering Bio Technology Engineering Civil Engineering Chemical Engineering Ceramic Engineering Computer Science Engineering Construction Management & Technology Engineering Electronics and Communication Engineering Electrical and Electronics Engineering Environmental Science Engineering Information Science Engineering Industrial Engineering Industrial Production Engineering Instrumentation Technology Marine Engineering Medical Electronics Engineering Mechanical Engineering Mining Engineering Manufacturing Science Engineering Naval Architecture Polymer Technology Silk Technology Engineering Carpet Technology Engineering Textile Engineering Advertising BA-General Criminology Economics Fine Arts Foreign Languages Home Science Interior Design Journalism Library Sciences Physical Education Political Science Psychology Social Work Sociology Travel & Tourism Paramedical Diploma / UG 2/3 years Medical Course 5 years Engineering Courses B.E. / B.Tech 4 years Career Guidance Humanities 3 years Front page.indd 4 12/3/2022 3:20:55 PM V C.A CPT ATC IPCC ITT (100 Hours) Articleship (Work under in CA) Clear Final Exam Become a C.A.,EXAM CA BECOME FORESTRY AGRICULTURAL ENGINEER AGRICULTURE YEARS NURSE PHARMACY ANAESTHESIA TECHNICIAN CARDIAC DENTAL MECHANIC HEALTH INSPECTOR MEDICAL IMAGE TECH LAB X RAY NUCLEAR MEDICINE OCCUPATIONAL THERAPIST OPERATION THEATRE OPHTHALMIC ASSISTANT PHYSIOTHERAPY RADIOGRAPHIC RADIOTHERAPY REHABILITATION RESPIRATORY THERAPY BLOOD TRANSFUSION MBBS ALLOPATHY BSMS SIDDHA BAMS AYURVEDA BUM UNANI BHMS HOMEOPATHY BNYS NATUROPATHY YOGA BDS BVSC VETERINARY AERONAUTICAL AEROSPACE ARCHITECTURE AUTOMOBILE AUTOMATION ROBOTICS AVIONICS BIO TECHNOLOGY CIVIL CHEMICAL CERAMIC COMPUTER SCIENCE CONSTRUCTION MANAGEMENT ELECTRONICS COMMUNICATION ELECTRICAL ENVIRONMENTAL INFORMATION INDUSTRIAL PRODUCTION INSTRUMENTATION MARINE MECHANICAL MINE MANUFACTURE NAVAL POLYMER SILK CARPET TEXTILE ADVERTISE BA GENERAL CRIMINOLOGY ECONOMICS FINE ARTS FOREIGN LANGUAGES HOME INTERIOR DESIGN JOURNALISM LIBRARY SCIENCES PHYSICAL EDUCATION POLITICAL PSYCHOLOGY SOCIAL WORK SOCIOLOGY TRAVEL TOURISM PARAMEDICAL DIPLOMA UG COURSE CAREER GUIDANCE HUMANITIES FRONT PM V CPT ATC IPCC ITT HOURS ARTICLESHIP CLEAR FINAL
LLB BA+LLB B.Com + LLB BBM+LLB BBA+LLB B.Sc.,LLB
Physics B.Sc.,PHYSICS
Chemistry B.Sc.,CHEMISTRY
Botany B.Sc.,BOTANY
Zoology B.Sc.,ZOOLOGY
Mathematics B.Sc.,MATHEMATICS
Computer Science B.Sc.,COMPUTER SCIENCE
PCM B.Sc.,PCM
CBZ B.Sc.,CBZ
Dietician & Nutritionist B.Sc.,DIETICIAN NUTRITIONIST
Sericulture B.Sc.,SERICULTURE
Oceanography B.Sc.,OCEANOGRAPHY
Meteorology B.Sc.,METEOROLOGY
Anthropology B.Sc.,ANTHROPOLOGY
Forensic Sciences B.Sc.,FORENSIC SCIENCES
Food Technology B.Sc.,FOOD TECHNOLOGY
Dairy Technology B.Sc.,DAIRY TECHNOLOGY
Hotel Management B.Sc.,HOTEL MANAGEMENT
Fashion Design B.Sc.,FASHION DESIGN
Mass Communication B.Sc.,MASS COMMUNICATION
Electronic Media B.Sc.,ELECTRONIC MEDIA
Multimedia B.Sc. 3D Animation B.Sc.,MULTIMEDIA ANIMATION
"Home Science CA – Chartered Accountant CMA Cost Management Accountant CS Company Secretary (Foundation) B.com – Regular B.com – Taxation & Tax Procedure B.com – Travel & Tourism B.com – Bank Management B.com – Professional BBA/BBM – Regular BFM – Bachelors in Financial Markets BMS – Bachelors in Management Studies BAF – Bachelors in Accounting & Finance Certified Stock Broker & Investment Analysis Certified Financial Analyst Certified Financial Planner Certified Investment Banker Law Courses 3.5 years B.Sc., Courses 3 years Business Management Bank Management Event Management Hospital Management Hotel Management Human Resources Management Logistics & Management Management Courses (3 years) Commerce Courses 3 years JOB / Post Graduation Road ahead after 12 ...",HOME SCIENCE CA CHARTER ACCOUNTANT CMA COST MANAGEMENT CS COMPANY SECRETARY FOUNDATION REGULAR TAXATION TAX PROCEDURE TRAVEL TOURISM BANK PROFESSIONAL BBA BBM BFM BACHELOR FINANCIAL MARKET BMS STUDY BAF ACCOUNT FINANCE CERTIFY STOCK BROKER INVESTMENT ANALYSIS ANALYST PLANNER BANKER LAW COURSE YEARS BUSINESS EVENT HOSPITAL HOTEL HUMAN RESOURCES LOGISTICS COMMERCE JOB POST GRADUATION ROAD AHEAD
PLAN th Front page.indd 5 12/3/2022 3:20:55 PM VI E - book Assessment Table of Contents Table of Contents Unit Title Page No.,PLAN FRONT PM VI E BOOK ASSESSMENT TABLE CONTENT UNIT TITLE PAGE NO NOT
Month 1 Laws of Motion 1 June 2 Optics 16 July 3 Thermal Physics 32 August 4 Electricity 42 September 5 Acoustics 59 October 6 Nuclear Physics 74 November 7 Atoms and Molecules 91 June 8 Periodic Classification of Elements 106 July 9 Solutions 124 August 10 Types of Chemical Reactions 137 October 11 Carbon and its Compounds 155 November 12 Plant Anatomy and Plant Physiology 173 June Front page.indd 6 12/3/2022 3:20:55 PM VII Unit Title Page No.,MONTH LAWS MOTION JUNE OPTICS JULY THERMAL PHYSICS AUGUST ELECTRICITY SEPTEMBER ACOUSTICS OCTOBER NUCLEAR NOVEMBER ATOMS MOLECULES PERIODIC CLASSIFICATION ELEMENTS SOLUTIONS TYPE CHEMICAL REACTIONS CARBON COMPOUND PLANT ANATOMY PHYSIOLOGY FRONT PM VII UNIT TITLE PAGE NO NOT
Month 13 Structural Organisation of Animals 187 June 14 Transportation in Plants and Circulation in Animals 200 July 15 Nervous System 218 July 16 Plant and Animal Hormones 229 August 17 Reproduction in Plants and Animals 243 August 18 Genetics 261 September 19 Origin and Evolution of Life 274 October 20 Breeding and Biotechnology 286 October 21 Health and Diseases 300 November 22 Environmental Management 315 November 23 Visual Communication 329 December Practicals 334 Glossary 350 Front page.indd 7 12/3/2022 3:20:55 PM VIII SCIENCE STANDARD TEN Front page.indd 8 12/3/2022 3:20:55 PM 1 INTRODUCTION Human beings are so curious about things around them.,MONTH STRUCTURAL ORGANISATION ANIMALS JUNE TRANSPORTATION PLANT CIRCULATION JULY NERVOUS SYSTEM ANIMAL HORMONES AUGUST REPRODUCTION GENETICS SEPTEMBER ORIGIN EVOLUTION LIFE OCTOBER BREED BIOTECHNOLOGY HEALTH DISEASES NOVEMBER ENVIRONMENTAL MANAGEMENT VISUAL COMMUNICATION DECEMBER PRACTICALS GLOSSARY FRONT PM VIII SCIENCE STANDARD TEN INTRODUCTION HUMAN BEINGS CURIOUS THINGS PAST
Things around us are related to one another.,THING ONE RELATE THINGS PAST
Some bodies are at rest and some are in motion.,BODY REST MOTION
Rest and motion are interrelated terms.,REST MOTION INTERRELATE TERM
"In the previous classes you have learnt about various types of motion such as linear motion, circular motion, oscillatory motion, and so on.",PREVIOUS CLASS LEARN VARIOUS TYPE MOTION SUCH LINEAR CIRCULAR OSCILLATORY PAST
"So far, you have discussed the motion of bodies in terms of their displacement, velocity, and acceleration.",YOU DISPLACEMENT DISCUSS FAR MOTION BODY TERM VELOCITY ACCELERATION PAST
"In this unit, let us investigate the cause of motion.",WE MOTION LET UNIT INVESTIGATE CAUSE
"When a body is at rest, starts moving, a question that arises in our mind is ‘what causes the body to move?’ Similarly, when a moving object comes to rest, you would like to know what brings it to rest?",WHAT IT LIKE BODY REST START MOVE QUESTION ARISE MIND CAUSE SIMILARLY OBJECT COME KNOW BRING PRESENT WHEN
If a moving object speeds up or slows down or changes its direction. what speeds up or slows down the body?,WHAT BODY SPEED MOVE OBJECT SLOW CHANGE DIRECTION PRESENT
What changes the direction of motion?,WHAT MOTION CHANGE DIRECTION PRESENT
One answer for all the above questions is ‘Force’.,ONE ANSWER ABOVE QUESTION FORCE
"In a common man’s understanding of motion, a body needs a ‘push’ or ‘pull’ to move, or bring to rest or change its velocity.",BODY VELOCITY NEED COMMON MAN UNDERSTAND MOTION PUSH PULL MOVE BRING REST CHANGE PRESENT
"Hence, this ‘push’ or ‘pull’ is called as ‘force’.",PUSH FORCE CALL HENCE PULL PAST
Let us define force in a more scientific manner using the three laws proposed by Sir Isaac Newton.,WE NEWTON LET DEFINE FORCE MORE SCIENTIFIC MANNER USE THREE LAWS PROPOSE SIR ISAAC PAST
"These laws help you to understand the motion of a body and also to predict the future course of its motion, if you know the forces acting on it.",FORCE IT HELP LAWS UNDERSTAND MOTION BODY ALSO PREDICT FUTURE COURSE KNOW ACT PRESENT
"Before Newton formulated his three laws of motion, a different perception about the force and motion of bodies prevailed.",PERCEPTION BODY PREVAIL NEWTON FORMULATE THREE LAWS MOTION DIFFERENT FORCE PAST
Let us first look at these ideas and then eventually learn about Newton’s laws in this unit.,WE UNIT LET FIRST LOOK IDEAS THEN EVENTUALLY LEARN NEWTON LAWS
Learning Objectives At the end of this lesson students will be able to: Understand the concepts of force and motion.,LEARN OBJECTIVES END LESSON STUDENTS ABLE UNDERSTAND CONCEPTS FORCE MOTION
Explain inertia and its types.,EXPLAIN INERTIA TYPE
State the three laws of Newton.,STATE THREE LAWS NEWTON
Apply Newtonian concept of force and motion.,APPLY NEWTONIAN CONCEPT FORCE MOTION
"Define force, momentum and impulse.",DEFINE FORCE MOMENTUM IMPULSE
Distinguish between mass and weight Analyze weightlessness and the principle of conservation of momentum.,DISTINGUISH MASS WEIGHT ANALYZE WEIGHTLESSNESS PRINCIPLE CONSERVATION MOMENTUM
Explain the law of gravitation and its applications.,EXPLAIN LAW GRAVITATION APPLICATIONS
Understand the variations in 'g' due to height and depth.,UNDERSTAND VARIATIONS G DUE HEIGHT DEPTH
Solve numerical problems related to force and motion 2 10th Standard Science Mechanics is the branch of physics that deals with the effect of force on bodies.,SOLVE NUMERICAL PROBLEMS RELATE FORCE MOTION STANDARD SCIENCE MECHANICS BRANCH PHYSICS DEAL EFFECT BODY PAST PRESENT
"It is divided into two branches, namely, statics and dynamics.",IT BRANCH DIVIDE TWO NAMELY STATICS DYNAMICS PAST
"Statics: It deals with the bodies, which are at rest under the action of forces.",WHICH FORCE DEAL STATICS BODY REST ACTION PRESENT
Dynamics: It is the study of moving bodies under the action of forces.,DYNAMICS STUDY MOVE BODY ACTION FORCE
Dynamics is further divided as follows.,DYNAMICS FURTHER DIVIDE FOLLOW PAST PRESENT
Kinematics: It deals with the motion of bodies without considering the cause of motion.,IT MOTION DEAL KINEMATICS BODY CONSIDER CAUSE PRESENT
"Kinetics: It deals with the motion of bodies considering the cause of motion. 1.1 FORCE AND MOTION According to Aristotle a Greek Philosopher and Scientist, the natural state of earthly bodies is ‘rest’.",FORCE BODY DEAL KINETICS MOTION CONSIDER CAUSE ACCORD ARISTOTLE GREEK PHILOSOPHER SCIENTIST NATURAL STATE EARTHLY REST PRESENT
He stated that a moving body naturally comes to rest without any external influence of the force.,BODY FORCE STATE MOVE NATURALLY COME REST EXTERNAL INFLUENCE PAST PRESENT
Such motions are termed as ‘natural motion’ (Force independent).,MOTION FORCE TERM SUCH NATURAL INDEPENDENT PAST
He also proposed that a force (a push or a pull) is needed to make the bodies to move from their natural state (rest) and behave contrary to their own natural state called as ‘violent motion’ (Force dependent).,BODY MOTION PROPOSE ALSO FORCE PUSH PULL NEED MAKE MOVE NATURAL STATE REST BEHAVE CONTRARY OWN CALL VIOLENT DEPENDENT PAST
"Further, he said, when two different mass bodies are dropped from a height, the heavier body falls faster than the lighter one.",BODY ONE FALL FURTHER SAY TWO DIFFERENT MASS DROP HEIGHT HEAVIER FASTER LIGHTER PAST PRESENT
"Galileo proposed the following concepts about force, motion and inertia of bodies: (i) The natural state of all earthly bodies is either the state of rest or the state of uniform motion. (ii) A body in motion will continue to be in the same state of motion as long as no external force is applied. (iii) When a force is applied on bodies, they resist any change in their state.",THEY STATE RESIST GALILEO PROPOSE FOLLOW CONCEPTS FORCE MOTION INERTIA BODY I NATURAL EARTHLY REST UNIFORM II CONTINUE SAME AS LONG EXTERNAL APPLY III CHANGE PAST PRESENT NOT
"This property of bodies is called ‘inertia’. (iv) When dropped from a height in vacuum, bodies of different size, shape and mass fall at the same rate and reach the ground at the same time. 1.2 INERTIA While you are travelling in a bus or in a car, when a sudden brake is applied, the upper part of your body leans in the forward direction.",BRAKE DIRECTION DROP PROPERTY BODY CALL INERTIA HEIGHT VACUUM DIFFERENT SIZE SHAPE MASS FALL SAME RATE REACH GRIND TIME TRAVEL BUS CAR SUDDEN APPLY UPPER PART LEAN FORWARD PAST PRESENT
"Similarly, when the vehicle suddenly is move forward from rest, you lean backward.",YOU REST LEAN SIMILARLY VEHICLE SUDDENLY MOVE FORWARD BACKWARD PRESENT
"This is due to, any body would like to continue to be in its state of rest or the state of motion.",BODY MOTION LIKE DUE CONTINUE STATE REST
This is known as ‘inertia’.,THIS INERTIA KNOW PAST
"The inherent property of a body to resist any change in its state of rest or the state of uniform motion, unless it is influenced upon by an external unbalanced force, is known as ‘inertia’.",IT INERTIA KNOW INHERENT PROPERTY BODY RESIST CHANGE STATE REST UNIFORM MOTION INFLUENCE EXTERNAL UNBALANCE FORCE PAST
Activity 1 Take a glass tumbler and place a small cardboard on it as shown in the figure.,ACTIVITY FIGURE TAKE GLASS TUMBLER PLACE SMALL CARDBOARD SHOW PAST
"Now, keep a coin at the centre of the cardboard.",NOW KEEP COIN CENTRE CARDBOARD PRESENT
"Then, flick the cardboard quickly.",THEN FLICK CARDBOARD QUICKLY
What do you observe?,YOU WHAT OBSERVE
The cardboard falls off the ground and the coin falls into the glass tumbler.,COIN TUMBLER FALL CARDBOARD GRIND GLASS PRESENT
"Inertia of rest In activity described above, the inertia of the coin keeps it in the state of rest when the cardboard moves.",CARDBOARD REST KEEP INERTIA ACTIVITY DESCRIBE ABOVE COIN STATE MOVE PAST PRESENT
"Then, when the cardboard has moved, the coin falls into the tumbler due to gravity.",COIN GRAVITY FALL THEN CARDBOARD MOVE TUMBLER PAST PRESENT
This happen due to ‘inertia of rest’. 1.2.1 Types of Inertia a) Inertia of rest: The resistance of a body to change its state of rest is called inertia of rest. b) Inertia of motion: The resistance of a body to 10th_Science_Unit-1.indd 2 12/3/2022 2:48:45 PM 3 Laws of motion 1.4 NEWTON’S LAWS OF MOTION 1.4.1 Newton’s First Law This law states that every body continues to be in its state of rest or the state of uniform motion along a straight line unless it is acted upon by some external force.,IT FORCE STATE HAPPEN INERTIA REST TYPE RESISTANCE BODY CHANGE CALL MOTION PM LAWS NEWTON FIRST LAW CONTINUE UNIFORM STRAIGHT LINE ACT EXTERNAL PAST PRESENT
"It gives the definition of force as well as inertia. 1.4.2 Force Force is an external effort in the form of push or pull, which: 1. produces or tries to produce the motion of a static body. 2. stops or tries to stop a moving body. 3. changes or tries to change the direction of motion of a moving body.",WHICH BODY GIVE DEFINITION FORCE AS WELL INERTIA EXTERNAL EFFORT FORM PUSH PULL PRODUCE TRY MOTION STATIC STOP MOVE CHANGE DIRECTION PRESENT
Force has both magnitude and direction.,FORCE MAGNITUDE HAVE DIRECTION PRESENT
"So, it is a vector quantity. 1.4.3 Types of forces Based on the direction in which the forces act, they can be classified into two types as: (a) Like parallel forces and (b) Unlike parallel forces. (a) Like parallel forces: Two or more forces of equal or unequal magnitude acting along the same direction, parallel to each other are called like parallel forces. (b) Unlike parallel forces: If two or more equal forces or unequal forces act along opposite directions parallel to each other, then they are called unlike parallel forces.",THEY FORCE CALL VECTOR QUANTITY TYPE BASE DIRECTION ACT CLASSIFY TWO PARALLEL MORE EQUAL UNEQUAL MAGNITUDE SAME OTHER OPPOSITE DIRECTIONS THEN PAST PRESENT
"Action of forces are given in Table 1.1. 1.4.4 Resultant Force When several forces act simultaneously on the same body, then the combined effect of the multiple forces can be represented by a single force, which is termed as ‘resultant force’.",WHICH FORCE REPRESENT ACTION GIVE TABLE RESULTANT SEVERAL ACT SIMULTANEOUSLY SAME BODY THEN COMBINE EFFECT MULTIPLE SINGLE TERM PAST PRESENT
It is equal to the vector sum (adding the magnitude of the forces with their direction) of all the forces. change its state of motion is called inertia of motion. c) Inertia of direction: The resistance of a body to change its direction of motion is called inertia of direction. 1.2.2 Examples of Inertia An athlete runs some distance before jumping.,EXAMPLE JUMP RUN EQUAL VECTOR SUM ADD MAGNITUDE FORCE DIRECTION CHANGE STATE MOTION CALL INERTIA RESISTANCE BODY EXAMPLES ATHLETE DISTANCE PAST PRESENT
"Because, this will help him jump longer and higher. (Inertia of motion) When you make a sharp turn while driving a car, you tend to lean sideways, (Inertia of direction).",YOU DIRECTION TEND HELP JUMP LONGER HIGHER INERTIA MOTION MAKE SHARP TURN DRIVE CAR LEAN SIDEWAYS PRESENT
"When you vigorously shake the branches of a tree, some of the leaves and fruits are detached and they fall down, (Inertia of rest).",THEY REST DETACH VIGOROUSLY SHAKE BRANCH TREE LEAVE FRUIT FALL INERTIA PRESENT PAST
Figure 1.1 Inertia of motion 1.3 LINEAR MOMENTUM The impact of a force is more if the velocity and the mass of the body is more.,VELOCITY BODY FIGURE INERTIA MOTION LINEAR MOMENTUM IMPACT FORCE MORE MASS
"To quantify the impact of a force exactly, a new physical quantity known as linear momentum is defined.",QUANTIFY IMPACT FORCE EXACTLY NEW PHYSICAL QUANTITY KNOW LINEAR MOMENTUM DEFINE PAST
The linear momentum measures the impact of a force on a body.,MOMENTUM BODY MEASURE LINEAR IMPACT FORCE PRESENT
The product of mass and velocity of a moving body gives the magnitude of linear momentum.,PRODUCT MOMENTUM GIVE MASS VELOCITY MOVE BODY MAGNITUDE LINEAR PRESENT
It acts in the direction of the velocity of the object.,IT OBJECT ACT DIRECTION VELOCITY PRESENT
Linear momentum is a vector quantity.,LINEAR MOMENTUM VECTOR QUANTITY
Linear Momentum = mass × velocity p = mv . . . . . . . . . .(1.1) It helps to measure the magnitude of a force.,IT FORCE HELP LINEAR MOMENTUM MASS VELOCITY P MV MEASURE MAGNITUDE PRESENT
"Unit of momentum in SI system is kg m s–1 and in C.G.S system its unit is g cm s-1. 10th_Science_Unit-1.indd 3 12/3/2022 2:48:46 PM 4 10th Standard Science If the resultant force of all the forces acting on a body is equal to zero, then the body will be in equilibrium.",UNIT MOMENTUM SI SYSTEM KG M G CM PM STANDARD SCIENCE RESULTANT FORCE ACT BODY EQUAL ZERO THEN EQUILIBRIUM
Such forces are called balanced forces.,SUCH FORCE CALL BALANCE PAST
"If the resultant force is not equal to zero, then it causes the motion of the body due to unbalanced forces Examples: Drawing water from a well, force applied with a crow bar, forces on a weight balance, etc.",IT BALANCE CAUSE RESULTANT FORCE EQUAL ZERO THEN MOTION BODY UNBALANCE EXAMPLES DRAW WATER WELL APPLY CROW BAR WEIGHT PRESENT PAST NOT
"A system can be brought to equilibrium by applying another force, which is equal to the resultant force in magnitude, but opposite in direction.",WHICH DIRECTION BRING SYSTEM EQUILIBRIUM APPLY FORCE EQUAL RESULTANT MAGNITUDE OPPOSITE PAST
Such force is called as ‘Equilibrant’. 1.4.5 Rotating Effect of Force Have you observed the position of the handle in a door?,YOU DOOR OBSERVE SUCH FORCE CALL EQUILIBRANT ROTATE EFFECT POSITION HANDLE PAST QUESTION
It is always placed at the edge of door and not at some other place.,IT PLACE ALWAYS EDGE DOOR OTHER HABITUAL PAST NOT
Why?,WHY
Have you tried to push a door by placing your hand closer to the hinges or the fixed edge?,YOU HINGE TRY PUSH DOOR PLACE HAND CLOSER FIX EDGE PAST QUESTION
What do you observe?,YOU WHAT OBSERVE
The door can be easily opened or closed when you apply the force at a point far away from the fixed edge.,YOU EDGE OPEN DOOR EASILY CLOSE APPLY FORCE POINT FAR AWAY FIX PAST PRESENT
"In this case, the effect of the force you apply is to turn the door about the fixed edge.",CASE EFFECT FORCE APPLY TURN DOOR FIX EDGE PRESENT
This turning effect of the applied force is more when the distance between the fixed edge and the point of application of force is more.,TURN EFFECT APPLY FORCE MORE DISTANCE FIX EDGE POINT APPLICATION
Hinges Axis of rotation Axis of rotation +z z d O F Figure 1.3 Rotating effect of a force The axis of the fixed edge about which the door is rotated is called as the ‘axis of rotation’.,HINGE AXIS ROTATION Z D O F FIGURE ROTATE EFFECT FORCE FIX EDGE DOOR CALL PAST
"Fix one end of a rod to the floor/wall, and apply a force at the other end tangentially. (a) Unlike parallel forces – Tug of war (b) Unbalanced forces - Action of a lever (c) Like parallel forces Figure 1.2 Combined effect of forces Table 1.1 Action of forces Action of forces Diagram Resultant force (Fnet) Parallel forces are acting in the same direction F1 F2 Fnet = F1 + F2 Parallel unequal forces are acting in opposite directions F1 F2 Fnet = F1 – F2 (if F1 > F2) Fnet = F2 – F1 (if F2 > F1) Fnet is directed along the greater force.",FNET FORCE DIRECT FIX ONE END ROD FLOOR WALL APPLY OTHER TANGENTIALLY PARALLEL TUG WAR UNBALANCE ACTION LEVER C FIGURE COMBINE EFFECT TABLE DIAGRAM RESULTANT ACT SAME DIRECTION UNEQUAL OPPOSITE DIRECTIONS GREATER PRESENT PAST
Parallel equal forces are acting in opposite directions in the same line of action (F1 = F2) F1 F2 Fnet = F1 – F2 Fnet = 0 since (F1 = F2) 10th_Science_Unit-1.indd 4 12/3/2022 2:48:47 PM 5 Laws of motion The rod will be turned about the fixed point is called as ‘point of rotation’. 1.4.6 Moment of the Force The rotating or turning effect of a force about a fixed point or fixed axis is called moment of the force about that point or torque (τ).,MOMENT POINT CALL PARALLEL EQUAL FORCE ACT OPPOSITE DIRECTIONS SAME LINE ACTION FNET PM LAWS MOTION ROD TURN FIX ROTATION ROTATE EFFECT AXIS TORQUE PAST
It is measured by the product of the force (F) and the perpendicular distance (d) between the fixed point or the fixed axis and the line of action of the force. τ = F × d . . . . . . . . . . (1.2) Torque is a vector quantity.,TORQUE FORCE MEASURE PRODUCT F PERPENDICULAR DISTANCE D FIX POINT AXIS LINE ACTION VECTOR QUANTITY PAST
"It is acting along the direction, perpendicular to the plane containing the line of action of force and the distance.",IT FORCE ACT DIRECTION PERPENDICULAR PLANE CONTAIN LINE ACTION DISTANCE
Its SI unit is Nm.,SI UNIT NM
Couple: Two equal and unlike parallel forces applied simultaneously at two distinct points constitute a couple.,TWO COUPLE CONSTITUTE EQUAL PARALLEL FORCE APPLY SIMULTANEOUSLY DISTINCT POINT PAST PRESENT
The line of action of the two forces does not coincide.,LINE FORCE COINCIDE ACTION TWO NOT
It does not produce any translatory motion since the resultant is zero.,RESULTANT MOTION PRODUCE TRANSLATORY ZERO NOT
"But, a couple results in causes the rotation of the body.",COUPLE RESULT CAUSE ROTATION BODY
Rotating effect of a couple is known as moment of a couple.,ROTATE COUPLE KNOW EFFECT MOMENT PAST
"Examples: Turning a tap, winding or unwinding a screw, spinning of a top, etc.",EXAMPLES TURN TAP WIND UNWIND SCREW SPIN TOP
Moment of a couple is measured by the product of any one of the forces and the perpendicular distance between the line of action of two forces.,MOMENT FORCE MEASURE COUPLE PRODUCT ONE PERPENDICULAR DISTANCE LINE ACTION TWO PAST
The turning effect of a couple is measured by the magnitude of its moment.,EFFECT MOMENT MEASURE TURN COUPLE MAGNITUDE PAST
Moment of a couple = Force × perpendicular distance between the line of action of forces M = F × S . . . . . . . . . . . . (1.3) The unit of moment of a couple is newton metre (N m) in SI system and dyne cm in CGS system.,MOMENT COUPLE FORCE PERPENDICULAR DISTANCE LINE ACTION M F S UNIT NEWTON METRE N SI SYSTEM DYNE CM CGS
"By convention, the direction of moment of a force or couple is taken as positive if the body is rotated in the anti-clockwise direction and negative if it is rotate in the clockwise direction.",IT DIRECTION TAKE CONVENTION MOMENT FORCE COUPLE AS POSITIVE BODY ROTATE ANTI CLOCKWISE NEGATIVE PAST
They are shown in Figures 1.4 (a and b) Figure 1.4 (b) Anticlockwise moment Figure 1.4 (a) Clockwise moment s s F F F F 1.4.7 Application of Torque 1.,F TORQUE SHOW FIGURE B ANTICLOCKWISE MOMENT CLOCKWISE S APPLICATION PAST
Gears: A gear is a circular wheel with teeth around its rim.,GEAR CIRCULAR WHEEL TEETH RIM
It helps to change the speed of rotation of a wheel by changing the torque and helps to transmit power. 2.,IT POWER HELP CHANGE SPEED ROTATION WHEEL TORQUE TRANSMIT PRESENT
Seasaw Most of you have played on the seasaw.,MOST SEASAW PLAY PAST
"Since there is a difference in the weight of the persons sitting on it, the heavier person lifts the lighter person.",PERSON LIFT DIFFERENCE WEIGHT PERSONS SIT HEAVIER LIGHTER PRESENT
When the heavier person comes closer to the pivot point (fulcrum) the distance of the line of action of the force decreases.,DISTANCE FORCE DECREASE HEAVIER PERSON COME CLOSER PIVOT POINT FULCRUM LINE ACTION PRESENT
It causes less amount of torque to act on it.,IT CAUSE LESS AMOUNT TORQUE ACT PRESENT
This enables the lighter person to lift the heavier person. 3.,THIS PERSON ENABLE LIGHTER LIFT HEAVIER PRESENT
"Steering Wheel A small steering wheel enables you to manoeuore a car easily by transferring a torque to the wheels with less effort. 1.4.8 Principle of Moments When a number of like or unlike parallel forces act on a rigid body and the body is in equilibrium, then the algebraic sum of the moments in the clockwise direction is equal to the algebraic sum of the moments in the anticlockwise direction.",BODY DIRECTION ENABLE STEER WHEEL SMALL MANOEUORE CAR EASILY TRANSFER TORQUE LESS EFFORT PRINCIPLE MOMENTS NUMBER PARALLEL FORCE ACT RIGID EQUILIBRIUM THEN ALGEBRAIC SUM CLOCKWISE EQUAL ANTICLOCKWISE PRESENT
"In other words, at 10th_Science_Unit-1.indd 5 12/3/2022 2:48:47 PM 6 10th Standard Science equilibrium, the algebraic sum of the moments of all the individual forces about any point is equal to zero. clockwise moment anticlockwise moment F1 d1 d2 F2 Figure 1.5 Principle of moments P In the illustration given in figure 1.5, the force F1 produces an anticlockwise rotation at a distance d1 from the point of pivot P (called fulcrum) and the force F2 produces a clockwise rotation at a distance d2 from the point of pivot P.",F2 PIVOT PRODUCE OTHER WORD PM STANDARD SCIENCE EQUILIBRIUM ALGEBRAIC SUM MOMENTS INDIVIDUAL FORCE POINT EQUAL ZERO CLOCKWISE MOMENT ANTICLOCKWISE FIGURE PRINCIPLE P ILLUSTRATION GIVE ROTATION DISTANCE CALL FULCRUM PAST PRESENT
"The principle of moments can be written as follows: Moment in clockwise direction = Moment in anticlockwise direction F1 × d1 = F2 × d2 . . . . . . . . (1.4) 1.5 NEWTON’S SECOND LAW OF MOTION According to this law, “the force acting on a body is directly proportional to the rate of change of linear momentum of the body and the change in momentum takes place in the direction of the force”.",CHANGE FORCE WRITE PRINCIPLE MOMENTS FOLLOW MOMENT CLOCKWISE DIRECTION ANTICLOCKWISE NEWTON SECOND LAW MOTION ACCORD ACT BODY DIRECTLY PROPORTIONAL RATE LINEAR MOMENTUM TAKE PLACE PAST PRESENT
This law helps us to measure the amount of force.,LAW FORCE HELP MEASURE AMOUNT PRESENT
"So, it is also called as ‘law of force’.",IT FORCE CALL ALSO LAW PAST
"Let, ‘m’ be the mass of a moving body, moving along a straight line with an initial speed ‘u’ After a time interval of ‘t’, the velocity of the body changes to ‘v’ due to the impact of an unbalanced external force F.",VELOCITY FORCE CHANGE LET M MASS MOVE BODY STRAIGHT LINE INITIAL SPEED U TIME INTERVAL T V IMPACT UNBALANCE EXTERNAL PRESENT
"Initial momentum of the body Pi = mu Final momentum of the body Pf = mv Change in momentum Δp = Pf –Pi = mv – mu By Newton’s second law of motion, Force, F ∝ rate of change of momentum F ∝ change in momentum / time F ∝ mv – mu t F = km(v – u) t Here, k is the proportionality constant. k = 1 in all systems of units.",INITIAL MOMENTUM BODY PI MU FINAL PF MV CHANGE ΔP NEWTON SECOND LAW MOTION FORCE F RATE TIME T U HERE K PROPORTIONALITY CONSTANT SYSTEMS UNITS
"Hence, F = m(v – u) (1.5) t Since, acceleration = change in velocity/ time, a=(v-u)/t.",HENCE F U T ACCELERATION CHANGE TIME
"Hence, we have F = m × a (1.6) Force = mass × acceleration No external force is required to maintain the motion of a body moving with uniform velocity.",FORCE VELOCITY REQUIRE HENCE F M MASS ACCELERATION EXTERNAL MAINTAIN MOTION BODY MOVE UNIFORM PRESENT PAST NOT
"When the net force acting on a body is not equal to zero, then definitely the velocity of the body will change.",VELOCITY BODY CHANGE NET FORCE ACT EQUAL ZERO THEN DEFINITELY NOT
"Thus, change in momentum takes place in the direction of the force.",CHANGE FORCE TAKE THUS MOMENTUM PLACE DIRECTION PRESENT
The change may take place either in magnitude or in direction or in both.,CHANGE BOTH TAKE PLACE MAGNITUDE DIRECTION
Force is required to produce the acceleration of a body.,FORCE BODY REQUIRE PRODUCE ACCELERATION PAST
"In a uniform circular motion, even though the speed (magnitude of velocity) remains constant, the direction of the velocity changes at every point on the circular path.",SPEED PATH REMAIN UNIFORM CIRCULAR MOTION EVEN MAGNITUDE VELOCITY CONSTANT DIRECTION CHANGE POINT PRESENT
"So, the acceleration is produced along the radius called as centripetal acceleration.",ACCELERATION PRODUCE RADIUS CALL CENTRIPETAL PAST
"The force, which produces this acceleration is called as centripetal force, about which you have learnt in class IX.",YOU IX CALL FORCE PRODUCE ACCELERATION CENTRIPETAL LEARN CLASS PRESENT PAST
Units of force: SI unit of force is newton (N) and in C.G.S system its unit is dyne.,UNITS FORCE SI UNIT NEWTON N SYSTEM DYNE
"Definition of 1 newton (N): The amount of force required for a body of mass 1 kg produces an acceleration of 1 m s –2, 1 N = 1 kgms –2 Definition of 1 dyne: The amount of force required for a body of mass 1 gram produces an acceleration of 1 cm s –2, 1 dyne = 1 gcms –2; also 1 N = 10 5 dyne. 10th_Science_Unit-1.indd 6 12/3/2022 2:48:47 PM 7 Laws of motion Unit force: The amount of force required to produce an acceleration of 1 ms –2 in a body of mass 1 kg is called ‘unit force’.",AMOUNT MASS PRODUCE DEFINITION NEWTON N FORCE REQUIRE BODY KG ACCELERATION M S KGMS DYNE GRAM CM GCMS ALSO PM LAWS MOTION UNIT MS CALL PAST PRESENT
"Gravitational unit of force: In the SI system of units, gravitational unit of force is kilogram force, represented by kg f.",GRAVITATIONAL UNIT FORCE SI SYSTEM UNITS KILOGRAM REPRESENT KG PAST
"In the CGS system its unit is gram force, represented by g f. 1 kgf = 1 kg × 9.8 ms -2 = 9.8 N; 1 gf = 1 g × 980 cms -2 = 980 dyne 1.6 Impulse A large force acting for a very short interval of time is called as ‘Impulsive force’.",FORCE CALL CGS SYSTEM UNIT GRAM REPRESENT G KGF KG MS N GF CMS DYNE IMPULSE LARGE ACT VERY SHORT INTERVAL TIME IMPULSIVE PAST
"When a force F acts on a body for a period of time t, then the product of force and time is known as ‘impulse’ represented by ‘J’ Impulse, J = F × t (1.7) By Newton’s second law F = Δp / t (Δ refers to change) Δp = F × t (1.8) From 1.7 and 1.8 J = Δp Impulse is also equal to the magnitude of change in momentum.",IMPULSE MOMENTUM KNOW FORCE F ACT BODY PERIOD TIME T THEN PRODUCT REPRESENT J NEWTON SECOND LAW ΔP Δ REFER CHANGE ALSO EQUAL MAGNITUDE PRESENT PAST
Its unit is kgms–1 or Ns.,UNIT NS
Change in momentum can be achieved in two ways.,CHANGE WAY ACHIEVE MOMENTUM TWO WAYS PAST
They are: i. a large force acting for a short period of time and ii. a smaller force acting for a longer period of time.,LARGE FORCE ACT SHORT PERIOD TIME II SMALLER LONGER
Examples: Automobiles are fitted with springs and shock absorbers to reduce jerks while moving on uneven roads.,AUTOMOBILE ROAD FIT EXAMPLES SPRING SHOCK ABSORBERS REDUCE JERK MOVE UNEVEN ROADS PAST
"In cricket, a fielder pulls back his hands while catching the ball.",FIELDER BALL PULL CRICKET BACK HAND CATCH PRESENT
"He experiences a smaller force for a longer interval of time to catch the ball, resulting in a lesser impulse on his hands.",HE HAND EXPERIENCE SMALLER FORCE LONGER INTERVAL TIME CATCH BALL RESULT LESSER IMPULSE PRESENT
"Figure 1.6 Example of impulsive force 1.7 NEWTON’S THIRD LAW OF MOTION Newton’s third law states that ‘for every action, there is an equal and opposite reaction.",FIGURE ACTION STATE EXAMPLE IMPULSIVE FORCE NEWTON THIRD LAW MOTION EQUAL OPPOSITE REACTION PRESENT
They always act on two different bodies’.,THEY BODY ACT ALWAYS TWO DIFFERENT HABITUAL PRESENT
"If a body A applies a force FA on a body B, then the body B reacts with force FB on the body A, which is equal to FA in magnitude, but opposite in direction.",BODY APPLY FORCE FA B THEN REACT FB EQUAL MAGNITUDE OPPOSITE DIRECTION PRESENT
FB = –FA Examples: When birds fly they push the air downwards with their wings (Action) and the air pushes the bird upwards (Reaction).,AIR BIRD PUSH FB FA EXAMPLES FLY DOWNWARDS WING ACTION UPWARDS REACTION PRESENT
"When a person swims he pushes the water using the hands backwards (Action), and the water pushes the swimmer in the forward direction (Reaction).",WATER DIRECTION SWIM PERSON PUSH USE HAND BACKWARDS ACTION SWIMMER FORWARD REACTION PRESENT
"When you fire a bullet, the gun recoils backward and the bullet is moving forward (Action) and the gun equalises this forward action by moving backward (Reaction). 1.8 PRINCIPLE OF CONSERVATION OF LINEAR MOMENTUM There is no change in the linear momentum of a system of bodies as long as no net external force acts on them. 10th_Science_Unit-1.indd 7 12/3/2022 2:48:48 PM 8 10th Standard Science filled with a fuel (either liquid or solid) in the propellant tank.",FORCE TANK BE FIRE BULLET GUN RECOIL BACKWARD MOVE FORWARD ACTION EQUALISE REACTION PRINCIPLE CONSERVATION LINEAR MOMENTUM CHANGE SYSTEM BODY AS LONG NET EXTERNAL ACT PM STANDARD SCIENCE FILL FUEL LIQUID SOLID PROPELLANT PRESENT PAST NOT
"When the rocket is fired, this fuel is burnt and a hot gas is ejected with a high speed from the nozzle of the rocket, producing a huge momentum.",GAS MOMENTUM BURN ROCKET FIRE FUEL HOT EJECT HIGH SPEED NOZZLE PRODUCE HUGE PAST
"To balance this momentum, an equal and opposite reaction force is produced in the combustion chamber, which makes the rocket project forward.",PROJECT CHAMBER PRODUCE BALANCE MOMENTUM EQUAL OPPOSITE REACTION FORCE COMBUSTION MAKE ROCKET FORWARD PAST PRESENT
"While in motion, the mass of the rocket gradually decreases, until the fuel is completely burnt out.",FUEL ROCKET DECREASE MOTION MASS GRADUALLY COMPLETELY BURN PRESENT PAST
"Since, there is no net external force acting on it, the linear momentum of the system is conserved.",MOMENTUM SYSTEM CONSERVE NET EXTERNAL FORCE ACT LINEAR PRESENT PAST NOT
"The mass of the rocket decreases with altitude, which results in the gradual increase in velocity of the rocket.",WHICH ROCKET DECREASE MASS ALTITUDE RESULT GRADUAL INCREASE VELOCITY PRESENT
"At one stage, it reaches a velocity, which is sufficient to just escape from the gravitational pull of the Earth.",WHICH EARTH REACH ONE STAGE VELOCITY SUFFICIENT JUST ESCAPE GRAVITATIONAL PULL PRESENT
This velocity is called escape velocity. (This topic will be discussed in detail in higher classes). 1.10 GRAVITATION 1.10.1 Newton’s universal law of gravitation This law states that every particle of matter in this universe attracts every other particle with a force.,PARTICLE FORCE STATE VELOCITY CALL ESCAPE TOPIC DISCUSS DETAIL HIGHER CLASS GRAVITATION NEWTON UNIVERSAL LAW MATTER UNIVERSE ATTRACT OTHER PAST PRESENT
This force is directly proportional to the product of their masses and inversely proportional to the square of the distance between the centers of these masses.,FORCE DIRECTLY PROPORTIONAL PRODUCT MASS INVERSELY SQUARE DISTANCE CENTER
The direction of the force acts along the line joining the masses.,DIRECTION MASSE ACT FORCE LINE JOIN MASS PRESENT
Force between the masses is always attractive and it does not depend on the medium where they are placed.,FORCE MASS ALWAYS ATTRACTIVE DEPEND MEDIUM PLACE HABITUAL PAST NOT
"Figure 1.8 Gravitational force between two masses 9 Laws of motion Let, m1 and m2 be the masses of two bodies A and B placed r metre apart in space Force F ∝ m1 × m2 F ∝ 1/ r2 On combining the above two expressions F ∝ m1 × m2 r 2 F = G m1 m2 r 2 . . . . . . . . . . . . . . . . . .(1.10) Where G is the universal gravitational constant.",FIGURE GRAVITATIONAL FORCE TWO MASS LAWS MOTION LET BODY B PLACE R METRE APART SPACE F COMBINE ABOVE EXPRESSIONS G UNIVERSAL CONSTANT PAST
"Its value in SI unit is 6.674 × 10 –11 Nm 2kg –2. 1.10.2 Acceleration due to gravity (g) When you throw any object upwards, its velocity ceases at a particular height and then it falls down due to the gravitational force of the Earth.",IT EARTH CEASE VALUE SI UNIT NM KG ACCELERATION GRAVITY G THROW OBJECT UPWARDS VELOCITY PARTICULAR HEIGHT THEN FALL GRAVITATIONAL FORCE PRESENT
The velocity of the object keeps changing as it falls down.,IT OBJECT KEEP VELOCITY CHANGE FALL PRESENT
This change in velocity must be due to the force acting on the object.,CHANGE VELOCITY DUE FORCE ACT OBJECT
The acceleration of the body is due to the Earth’s gravitational force.,ACCELERATION BODY DUE EARTH GRAVITATIONAL FORCE
"So, it is called as ‘acceleration due to the gravitational force of the Earth’ or ‘acceleration due to gravity of the Earth’.",IT EARTH CALL ACCELERATION GRAVITATIONAL FORCE GRAVITY PAST
It is represented as ‘g’.,IT G REPRESENT PAST
Its unit is ms –2 Mean value of the acceleration due to gravity is taken as 9.8 m s –2 on the surface of the Earth.,UNIT MS MEAN VALUE ACCELERATION GRAVITY TAKE M S SURFACE EARTH PAST
This means that the velocity of a body during the downward free fall motion varies by 9.8 ms –1 for every 1 second.,VELOCITY SECOND MEAN BODY DOWNWARD FREE FALL MOTION VARY MS PRESENT
"However, the value of ‘g’ is not the same at all points on the surface of the earth. 1.10.3 Relation between g and G When a body is at rests on the surface of the Earth, it is acted upon by the gravitational force of the Earth.",IT EARTH ACT HOWEVER VALUE G SAME POINT SURFACE RELATION BODY REST GRAVITATIONAL FORCE PAST NOT
Let us compute the magnitude of this force in two ways.,WE WAY LET COMPUTE MAGNITUDE FORCE TWO WAYS
"Let, M be the mass of the Earth and m be the mass of the body.",LET M MASS EARTH BODY
The entire mass of the Earth is assumed to be concentrated at its centre.,MASS CENTRE ASSUME ENTIRE EARTH CONCENTRATE PAST
The radius of the Earth is R = 6378 km (= 6400 km approximately).,RADIUS EARTH R KM APPROXIMATELY
"By Newton’s law of gravitation, the force acting on the body is given by F = G M m R 2 Figure 1.9 Relation between g and G Earth Object R F M m Here, the radius of the body considered is negligible when compared with the Earth’s radius.",NEWTON LAW GRAVITATION FORCE ACT BODY GIVE F G M R FIGURE RELATION EARTH OBJECT HERE RADIUS CONSIDER NEGLIGIBLE COMPARE PAST
"Now, the same force can be obtained from Newton’s second law of motion.",FORCE MOTION OBTAIN NOW SAME NEWTON SECOND LAW PRESENT PAST
"According to this law, the force acting on the body is given by the product of its mass and acceleration (called as weight).",FORCE WEIGHT GIVE ACCORD LAW ACT BODY PRODUCT MASS ACCELERATION CALL PAST
"Here, acceleration of the body is under the action of gravity hence a = g F = ma = mg F = weight = mg ------------------- (1.12) Comparing equations (1.7) and (1.8), we get mg = GMm R 2 ------------------------ (1.13) Acceleration due to gravity g = GM R 2 ------------------------------- (1.14) 1.10.4 Mass of the Earth (M) Rearranging the equation (1.14), the mass of the Earth is obtained as follows: Mass of the Earth M = g R 2/G Substituting the known values of g, R and G, you can calculate the mass of the Earth as M = 5.972 × 10 24 kg (1.11) 10th_Science_Unit-1.indd 9 12/3/2022 2:48:49 PM 10 10th Standard Science 1.10.5 Variation of acceleration due to gravity (g): Since, g depends on the geometric radius of the Earth, (g ∝ 1/R 2), its value changes from one place to another on the surface of the Earth.",G EARTH CALCULATE HERE ACCELERATION BODY ACTION GRAVITY HENCE F MA MG WEIGHT COMPARE EQUATIONS GET GMM R GM MASS M REARRANGE EQUATION OBTAIN FOLLOW SUBSTITUTE KNOW VALUE KG PM STANDARD SCIENCE VARIATION DEPEND GEOMETRIC RADIUS CHANGE ONE PLACE SURFACE PRESENT PAST
"Since, the geometric radius of the Earth is maximum in the equatorial region and minimum in the polar region, the value of g is maximum in the polar region and minimum at the equatorial region.",GEOMETRIC RADIUS EARTH MAXIMUM EQUATORIAL REGION MINIMUM POLAR VALUE G
"When you move to a higher altitude from the surface of the Earth, the value of g reduces.",VALUE G REDUCE MOVE HIGHER ALTITUDE SURFACE EARTH PRESENT
"In the same way, when you move deep below the surface of the Earth, the value of g reduces. (This topic will be discussed in detail in the higher classes).",TOPIC CLASS DISCUSS SAME WAY MOVE DEEP SURFACE EARTH VALUE G REDUCE DETAIL HIGHER PRESENT PAST
Value of g is zero at the centre of the Earth. 1.11 MASS AND WEIGHT Mass: Mass is the basic property of a body.,VALUE G ZERO CENTRE EARTH MASS WEIGHT BASIC PROPERTY BODY
Mass of a body is defined as the quantity of matter contained in the body.,MASS BODY DEFINE QUANTITY MATTER CONTAIN PAST
Its SI unit is kilogram (kg).,SI UNIT KILOGRAM KG
Weight: Weight of a body is defined as the gravitational force exerted on a body due to the gravity.,WEIGHT BODY DEFINE GRAVITATIONAL FORCE EXERT GRAVITY PAST
Weight = Gravitational Force = mass (m)× acceleration due to gravity(g). g = acceleration due to gravity for Earth (at sea level) = 9.8 ms –2.,WEIGHT GRAVITATIONAL FORCE MASS ACCELERATION G GRAVITY EARTH SEA LEVEL MS
Weight is a vector quantity.,WEIGHT VECTOR QUANTITY
Direction of weight is always towards the centre of the Earth.,DIRECTION WEIGHT ALWAYS CENTRE EARTH HABITUAL
SI unit of weight is newton (N).,SI UNIT WEIGHT NEWTON N
Weight of a body varies from one place to another place on the Earth since it depends on the acceleration due to gravity of the Earth (g) weight of a body is more at the poles than at the equatorial region.,IT REGION VARY WEIGHT BODY ONE PLACE EARTH DEPEND ACCELERATION GRAVITY G MORE POLE EQUATORIAL PRESENT
The value of acceleration due to gravity on the surface of the moon is 1.625 ms–2.,VALUE ACCELERATION GRAVITY SURFACE MOON
This is about 0.1654 times the acceleration due to gravity of the Earth.,TIME ACCELERATION GRAVITY EARTH
"If a person whose mass is 60 kg stands on the surface of Earth, his weight would be 588 N (W = mg = 60 × 9.8).",PERSON MASS KG STAND SURFACE EARTH WEIGHT N W MG PRESENT
"If the same person goes to the surface of the Moon, he would weigh only 97.5 N (W = 60 × 1.625).",HE N WEIGH SAME PERSON GO SURFACE MOON ONLY W PRESENT
"But, his mass remains the same (60 kg) on both the Earth and the Moon. 1.12 APPARENT WEIGHT The weight that you feel to possess during up and down motion, is not same as your actual weight.",YOU WEIGHT REMAIN MASS SAME KG EARTH MOON APPARENT FEEL POSSESS MOTION ACTUAL PRESENT NOT
Apparent weight is the weight of the body acquired due to the action of gravity and other external forces acting on the body.,APPARENT WEIGHT BODY ACQUIRE ACTION GRAVITY OTHER EXTERNAL FORCE ACT PAST
"Let us see this from the following illustration: Let us consider a person of mass m, who is travelling in lift.",WHO LIFT LET SEE FOLLOW ILLUSTRATION CONSIDER PERSON MASS M TRAVEL
"The actual weight of the person is W = mg, which is acting vertically downwards.",ACTUAL WEIGHT PERSON W MG ACT VERTICALLY DOWNWARDS
"The reaction force exerted by the lift’s surface ‘R’, taken as apparent weight is acting vertically upwards.",FORCE WEIGHT ACT REACTION EXERT LIFT SURFACE R TAKE APPARENT VERTICALLY UPWARDS PAST
"Let us see different possibilities of the apparent weight 'R' of the person that arise, depending on the motion of the lift; upwards or downwards which are given in Table 1.2 1.12.1 Weightlessness Have you gone to an amusement park and taken a ride in a roller coaster? or in a giant wheel?",YOU WHEEL GO LET SEE DIFFERENT POSSIBILITIES APPARENT WEIGHT R PERSON ARISE DEPEND MOTION LIFT UPWARDS DOWNWARDS GIVE TABLE WEIGHTLESSNESS AMUSEMENT PARK TAKE RIDE ROLLER COASTER GIANT PRESENT PAST WHICH
"During the fast downward and upward movement, how did you feel? mg R W Figure 1.10 A person in a moving lift 10th_Science_Unit-1.indd 10 12/3/2022 2:48:49 PM 11 Laws of motion Table 1.2 Apparent weight of a person in a moving lift Case 1: Lift is moving upward with an acceleration 'a' Case 2: Lift is moving downward with an acceleration 'a' Case 3: Lift is at rest.",LIFT REST FEEL FAST DOWNWARD UPWARD MOVEMENT MG R W FIGURE PERSON MOVE PM LAWS MOTION TABLE APPARENT WEIGHT CASE ACCELERATION
"Case 4: Lift is falling down freely R – W = Fnet = ma R = W + ma R = mg + ma R = m(g+a) W – R = Fnet = ma R = W - ma R = mg - ma R = m(g-a) Here, the acceleration is zero a = 0 R = W R= mg Here, the acceleration is equal to g a = g R = m(g – g) R > W R < W R = W R = 0 Apparent weight is greater than the actual weight.",WEIGHT FALL CASE LIFT FREELY R W FNET MA MG HERE ACCELERATION ZERO EQUAL G APPARENT GREATER ACTUAL
Apparent weight is lesser than the actual weight.,APPARENT WEIGHT LESSER ACTUAL
Apparent weight is equal to the actual weight.,APPARENT WEIGHT EQUAL ACTUAL
Apparent weight is equal to zero.,APPARENT WEIGHT EQUAL ZERO
Figure 1.11 Weightlessness in a roller coaster Its amazing!!.,FIGURE WEIGHTLESSNESS ROLLER COASTER AMAZE
You actually feel as if you are falling freely without having any weight.,YOU WEIGHT FEEL ACTUALLY FALL FREELY HAVE PRESENT
This is due to the phenomenon of ‘weightlessness’.,DUE PHENOMENON WEIGHTLESSNESS
You seem to have lost your weight when you move down with a certain acceleration.,YOU ACCELERATION SEEM LOSE WEIGHT MOVE CERTAIN PRESENT PAST
"Sometimes, you experience the same feeling while travelling in a lift.",YOU LIFT EXPERIENCE SOMETIMES SAME FEEL TRAVEL OCCASIONAL PRESENT
"When the person in a lift moves down with an acceleration (a) equal to the acceleration due to gravity (g), i.e., when a = g, this motion is called as ‘free fall’.",MOTION FALL CALL PERSON LIFT MOVE ACCELERATION EQUAL GRAVITY G FREE PRESENT PAST
"Here, the apparent weight (R = m (g – g) = 0) of the person is zero.",HERE APPARENT WEIGHT R M G PERSON ZERO
This condition or state refers to the state of weightlessness. (Refer case 4 from Table 1.2).,CONDITION TABLE REFER STATE WEIGHTLESSNESS CASE PRESENT
The same effect takes place while falling freely in a roller coaster or on a swing or in a vertical giant wheel.,EFFECT WHEEL TAKE SAME PLACE FALL FREELY ROLLER COASTER SWING VERTICAL GIANT PRESENT
You feel an apparent weight loss and weight gain when you are moving up and down in such rides. 1.12.2 Weightlessness of the astronauts Some of us believe that the astronauts in the orbiting spacestation do not experience any gravitational force of the Earth.,ASTRONAUT EARTH BELIEVE FEEL APPARENT WEIGHT LOSS GAIN MOVE UP DOWN SUCH RID WEIGHTLESSNESS ASTRONAUTS ORBIT SPACESTATION EXPERIENCE GRAVITATIONAL FORCE PRESENT NOT
So they float.,FLOAT PRESENT
But this is absolutely wrong.,ABSOLUTELY WRONG
Astronauts are not floating but falling freely around the earth due to their huge oribital velocity.,ASTRONAUT VELOCITY FLOAT ASTRONAUTS FALL FREELY EARTH HUGE ORIBITAL NOT
"Since spacestation and astronauts have equal acceleration, they are under free fall condition. (R = 0 refer case 4 in Table 1.2).",SPACESTATION ASTRONAUTS EQUAL ACCELERATION FREE FALL CONDITION R REFER CASE TABLE PRESENT
"Hence, both the astronauts and the spacestation are in the state of weightlessness.",HENCE ASTRONAUTS SPACESTATION STATE WEIGHTLESSNESS
Figure 1.12 Weightlessness of astronauts 10th_Science_Unit-1.indd 11 12/3/2022 2:48:49 PM 12 10th Standard Science 1.12.3 Application of Newton’s law of gravitation 1) Dimensions of the heavenly bodies can be measured using the gravitation law.,DIMENSION LAW MEASURE FIGURE WEIGHTLESSNESS ASTRONAUTS PM STANDARD SCIENCE APPLICATION NEWTON GRAVITATION HEAVENLY BODY USE PAST
"Mass of the Earth, radius of the Earth, acceleration due to gravity, etc. can be calculated with a higher accuracy. 2) Helps in discovering new stars and planets. 3) One of the irregularities in the motion of stars is called ‘Wobble’ lead to the disturbance in the motion of a planet nearby.",ONE PLANET CALL MASS EARTH RADIUS ACCELERATION GRAVITY CALCULATE HIGHER ACCURACY HELP DISCOVER NEW STAR PLANETS IRREGULARITIES MOTION WOBBLE LEAD DISTURBANCE NEARBY PAST PRESENT
In this condition the mass of the star can be calculated using the law of gravitation. 4) Helps to explain germination of roots is due to the property of geotropism which is the property of a root responding to the gravity. 5) Helps to predict the path of the astronomical bodies.,WHICH BODY HELP CONDITION MASS STAR CALCULATE USE LAW GRAVITATION EXPLAIN GERMINATION ROOT DUE PROPERTY GEOTROPISM RESPOND GRAVITY PREDICT PATH ASTRONOMICAL PAST PRESENT
Points to Remember Mechanics is divided into statics and dynamics.,POINT STATIC DIVIDE REMEMBER MECHANICS STATICS DYNAMICS PAST
Ability of a body to maintain its state of rest or motion is called Inertia.,ABILITY REST CALL BODY MAINTAIN STATE MOTION INERTIA PAST
Moment of the couple is measured by the product of any one of the forces and the perpendicular distance between two forces.,MOMENT FORCE MEASURE COUPLE PRODUCT ONE PERPENDICULAR DISTANCE TWO PAST
SI unit of force is newton (N).,SI UNIT FORCE NEWTON N
C.G.S unit is dyne.,UNIT DYNE
"When a force F acts on a body for a period of time t, then the product of force and time is known as ‘impulse’.",PRODUCT IMPULSE KNOW FORCE F ACT BODY PERIOD TIME T THEN PRESENT PAST
The unit of weight is newton or kg f The weight of a body is more at the poles than at the equatorial region.,UNIT WEIGHT NEWTON BODY MORE POLE EQUATORIAL REGION
Mass of a body is defined as the quantity of matter contained in the object.,MASS OBJECT DEFINE BODY QUANTITY MATTER CONTAIN PAST
Its SI unit is kilogram (kg).,SI UNIT KILOGRAM KG
Apparent weight is the weight of the body acquired due to the action of gravity and other external forces on the body.,APPARENT WEIGHT BODY ACQUIRE ACTION GRAVITY OTHER EXTERNAL FORCE PAST
"Whenever a body or a person falls freely under the action of Earth’s gravitational force alone, it appears to have zero weight.",IT WEIGHT APPEAR BODY PERSON FALL FREELY ACTION EARTH GRAVITATIONAL FORCE ALONE ZERO PRESENT
This state is referred to as ‘weightlessness’.,STATE WEIGHTLESSNESS REFER PAST
SOLVED PROBLEMS Problem-1: Calculate the velocity of a moving body of mass 5 kg whose linear momentum is 2.5 kg m s–1.,MOMENTUM S-–-1 CALCULATE SOLVE PROBLEMS VELOCITY MOVE BODY MASS KG LINEAR M
Solution: Linear momentum = mass × velocity Velocity = linear momentum / mass.,MOMENTUM VELOCITY = SOLUTION LINEAR MASS
"V = 2.5 / 5 = 0.5 ms–1 Problem 2: A door is pushed, at a point whose distance from the hinges is 90 cm, with a force of 40 N.",V PROBLEM DOOR PUSH POINT DISTANCE HINGE CM FORCE PAST
Calculate the moment of the force about the hinges.,CALCULATE MOMENT FORCE HINGE
Solution: Formula: The moment of a force M = F × d Given: F = 40 N and d = 90 cm = 0.9 m.,SOLUTION FORMULA MOMENT FORCE M F GIVE N D CM PAST
"Hence, moment of the force = 40 × 0.9 = 36 N m.",HENCE MOMENT FORCE N
Problem 3 : At what height from the centre of the Earth the acceleration due to gravity will be 1/4 th of its value as at the Earth.,PROBLEM HEIGHT CENTRE EARTH ACCELERATION GRAVITY VALUE
"Solution: Data: Height from the centre of the Earth, Rʹ = R + h The acceleration due to gravity at that height, gʹ = g/4 Formula: g = GM /R2, gʹ = GM /Rʹ2 g gʹ = Rʹ R 2 = R+h R 2 = 1 + h R 2 4 = 1 + h R 2, 2 = 1 + h R or h = R.",SOLUTION DATA HEIGHT CENTRE EARTH Rʹ R H ACCELERATION GRAVITY Gʹ FORMULA G GM
"Rʹ = 2R From the centre of the Earth, the object is placed at twice the radius of the earth. 10th_Science_Unit-1.indd 12 12/3/2022 2:48:49 PM 13 Laws of motion I.",OBJECT MOTION PLACE Rʹ CENTRE EARTH TWICE RADIUS PM LAWS PAST
Choose the correct answer 1) Inertia of a body depends on a) weight of the object b) acceleration due to gravity of the planet c) mass of the object d) Both a & b 2) Impulse is equals to a) rate of change of momentum b) rate of force and time c) change of momentum d) rate of change of mass 3) Newton’s III law is applicable a) for a body is at rest b) for a body in motion c) both a & b d) only for bodies with equal masses 4) Plotting a graph for momentum on the Y-axis and time on X-axis. slope of momen- tum-time graph gives a) Impulsive force b) Acceleration c) Force d) Rate of force 5) In which of the following sport the turning of effect of force used a) swimming b) tennis c) cycling d) hockey 6) The unit of ‘g’ is m s-2.,UNIT G USE CHOOSE CORRECT ANSWER INERTIA BODY DEPEND WEIGHT OBJECT B ACCELERATION GRAVITY PLANET C MASS IMPULSE EQUAL RATE CHANGE MOMENTUM FORCE TIME D NEWTON III LAW APPLICABLE REST MOTION ONLY PLOT GRAPH Y AXIS X SLOPE TUM GIVE IMPULSIVE FOLLOW SPORT TURN EFFECT SWIM TENNIS CYCLE HOCKEY PRESENT PAST
It can be also expressed as a) cms-1 b) Nkg-1 c) Nm2kg-1 d) cm2s-2 7) One kilogram force equals to a) 9.8 dyne b) 9.8 × 104 N c) 98 × 104 dyne d) 980 dyne 8) The mass of a body is measured on planet Earth as M kg.,MASS KG MEASURE ALSO EXPRESS C ONE KILOGRAM FORCE EQUAL DYNE B N BODY PLANET EARTH M PAST PRESENT
"When it is taken to a planet of radius half that of the Earth then its value will be____kg a) 4 M b) 2M c) M/4 d) M TEXTBOOK EVALUATION 9) If the Earth shrinks to 50% of its real radius its mass remaining the same, the weight of a body on the Earth will a) decrease by 50% b) increase by 50% c) decrease by 25% d) increase by 300% 10) To project the rockets which of the follow- ing principle(s) is /(are) required? a) Newton’s third law of motion b) Newton’s law of gravitation c) law of conservation of linear momentum d) both a and c II.",WHICH MOMENTUM REQUIRE TAKE PLANET RADIUS EARTH THEN VALUE M B C TEXTBOOK EVALUATION SHRINK REAL MASS REMAIN SAME WEIGHT BODY DECREASE INCREASE D PROJECT ROCKET ING NEWTON THIRD LAW MOTION GRAVITATION CONSERVATION LINEAR II PAST
Fill in the blanks 1.,FILL BLANK
To produce a displacement ___________ is required 2.,_ REQUIRE PRODUCE DISPLACEMENT PAST
Passengers lean forward when sudden brake is applied in a moving vehicle.,BRAKE VEHICLE LEAN PASSENGERS FORWARD SUDDEN APPLY MOVE PRESENT PAST
This can be explained by ___________ 3.,THIS _ EXPLAIN PAST
"By convention, the clockwise moments are taken as ___________ and the anticlockwise moments are taken as__________ 4. ___________ is used to change the speed of car. 5.",_ CAR TAKE CONVENTION CLOCKWISE MOMENTS ANTICLOCKWISE USE CHANGE SPEED PAST
A man of mass 100 kg has a weight of ___________ at the surface of the Earth III.,KG III HAVE MAN MASS WEIGHT SURFACE EARTH PRESENT
State whether the following statements are true or false.,STATE FOLLOW STATEMENTS TRUE FALSE
Correct the statement if it is false 1.,IT STATEMENT CORRECT FALSE
The linear momentum of a system of particles is always conserved. 2.,MOMENTUM PARTICLE CONSERVE LINEAR SYSTEM PARTICLES ALWAYS HABITUAL PAST
Apparent weight of a person is always equal to his actual weight 3.,APPARENT WEIGHT PERSON ALWAYS EQUAL ACTUAL HABITUAL
Weight of a body is greater at the equator and less at the polar region. 4.,WEIGHT BODY GREATER EQUATOR LESS POLAR REGION
Turning a nut with a spanner having a short handle is so easy than one with a long handle. 5.,TURN NUT SPANNER HAVE SHORT HANDLE EASY ONE LONG
There is no gravity in the orbiting space station around the Earth.,GRAVITY ORBIT SPACE STATION EARTH PRESENT NOT
So the astronauts feel weightlessness. 10th_Science_Unit-1.indd 13 12/3/2022 2:48:49 PM 14 10th Standard Science IV.,ASTRONAUTS FEEL WEIGHTLESSNESS PM STANDARD SCIENCE IV PRESENT
Match the following Column I Column II a.,MATCH FOLLOW COLUMN I II
Newton’s I law - propulsion of a rocket b.,NEWTON LAW PROPULSION ROCKET
Newton’s II law - Stable equilibrium of a body c.,NEWTON II LAW STABLE EQUILIBRIUM BODY
Newton’s III law - Law of force d.,NEWTON III LAW FORCE
Law of conservation of Linear momentum - Flying nature of bird V.,LAW CONSERVATION LINEAR MOMENTUM FLY NATURE BIRD
"Assertion & Reasoning Mark the correct choice as (a) If both the assertion and the reason are true and the reason is the correct explanation of assertion. (b) If both the assertion and the reason are true, but the reason is not the correct ex- planation of the assertion. (c) Assertion is true, but the reason is false. (d) Assertion is false, but the reason is true. 1.",ASSERTION REASON MARK CORRECT CHOICE TRUE EXPLANATION PLANATION C FALSE NOT
Assertion: The sum of the clockwise moments is equal to the sum of the anticlockwise moments.,ASSERTION SUM CLOCKWISE MOMENTS EQUAL ANTICLOCKWISE
Reason: The principle of conservation of momentum is valid if the external force on the system is zero. 2.,REASON PRINCIPLE CONSERVATION MOMENTUM VALID EXTERNAL FORCE SYSTEM ZERO
Assertion: The value of ‘g’ decreases as height and depth increases from the surface of the Earth.,ASSERTION VALUE G DECREASE HEIGHT DEPTH INCREASE SURFACE EARTH PRESENT
Reason: ‘g’ depends on the mass of the object and the Earth.,REASON G DEPEND MASS OBJECT EARTH PRESENT
VI.,VI
Answer briefly. 1.,ANSWER BRIEFLY
Define inertia.,DEFINE INERTIA
Give its classification. 2.,GIVE CLASSIFICATION
Classify the types of force based on their application. 3.,CLASSIFY TYPE FORCE BASE APPLICATION PAST
If a 5 N and a 15 N forces are acting opposite to one another.,N ONE ACT FORCE OPPOSITE
Find the resultant force and the direction of action of the resultant force 4.,FIND RESULTANT FORCE DIRECTION ACTION
Differentiate mass and weight. 5.,DIFFERENTIATE MASS WEIGHT
Define moment of a couple. 6.,DEFINE MOMENT COUPLE
State the principle of moments. 7.,STATE PRINCIPLE MOMENTS
State Newton’s second law. 8.,STATE NEWTON SECOND LAW
Why a spanner with a long handle is preferred to tighten screws in heavy vehicles? 9.,SPANNER VEHICLE PREFER LONG HANDLE TIGHTEN SCREW HEAVY VEHICLES PAST
While catching a cricket ball the fielder lowers his hands backwards.,FIELDER HAND CATCH CRICKET BALL LOWER BACKWARDS PRESENT
How does an astronaut float in a space shuttle?,ASTRONAUT SHUTTLE FLOAT SPACE HOW
VII.,VII
Solve the given problems 1.,SOLVE GIVE PROBLEMS PAST
"Two bodies have a mass ratio of 3:4 The force applied on the bigger mass produces an acceleration of 12 ms-2.What could be the acceleration of the other body, if the same force acts on it. 2.",FORCE IT HAVE TWO BODY MASS RATIO APPLY BIGGER PRODUCE ACCELERATION OTHER SAME ACT PRESENT PAST
A ball of mass 1 kg moving with a speed of 10 ms-1 rebounds after a perfect elastic collision with the floor.,BALL MASS KG MOVE SPEED REBOUND PERFECT ELASTIC COLLISION FLOOR
Calculate the change in linear momentum of the ball. 3.,CALCULATE CHANGE LINEAR MOMENTUM BALL
A mechanic unscrew a nut by applying a force of 140 N with a spanner of length 40 cm.,MECHANIC UNSCREW NUT APPLY FORCE N SPANNER LENGTH CM
What should be the length of the spanner if a force of 40 N is applied to unscrew the same nut? 4.,LENGTH SPANNER FORCE N APPLY UNSCREW SAME NUT PAST
The ratio of masses of two planets is 2:3 and the ratio of their radii is 4:7 Find the ratio of their accelerations due to gravity.,RATIO MASS TWO PLANETS RADII FIND ACCELERATIONS GRAVITY
VIII.,VIII
Answer in detail. 1.,ANSWER DETAIL
What are the types of inertia?,TYPE INERTIA WHAT
Give an example for each type. 2.,GIVE EXAMPLE TYPE
State Newton’s laws of motion? 3.,STATE NEWTON LAWS MOTION
Deduce the equation of a force using Newton’s second law of motion. 4.,DEDUCE EQUATION FORCE USE NEWTON SECOND LAW MOTION
State and prove the law of conservation of linear momentum. 5.,STATE PROVE LAW CONSERVATION LINEAR MOMENTUM
Describe rocket propulsion. 6.,DESCRIBE ROCKET PROPULSION
State the universal law of gravitation and derive its mathematical expression 7.,STATE UNIVERSAL LAW GRAVITATION DERIVE MATHEMATICAL EXPRESSION
Give the applications of universal law gravitation. 10th_Science_Unit-1.indd 14 12/3/2022 2:48:49 PM 15 Laws of motion IX.,GIVE APPLICATIONS UNIVERSAL LAW GRAVITATION PM LAWS MOTION IX
HOT Questions 1.,HOT QUESTION
Two blocks of masses 8 kg and 2 kg respectively lie on a smooth horizontal surface in contact with one other.,BLOCK OTHER LIE TWO MASS KG RESPECTIVELY SMOOTH HORIZONTAL SURFACE CONTACT ONE PRESENT
They are pushed by a horizontally applied force of 15 N.,THEY 15 PUSH HORIZONTALLY APPLY FORCE PAST
Calculate the force exerted on the 2 kg mass. 2.,CALCULATE FORCE EXERT MASS PAST
A heavy truck and bike are moving with the same kinetic energy.,TRUCK ENERGY MOVE HEAVY BIKE SAME KINETIC
"If the mass of the truck is four times that of the bike, then calculate the ratio of their momenta. (Ratio of momenta = 2:1 3. “Wearing helmet and fastening the seat belt is highly recommended for safe journey” Justify your answer using Newton’s laws of motion.",WEAR MOTION JUSTIFY MASS TRUCK FOUR TIME BIKE THEN CALCULATE RATIO MOMENTA HELMET FASTEN SEAT BELT HIGHLY RECOMMEND SAFE JOURNEY ANSWER USE NEWTON LAWS PAST
REFERENCE BOOKS Concept of physics-HC verma Interactive physics(Newton’s law)MTG learning.,REFERENCE BOOK CONCEPT PHYSICS HC VERMA INTERACTIVE LEARN
INTERNET RESOURCES https://www.grc.nasa.gov https://www.physicsclassroom.com https://www.britannica.com/science/ Newtons-law-of-gravitation Kinematics Statics Dynamics Aristotle Gallieo Issac newton First law of motion Inertia and its types Second law of motion Momentum and force Mass and weight Third law of motion Apparent weight Weightlessness Gravitation Universal law of gravitation Variation of g Concept Map Link: http://amrita.olabs.edu.in/?sub=1&brch=1&sim=44&cnt=4 ICT CORNER Newton’s second law • Open the browser and type “olabs.edu.in” in the address bar.,LAW BAR OPEN INTERNET RESOURCES NEWTONS GRAVITATION KINEMATICS STATICS DYNAMICS ARISTOTLE GALLIEO ISSAC NEWTON FIRST MOTION INERTIA TYPE SECOND MOMENTUM FORCE MASS WEIGHT THIRD APPARENT WEIGHTLESSNESS UNIVERSAL VARIATION G CONCEPT MAP LINK ICT CORNER BROWSER ADDRESS PAST
Click physics tab and then click “Newton’s second ” under class 9 section.,CLICK PHYSICS TAB THEN NEWTON SECOND CLASS SECTION
Go to “simulator” tab to do the experiment. • Select the desired Cart mass (M1) and vertical mass (M2) using respective slider.,GO SIMULATOR TAB EXPERIMENT SELECT DESIRE CART MASS VERTICAL USE RESPECTIVE SLIDER PAST
Also select the desired distance (s) by moving the slider.,ALSO SELECT DESIRE DISTANCE S MOVE SLIDER PAST
Click on the “Start” button to start the experiment. • Observe the time and note it down.,CLICK START BUTTON EXPERIMENT OBSERVE TIME NOTE
Calculate acceleration (a) of the cart using the formula a = 2s/t2.,CALCULATE ACCELERATION CART USE FORMULA
Find the fore due to rate of change of momentum using (M1+M2) a. • Calculate force F = M2 g. • You will observe (M1+M2)a = M2 g .,YOU G OBSERVE FIND FORE DUE RATE CHANGE MOMENTUM USE CALCULATE FORCE F
Hence Newton’s Second Law is verified.,HENCE NEWTON SECOND LAW VERIFY PAST
Repeat the experiment with different masses.,REPEAT EXPERIMENT DIFFERENT MASS
"Also do this in different environment like Earth, Moon, Uranus and Jupiter.",ALSO DIFFERENT ENVIRONMENT EARTH MOON URANUS JUPITER
Click reset to restart the experiment.,CLICK RESET RESTART EXPERIMENT
Steps 10th_Science_Unit-1.indd 15 12/3/2022 2:48:50 PM 16 10th Standard Science INTRODUCTION Light is a form of energy which travels in the form of waves.,STEP PM STANDARD SCIENCE INTRODUCTION LIGHT FORM ENERGY TRAVEL WAVE PRESENT
The path of light is called ray of light and group of these rays are called as beam of light.,RAY LIGHT CALL PATH GROUP BEAM PAST
Any object which gives out light are termed as source of light.,WHICH LIGHT TERM OBJECT GIVE SOURCE PRESENT PAST
Some of the sources emit their own light and they are called as luminous objects.,THEY OBJECT EMIT SOURCE OWN LIGHT CALL LUMINOUS PRESENT PAST
"All the stars, including the Sun, are examples for luminous objects.",STAR INCLUDE SUN EXAMPLES LUMINOUS OBJECT
We all know that we are able to see objects with the help of our eyes.,WE EYE KNOW ABLE SEE OBJECT HELP PRESENT
"But, we cannot see any object in a dark room.",WE ROOM SEE OBJECT DARK NOT
Can you explain why?,EXPLAIN WHY
"If your answer is ‘we need light to see objects’, the next question is ‘if you make the light from a torch to fall on your eyes, will you be able to see the objects?’ Definitely, ‘NO’.",ANSWER NEED LIGHT SEE OBJECT NEXT QUESTION MAKE TORCH FALL EYE ABLE DEFINITELY NO PRESENT NOT
We can see the objects only when the light is made to fall on the objects and the light reflected from the objects is viewed by our eyes.,LIGHT EYE SEE OBJECT ONLY MAKE FALL REFLECT VIEW PAST
You would have studied about the reflection and refraction of light elaborately in your previous classes.,YOU CLASS STUDY REFLECTION REFRACTION LIGHT ELABORATELY PREVIOUS PAST
"In this chapter, we shall discuss about the scattering of light, images formed by convex and concave lenses, human eye and optical instruments such as telescopes and microscopes. 2.1 PROPERTIES OF LIGHT Let us recall the properties of light and the important aspects on refraction of light. 1.",WE LIGHT LET CHAPTER DISCUSS SCATTER IMAGE FORM CONVEX CONCAVE LENSES HUMAN EYE OPTICAL INSTRUMENT SUCH TELESCOPE MICROSCOPES PROPERTIES RECALL IMPORTANT ASPECTS REFRACTION PAST
Light is a form of energy. 2.,LIGHT FORM ENERGY
Light always travels along a straight line. 3.,LIGHT LINE TRAVEL ALWAYS STRAIGHT HABITUAL PRESENT
Light does not need any medium for its propagation.,LIGHT PROPAGATION NEED MEDIUM NOT
It can even travel through vacuum. 4.,IT VACUUM TRAVEL EVEN
"The speed of light in vacuum or air is, c = 3 × 108 ms–1. 5.",SPEED LIGHT VACUUM AIR
"Since, light is in the form of waves, it is characterized by a wavelength (λ) and a frequency (ν), which are related by the following equation: c = ν λ (c - velocity of light).",WHICH LIGHT CHARACTERIZE FORM WAVE WAVELENGTH FREQUENCY Ν RELATE FOLLOW EQUATION C VELOCITY PAST
"Learning Objectives At the end of this lesson, students will be able to: state the laws of refraction. list the properties of light. explain the scattering of light and its various kinds. understand the images formed by concave and convex lens. analyze the ray diagram of concave and convex lens. understand the working of human eye and optical instruments solve numerical problems 17 Optics 6.",WORK PROBLEM UNDERSTAND LEARN OBJECTIVES END LESSON STUDENTS ABLE STATE LAWS REFRACTION LIST PROPERTIES LIGHT EXPLAIN SCATTER VARIOUS KINDS IMAGE FORM CONCAVE CONVEX LENS ANALYZE RAY DIAGRAM HUMAN EYE OPTICAL INSTRUMENT SOLVE NUMERICAL PROBLEMS OPTICS PRESENT PAST
Different coloured light has different wavelength and frequency. 7.,LIGHT WAVELENGTH HAVE DIFFERENT COLOUR FREQUENCY PRESENT
"Among the visible light, violet light has the lowest wavelength and red light has the highest wavelength. 8.",WAVELENGTH HAVE VISIBLE LIGHT VIOLET LOWEST RED HIGHEST PRESENT
"When light is incident on the interface between two media, it is partly reflected and partly refracted. 2.2 REFRACTION OF LIGHT When a ray of light travels from one transparent medium into another obliquely, the path of the light undergoes deviation.",IT DEVIATION REFLECT LIGHT INCIDENT INTERFACE TWO MEDIA PARTLY REFRACT REFRACTION RAY TRAVEL ONE TRANSPARENT MEDIUM OBLIQUELY PATH UNDERGO PAST
This deviation of ray of light is called refraction.,DEVIATION LIGHT CALL RAY REFRACTION PAST
Refraction takes place due to the difference in the velocity of light in different media.,REFRACTION MEDIUM TAKE PLACE DIFFERENCE VELOCITY LIGHT DIFFERENT MEDIA PRESENT
The velocity of light is more in a rarer medium and less in a denser medium.,VELOCITY LIGHT MORE RARER MEDIUM LESS DENSER
"Refraction of light obeys two laws of refraction. 2.2.1 First law of refraction: The incident ray, the refracted ray of light and the normal to the refracting surface all lie in the same plane. 2.2.2 Second law of refraction: The ratio of the sine of the angle of incidence and sine of the angle of refraction is equal to the ratio of refractive indices of the two media.",RATIO MEDIUM OBEY REFRACTION LIGHT TWO LAWS FIRST LAW INCIDENT RAY REFRACT NORMAL SURFACE LIE SAME PLANE SECOND SINE ANGLE INCIDENCE EQUAL REFRACTIVE INDICES MEDIA PRESENT PAST
This law is also known as Snell’s law. 2 sin i sin r . . . . . . . . . . . (2.1) Refractive index gives us an idea of how fast or how slow light travels in a medium.,INDEX MEDIUM GIVE LAW ALSO KNOW SNELL SIN R REFRACTIVE IDEA FAST SLOW LIGHT TRAVEL PAST PRESENT
The ratio of speed of light in vacuum (c) to the speed of light in a medium (v) is defined as refractive index ‘m’ of that medium. m = c v The speed of light in a medium is low if the refractive index of the medium is high and vice versa.,INDEX MEDIUM DEFINE RATIO SPEED LIGHT VACUUM C V REFRACTIVE M LOW HIGH VICE VERSA PAST
"When light travels from a denser medium into a rarer medium, the refracted ray is bent away from the normal drawn to the interface.",LIGHT TRAVEL DENSER MEDIUM RARER REFRACT RAY BEND AWAY NORMAL DRAW INTERFACE PRESENT PAST
"When light travels from a rarer medium into a denser medium, the refracted ray is bent towards the normal drawn to the interface. 2.3 REFRACTION OF A COMPOSITE LIGHT- DISPERSION OF LIGHT We know that Sun is the fundamental and natural source of light.",SUN LIGHT KNOW TRAVEL RARER MEDIUM DENSER REFRACT RAY BEND NORMAL DRAW INTERFACE REFRACTION COMPOSITE DISPERSION FUNDAMENTAL NATURAL SOURCE PRESENT PAST
"If a source of light produces a light of single colour, it is known as a monochromatic source.",IT SOURCE KNOW LIGHT PRODUCE SINGLE COLOUR MONOCHROMATIC PRESENT PAST
"On the other hand, a composite source of light produces a white light which contains light of different colours.",WHICH COLOUR PRODUCE OTHER HAND COMPOSITE SOURCE LIGHT WHITE CONTAIN DIFFERENT PRESENT
Sun light is a composite light which consists of light of various colours or wavelengths.,SUN LIGHT COMPOSITE CONSIST VARIOUS COLOUR WAVELENGTHS PRESENT
Another example for a composite source is a mercury vapour lamp.,EXAMPLE COMPOSITE SOURCE MERCURY VAPOUR LAMP
What do you observe when a white light is refracted through a glass prism?,LIGHT PRISM OBSERVE WHITE REFRACT GLASS PAST WHAT
"When a beam of white light or composite light is refracted through any transparent media such as glass or water, it is split into its component colours.",IT COLOUR SPLIT BEAM WHITE LIGHT COMPOSITE REFRACT TRANSPARENT MEDIA SUCH GLASS WATER COMPONENT PAST
This phenomenon is called as ‘dispersion of light’.,PHENOMENON LIGHT CALL DISPERSION PAST
The band of colours is termed as spectrum.,BAND SPECTRUM TERM COLOUR PAST
"This spectrum consists of following colours: Violet, Indigo, Blue, Green, Yellow, Orange, and Red.",SPECTRUM COLOUR CONSIST FOLLOW VIOLET INDIGO BLUE GREEN YELLOW ORANGE RED PRESENT
These colours are represented by the acronym “VIBGYOR”.,COLOUR VIBGYOR REPRESENT ACRONYM PAST
Why do we get the spectrum when white light is refracted by a transparent medium?,LIGHT MEDIUM GET SPECTRUM WHITE REFRACT TRANSPARENT PAST WHY
"This is because, different coloured lights are bent through different angles.",DIFFERENT COLOUR LIGHT BEND ANGLE
That is the angle of refraction is different for different colours.,ANGLE REFRACTION DIFFERENT COLOUR
Angle of refraction is the smallest for red and the highest for violet.,ANGLE REFRACTION SMALLEST RED HIGHEST VIOLET
"From Snell’s law, we know that the angle of refraction is determined in terms of the refractive index of the medium.",ANGLE MEDIUM KNOW SNELL LAW REFRACTION DETERMINE TERM REFRACTIVE INDEX PRESENT PAST
"Hence, the refractive index of the medium is different for different coloured lights.",HENCE REFRACTIVE INDEX MEDIUM DIFFERENT COLOUR LIGHT
"This indicates that the refractive index of a medium is dependent on the wavelength of the light. 10th_Science_Unit-2.indd 17 12/2/2022 4:59:15 PM 18 10th Standard Science 2.4 SCATTERING OF LIGHT When sunlight enters the Earth’s atmosphere, the atoms and molecules of different gases present in the atmosphere refract the light in all possible directions.",ATOM DIRECTION REFRACT INDICATE REFRACTIVE INDEX MEDIUM DEPENDENT WAVELENGTH LIGHT PM STANDARD SCIENCE SCATTER SUNLIGHT ENTER EARTH ATMOSPHERE ATOMS MOLECULES DIFFERENT GAS PRESENT POSSIBLE DIRECTIONS
This is called as ‘Scattering of light’.,THIS LIGHT CALL SCATTER PAST
"In this phenomenon, the beam of light is redirected in all directions when it interacts with a particle of medium.",IT MEDIUM REDIRECT PHENOMENON BEAM LIGHT DIRECTIONS INTERACT PARTICLE PAST PRESENT
The interacting particle of the medium is called as ‘scatterer’.,PARTICLE MEDIUM CALL INTERACT SCATTERER PAST
"Figure 2.1 Scattering of light 2.4.1 Types of scattering When a beam of light, interacts with a constituent particle of the medium, it undergoes many kinds of scattering.",IT SCATTER UNDERGO FIGURE LIGHT TYPE BEAM INTERACT CONSTITUENT PARTICLE MEDIUM MANY KINDS PRESENT
"Based on initial and final energy of the light beam, scattering can be classified as, 1) Elastic scattering 2) Inelastic scattering 1) Elastic scattering If the energy of the incident beam of light and the scattered beam of light are same, then it is called as ‘elastic scattering’. 2) Inelastic scattering If the energy of the incident beam of light and the scattered beam of light are not same, then it is called as ‘inelastic scattering’.",IT SCATTER CALL BASE INITIAL FINAL ENERGY LIGHT BEAM CLASSIFY ELASTIC INELASTIC INCIDENT SAME THEN PAST NOT
The nature and size of the scatterer results in different types of scattering.,NATURE SIZE SCATTERER RESULT DIFFERENT TYPE SCATTER
They are • Rayleigh scattering • Mie scattering • Tyndall scattering • Raman scattering Rayleigh scattering The scattering of sunlight by the atoms or molecules of the gases in the earth’s atmosphere is known as Rayleigh scattering.,RAYLEIGH SCATTER MIE TYNDALL RAMAN SUNLIGHT ATOMS MOLECULES GAS EARTH ATMOSPHERE KNOW PAST
"Rayleigh’s scattering law Rayleigh’s scattering law states that, “The amount of scattering of light is inversely proportional to the fourth power of its wavelength”.",AMOUNT WAVELENGTH STATE RAYLEIGH SCATTER LAW LIGHT INVERSELY PROPORTIONAL FOURTH POWER PRESENT
"Amount of scattering ‘S’ ∝ 1 λ4 According to this law, the shorter wavelength colours are scattered much more than the longer wavelength colours.",WAVELENGTH COLOUR SCATTER AMOUNT ACCORD LAW SHORTER MUCH MORE LONGER PAST
"When sunlight passes through the atmosphere, the blue colour (shorter wavelength) is scattered to a greater extent than the red colour (longer wavelength).",COLOUR SCATTER SUNLIGHT PASS ATMOSPHERE BLUE SHORTER WAVELENGTH GREATER EXTENT RED LONGER PRESENT PAST
This scattering causes the sky to appear in blue colour.,SKY COLOUR CAUSE SCATTER APPEAR BLUE PRESENT
"At sunrise and sunset, the light rays from the Sun have to travel a larger distance in the atmosphere than at noon.",RAY NOON HAVE SUNRISE SUNSET LIGHT SUN TRAVEL LARGER DISTANCE ATMOSPHERE PRESENT
"Hence, most of the blue lights are scattered away and only the red light which gets least scattered reaches us.",WHICH WE SCATTER HENCE MOST BLUE LIGHT AWAY ONLY RED LEAST REACH PAST PRESENT
"Therefore, the colour of the Sun is red at sunrise and sunset.",THEREFORE COLOUR SUN RED SUNRISE SUNSET
Mie scattering Mie scattering takes place when the diameter of the scatterer is similar to or larger than the wavelength of the incident light.,DIAMETER LIGHT TAKE MIE SCATTER PLACE SCATTERER SIMILAR LARGER WAVELENGTH INCIDENT PRESENT
It is also an elastic scattering.,ALSO ELASTIC SCATTER
The amount of scattering is independent of wave length.,AMOUNT SCATTER INDEPENDENT WAVE LENGTH
"Mie scattering is caused by pollen, dust, smoke, water droplets, and other particles in the lower portion of the atmosphere.",MIE ATMOSPHERE CAUSE SCATTER POLLEN DUST SMOKE WATER DROPLETS OTHER PARTICLES LOWER PORTION PAST
Mie scattering is responsible for the white appearance of the clouds.,MIE SCATTER RESPONSIBLE WHITE APPEARANCE CLOUD
"When white light falls on the water drop, all the colours are equally scattered which together form the white light. 10th_Science_Unit-2.indd 18 12/2/2022 4:59:15 PM 19 Optics Tyndall Scattering When a beam of sunlight, enters into a dusty room through a window, then its path becomes visible to us.",PATH WE BECOME WHITE LIGHT FALL WATER DROP COLOUR EQUALLY SCATTER TOGETHER FORM PM OPTICS TYNDALL BEAM SUNLIGHT ENTER DUSTY ROOM WINDOW THEN VISIBLE PRESENT PAST
"This is because, the tiny dust particles present in the air of the room scatter the beam of light.",TINY DUST PARTICLES PRESENT AIR ROOM SCATTER BEAM LIGHT
This is an example of Tyndall Scattering The scattering of light rays by the colloidal particles in the colloidal solution is called Tyndall Scattering or Tyndall Effect.,EXAMPLE TYNDALL SCATTER LIGHT RAY COLLOIDAL PARTICLES SOLUTION CALL EFFECT PAST
Do you Know Colloid is a microscopically small substance that is equally dispersed throughout another material.,THAT MATERIAL KNOW COLLOID MICROSCOPICALLY SMALL SUBSTANCE EQUALLY DISPERSE PAST
"Example: Milk, Ice cream, muddy water, smoke Raman scattering When a parallel beam of monochromatic (single coloured ) light passes through a gas or liquid or transparent solid, a part of light rays are scattered.",EXAMPLE MILK ICE CREAM MUDDY WATER SMOKE RAMAN SCATTER PARALLEL BEAM MONOCHROMATIC SINGLE COLOUR LIGHT PASS GAS LIQUID TRANSPARENT SOLID PART RAY PRESENT PAST
The scattered light contains some additional frequencies (or wavelengths) other than that of incident frequency (or wavelength).,LIGHT FREQUENCY CONTAIN SCATTER ADDITIONAL FREQUENCIES WAVELENGTHS OTHER INCIDENT WAVELENGTH PRESENT
This is known as Raman scattering or Raman Effect.,THIS SCATTER KNOW RAMAN EFFECT PAST
"Raman Scattering is defined as “The interaction of light ray with the particles of pure liquids or transparent solids, which leads to a change in wavelength or frequency.” The spectral lines having frequency equal to the incident ray frequency is called ‘Rayleigh line’ and the spectral lines which are having frequencies other than the incident ray frequency are called ‘Raman lines’.",WHICH FREQUENCY CALL RAMAN SCATTER DEFINE INTERACTION LIGHT RAY PARTICLES PURE LIQUIDS TRANSPARENT SOLIDS LEAD CHANGE WAVELENGTH SPECTRAL LINE HAVE EQUAL INCIDENT RAYLEIGH FREQUENCIES OTHER PAST PRESENT
The lines having frequencies lower than the incident frequency is called stokes lines and the lines having frequencies higher than the incident frequency are called Antistokes lines.,LINE FREQUENCY CALL HAVE FREQUENCIES LOWER INCIDENT STOKE HIGHER ANTISTOKES PAST
You will study more about Raman Effect in higher classes. 2.5 LENSES A lens is an optically transparent medium bounded by two spherical refracting surfaces or one plane and one spherical surface.,LENSE SURFACE STUDY MORE RAMAN EFFECT HIGHER CLASS LENSES LENS OPTICALLY TRANSPARENT MEDIUM BOUND TWO SPHERICAL REFRACT ONE PLANE PAST
Lens is basically classified into two types.,LENS TYPE CLASSIFY BASICALLY TWO PAST
They are: (i) Convex Lens (ii) Concave Lens (i) Convex or bi-convex lens: It is a lens bounded by two spherical surfaces such that it is thicker at the centre than at the edges.,I CONVEX LENS II CONCAVE BI BOUND TWO SPHERICAL SURFACE SUCH THICKER CENTRE EDGE PAST
"A beam of light passing through it, is converged to a point.",BEAM POINT CONVERGE LIGHT PASS PAST
"So, a convex lens is also called as converging lens. (ii) Concave or bi-concave Lens: It is a lens bounded by two spherical surfaces such that it is thinner at the centre than at the edges.",IT EDGE CALL CONVEX LENS ALSO CONVERGE II CONCAVE BI BOUND TWO SPHERICAL SURFACE SUCH THINNER CENTRE PAST
"A parallel beam of light passing through it, is diverged or spread out.",BEAM IT DIVERGE PARALLEL LIGHT PASS SPREAD PAST
"So, a concave lens is also called as diverging lens. 2.5.1 Other types of Lenses Plano-convex lens: If one of the faces of a bi-convex lens is plane, it is known as a plano- convex lens.",IT LEN KNOW CONCAVE LENS ALSO CALL DIVERGE OTHER TYPE LENSES PLANO CONVEX ONE FACE BI PLANE PAST
"Plano-concave lens: If one of the faces of a bi-concave lens is plane, it is known as a plano-concave lens.",IT LENS KNOW PLANO CONCAVE ONE FACE BI PLANE PAST
"All these lenses are shown in Figure 2.2 given below: Figure 2.2 Types of lenses 10th_Science_Unit-2.indd 19 12/2/2022 4:59:15 PM 20 10th Standard Science 2.6 IMAGES FORMED DUE TO REFRACTION THROUGH A CONVEX AND CONCAVE LENS When an object is placed in front of a lens, the light rays from the object fall on the lens.",RAY LENS FALL LENSES SHOW FIGURE GIVE BELOW TYPE PM STANDARD SCIENCE IMAGE FORM DUE REFRACTION CONVEX CONCAVE OBJECT PLACE FRONT LIGHT PAST PRESENT
"The position, size and nature of the image formed can be understood only if we know certain basic rules.",WE RULE UNDERSTAND POSITION SIZE NATURE IMAGE FORM ONLY KNOW CERTAIN BASIC PAST PRESENT
"Rule-1: When a ray of light strikes the convex or concave lens obliquely at its optical centre, it continues to follow its path without any deviation (Figure 2.3).",IT DEVIATION CONTINUE RAY LIGHT STRIKE CONVEX CONCAVE LENS OBLIQUELY OPTICAL CENTRE FOLLOW PATH FIGURE PRESENT
"Figure 2.3 Rays passing through the optical centre Rule-2: When rays parallel to the principal axis strikes a convex or concave lens, the refracted rays are converged to (convex lens) or appear to diverge from (concave lens) the principal focus (Figure 2.4).",RAY LENS CONVERGE FIGURE PASS OPTICAL CENTRE PARALLEL PRINCIPAL AXIS STRIKE CONVEX CONCAVE REFRACT APPEAR DIVERGE FOCUS PRESENT PAST
"Figure 2.4 Rays passing parallel to the optic axis Rule-3: When a ray passing through (convex lens) or directed towards (concave lens) the principal focus strikes a convex or concave lens, the refracted ray will be parallel to the principal axis (Figure 2.5).",RAY AXIS FIGURE PASS PARALLEL OPTIC CONVEX LENS DIRECT CONCAVE PRINCIPAL FOCUS STRIKE REFRACT PAST PRESENT
Figure 2.5 Rays passing through or directed towards the principal focus 2.7 REFRACTION THROUGH A CONVEX LENS Let us discuss the formation of images by a convex lens when the object is placed at various positions.,OBJECT POSITION LET FIGURE RAY PASS THROUGH DIRECT PRINCIPAL FOCUS REFRACTION CONVEX LENS DISCUSS FORMATION IMAGE PLACE VARIOUS PAST PRESENT
"Object at infinity When an object is placed at infinity, a real image is formed at the principal focus.",IMAGE FOCUS FORM OBJECT INFINITY PLACE REAL PRINCIPAL PAST
"The size of the image is much smaller than that of the object (Figure 2.6). 21 Optics Figure.2.8 Object placed at C 22 10th Standard Science Object anywhere on the principal axis at a finite distance When an object is placed at a finite distance from the lens, a virtual image is formed between optical center and focus of the concave lens.",IMAGE LENS FORM SIZE MUCH SMALLER OBJECT FIGURE OPTICS PLACE C STANDARD SCIENCE ANYWHERE PRINCIPAL AXIS FINITE DISTANCE VIRTUAL OPTICAL CENTER FOCUS CONCAVE PAST
The size of the image is smaller than that of the object (Figure 2.13). 23 Optics height of an object.,SIZE IMAGE SMALLER OBJECT FIGURE OPTICS HEIGHT
Magnification is denoted by the letter ‘m’.,MAGNIFICATION LETTER DENOTE M PAST
"If height of the object is h and height of the image is h´, the magnification produced by lens is, m = height of the image height of the object = h' h …… (2.3) Also it is related to the distance of the object (u) and the distance of the image (v) as follows: m = Distance of the image Distance of the object = v u …… (2.4) If the magnification is greater than 1, then we get an enlarged image.",WE IMAGE GET HEIGHT OBJECT H MAGNIFICATION PRODUCE LENS M ALSO RELATE DISTANCE U V FOLLOW GREATER THEN ENLARGE PAST PRESENT
"On the other hand, if the magnification is less than 1, then we get a diminished image. 2.14 LENS MAKER’S FORMULA All lenses are made up of transparent materials.",LENSE MATERIAL GET OTHER HAND MAGNIFICATION LESS THEN DIMINISH IMAGE LENS MAKER FORMULA LENSES MAKE TRANSPARENT MATERIALS PRESENT PAST
Any optically transparent material will have a refractive index.,MATERIAL INDEX HAVE OPTICALLY TRANSPARENT REFRACTIVE
The lens formula relates the focal length of a lens with the distance of object and image.,FORMULA OBJECT RELATE LENS FOCAL LENGTH DISTANCE IMAGE PRESENT
"For a maker of any lens, knowledge of radii of curvature of the lens is required.",KNOWLEDGE LENS REQUIRE MAKER RADII CURVATURE PAST
"This clearly indicates the need for an equation relating the radii of curvature of the lens, the refractive index of the given material of the lens and the required focal length of the lens.",THIS LENS INDICATE CLEARLY NEED EQUATION RELATE RADII CURVATURE REFRACTIVE INDEX GIVE MATERIAL REQUIRE FOCAL LENGTH PRESENT PAST
The lens maker’s formula is one such equation.,LENS MAKER FORMULA ONE SUCH EQUATION
"It is given as 1 f = (µ − 1) 1 R1 − 1 R2 . . . . . . . . .(2.5) where µ is the refractive index of the material of the lens; R1 and R2 are the radii of curvature of the two faces of the lens; f is the focal length of the lens. 2.15 POWER OF A LENS When a ray of light falls on a lens, the ability to converge or diverge these light rays depends on the focal length of the lens.",ABILITY LENS DEPEND GIVE F Μ REFRACTIVE INDEX MATERIAL RADII CURVATURE TWO FACE FOCAL LENGTH POWER RAY LIGHT FALL CONVERGE DIVERGE PAST PRESENT
This ability of a lens to converge (convex lens) or diverge (concave lens) is called as its power.,ABILITY POWER CALL LENS CONVERGE CONVEX DIVERGE CONCAVE PAST
"Hence, the power of a lens can be defined as the degree of convergence or divergence of light rays.",POWER RAY DEFINE HENCE LENS DEGREE CONVERGENCE DIVERGENCE LIGHT PAST
Power of a lens is numerically defined as the reciprocal of its focal length.,POWER LENGTH DEFINE LENS NUMERICALLY RECIPROCAL FOCAL PAST
P = 1 f . . . . . . . . . . . . . . .(2.6) The SI unit of power of a lens is dioptre.,P SI UNIT POWER LENS DIOPTRE
It is represented by the symbol D.,IT SYMBOL REPRESENT PAST
"If focal length is expressed in ‘m’, then the power of lens is expressed in ‘D’.",POWER D EXPRESS FOCAL LENGTH M THEN LENS PAST
"Thus 1D is the power of a lens, whose focal length is 1metre. 1D = 1m-1.",THUS POWER LENS FOCAL LENGTH
"By convention, the power of a convex lens is taken as positive whereas the power of a concave lens is taken, as negative.",POWER LENS TAKE CONVENTION CONVEX POSITIVE CONCAVE AS NEGATIVE PAST
More to Know The lens formula and lens maker’s formula are applicable to only thin lenses.,MORE KNOW LENS FORMULA MAKER APPLICABLE ONLY THIN LENSES
"In the case of thick lenses, these formulae with little modifications are used.",FORMULAE MODIFICATION USE CASE THICK LENSES LITTLE MODIFICATIONS PAST
Table 2.1 Differences between a Convex Lens and a Concave Lens S.,TABLE DIFFERENCES CONVEX LENS CONCAVE
No Convex Lens Concave Lens 1 A convex lens is thicker in the middle than at edges.,CONVEX LENS CONCAVE THICKER MIDDLE EDGE NOT
A concave lens is thinner in the middle than at edges. 2 It is a converging lens.,CONCAVE LENS THINNER MIDDLE EDGE CONVERGE
It is a diverging lens. 3 It produces mostly real images.,IT IMAGE PRODUCE DIVERGE LENS MOSTLY REAL PRESENT
It produces virtual images. 4 It is used to treat hypermeteropia.,IT HYPERMETEROPIA USE PRODUCE VIRTUAL IMAGE TREAT PRESENT PAST
It is used to treat myopia. 10th_Science_Unit-2.indd 23 12/2/2022 4:59:16 PM 24 10th Standard Science 2.16 HUMAN EYE The human eyes are most valuable and sensitive organs responsible for vision.,EYE VISION USE TREAT MYOPIA PM STANDARD SCIENCE HUMAN MOST VALUABLE SENSITIVE ORGANS RESPONSIBLE PAST
They are the gateway to the wonderful world.,GATEWAY WONDERFUL WORLD
Structure of the eye The eye ball is approximately spherical in shape with a diameter of about 2.3 cm.,STRUCTURE EYE BALL APPROXIMATELY SPHERICAL SHAPE DIAMETER CM
"It consists of a tough membrane called sclera, which protects the internal parts of the eye.",WHICH EYE CONSIST TOUGH MEMBRANE CALL SCLERA PROTECT INTERNAL PART PRESENT PAST
Important parts of human eye are Cornea: This is the thin and transparent layer on the front surface of the eyeball as shown in figure 2.15.,IMPORTANT PART HUMAN EYE CORNEA THIN TRANSPARENT LAYER FRONT SURFACE EYEBALL SHOW FIGURE PAST
It is the main refracting surface.,MAIN REFRACT SURFACE
"When light enters through the cornea, it refracts or bends the light on to the lens.",IT LENS REFRACT LIGHT ENTER CORNEA BEND PRESENT
Iris: It is the coloured part of the eye.,IRIS COLOUR PART EYE
"It may be blue, brown or green in colour.",BLUE BROWN GREEN COLOUR
"Every person has a unique colour, pattern and texture.",PERSON COLOUR HAVE UNIQUE PATTERN TEXTURE PRESENT
Iris controls amount of light entering into the pupil like camera aperture.,IRIS APERTURE CONTROL AMOUNT LIGHT ENTER PUPIL CAMERA PRESENT
Pupil: It is the centre part of the Iris.,PUPIL CENTRE PART IRIS
It is the pathway for the light to retina.,PATHWAY LIGHT RETINA
Retina: This is the back surface of the eye.,RETINA BACK SURFACE EYE
"It is the most sensitive part of human eye, on which real and inverted image of objects is formed.",MOST SENSITIVE PART HUMAN EYE REAL INVERT IMAGE OBJECT FORM PAST
Eye Lens – It is the important part of human eye.,EYE LENS IMPORTANT PART HUMAN
It is convex in nature.,CONVEX NATURE
Ciliary muscles – Eye lens is fixed between the ciliary muscles.,LENS MUSCLE FIX CILIARY EYE PAST
It helps to change the focal length of the eye lens according to the position of the object.,IT OBJECT HELP CHANGE FOCAL LENGTH EYE LENS ACCORD POSITION PRESENT
Sclera Lens Cornea Retina Ciliary body Iris Pupil Optic disc Optic nerve 25 Optics The maximum distance up to which the eye can see objects clearly is called as far point of the eye.,EYE CALL SCLERA LENS CORNEA RETINA CILIARY BODY IRIS PUPIL OPTIC DISC NERVE OPTICS MAXIMUM DISTANCE SEE OBJECT CLEARLY AS FAR POINT PAST
It is infinity for normal eye. 2.17 DEFECTS IN EYE A normal human eye can clearly see all the objects placed between 25cm and infinity.,DEFECT CM SEE INFINITY NORMAL EYE HUMAN CLEARLY OBJECT PLACE PAST
"But, for some people, the eye loses its power of accommodation.",EYE ACCOMMODATION LOSE PEOPLE POWER PRESENT
This could happen due to many reasons including ageing.,THIS AGE HAPPEN MANY REASON INCLUDE
"Hence, their vision becomes defective.",HENCE VISION BECOME DEFECTIVE PRESENT
Let us discuss some of the common defects of human eye.,WE EYE LET DISCUSS COMMON DEFECT HUMAN
"Myopia Myopia, also known as short sightedness, occurs due to the lengthening of eye ball.",MYOPIA BALL OCCUR ALSO KNOW SHORT SIGHTEDNESS DUE LENGTHEN EYE PAST PRESENT
"With this defect, nearby objects can be seen clearly but distant objects cannot be seen clearly.",OBJECT DEFECT SEE NEARBY CLEARLY DISTANT PAST NOT
The focal length of eye lens is reduced or the distance between eye lens and retina increases.,LENGTH LENS REDUCE FOCAL EYE DISTANCE RETINA INCREASE PAST
"Hence, the far point will not be infinity for such eyes and the far point has come closer.",HENCE FAR POINT INFINITY SUCH EYE COME CLOSER PAST NOT
"Due to this, the image of distant objects are formed before the retina (Figure 2.16-a).",IMAGE RETINA FORM DISTANT OBJECT FIGURE PAST
This defect can be corrected using a concave lens (Figure 2.16-b).,DEFECT LENS CORRECT USE CONCAVE FIGURE B PAST
The focal length of the concave lens to be used is computed as follows: Figure 2.16 (a) Vision with myopia b) Corrected vision using a concave lens (a) Myopia (b) Myopia corrected eye Let a person with myopia eye can see up to a distance x.,PERSON DISTANCE CORRECT FOCAL LENGTH CONCAVE LENS USE COMPUTE FOLLOW FIGURE VISION MYOPIA B EYE LET SEE PAST PRESENT
"Suppose that he wants to see all objects farther than this distance, i.e., up to infinity.",HE DISTANCE SUPPOSE WANT SEE OBJECT FARTHER UP INFINITY PRESENT
Then the focal length of the required concave lens is f = –x.,THEN FOCAL LENGTH REQUIRE CONCAVE LENS F PAST
"If the person can see up to a distance x and if he wishes to see up to a distance y, then, the focal length of the required concave lens is, f = xy x−y . . . . . . . . . . . . . .(2.7) Hypermeteropia Hypermeteropia, also known as long sightedness, occurs due to the shortening of eye ball.",HYPERMETEROPIA BALL OCCUR PERSON SEE DISTANCE WISH THEN FOCAL LENGTH REQUIRE CONCAVE LENS F XY ALSO KNOW LONG SIGHTEDNESS DUE SHORTEN EYE PRESENT PAST
"With this defect, distant objects can be seen clearly but nearby objects cannot be seen clearly.",OBJECT DEFECT SEE DISTANT CLEARLY NEARBY PAST NOT
The focal length of eye lens is increased or the distance between eye lens and retina decreases.,LENGTH LENS INCREASE FOCAL EYE DISTANCE RETINA DECREASE PAST
"Hence, the near point will not be at 25cm for such eyes and the near point has moved farther.",HENCE NEAR POINT CM SUCH EYE MOVE FARTHER PAST NOT
"Due to this, the image of nearby objects are formed behind the retina (Figure 2.17-a).",IMAGE RETINA FORM NEARBY OBJECT FIGURE PAST
This defect can be corrected using a convex lens (Figure 2.17-b).,DEFECT LENS CORRECT USE CONVEX FIGURE B PAST
The focal length of the convex lens to be used is computed as follows: Figure 2.17 (a) Vision with hypermeteropia (b) Corrected vision using a convex lens Let a person with hypermeteropia eye can see object beyond a distance d.,PERSON DISTANCE LET FOCAL LENGTH CONVEX LENS USE COMPUTE FOLLOW FIGURE VISION HYPERMETEROPIA B CORRECT EYE SEE OBJECT PAST PRESENT
Suppose that he wants to see all objects closer than this distance up to a distance D.,HE DISTANCE SUPPOSE WANT SEE OBJECT CLOSER PRESENT
"Then, the focal length of the required convex lens is f = dD d−D . . . . . . . . . . . . . .(2.8) Presbyopia Due to ageing, ciliary muscles become weak and the eye-lens become rigid (inflexible) andso the eye loses its power of accommodation.",EYE ACCOMMODATION BECOME THEN FOCAL LENGTH REQUIRE CONVEX LENS F DD PRESBYOPIA AGE CILIARY MUSCLE WEAK RIGID INFLEXIBLE ANDSO LOSE POWER PAST PRESENT
"Because of this, an aged person cannot see the nearby objects clearly.",PERSON OBJECT SEE AGE NEARBY CLEARLY NOT
"So, it is also called as ‘old age hypermetropia’. 10th_Science_Unit-2.indd 25 12/2/2022 4:59:17 PM 26 10th Standard Science Some persons may have both the defects of vision - myopia as well as hypermetropia.",PERSON HYPERMETROPIA HAVE ALSO CALL OLD AGE PM STANDARD SCIENCE PERSONS DEFECT VISION MYOPIA AS WELL PAST
This can be corrected by ‘bifocal lenses’.,THIS LENSE CORRECT BIFOCAL LENSES PAST
"In which, upper part consists of concave lens (to correct myopia) used for distant vision and the lower part consists of convex lens (to correct hypermetropia) used for reading purposes.",PART PURPOSE CONSIST UPPER CONCAVE LENS CORRECT MYOPIA USE DISTANT VISION LOWER CONVEX HYPERMETROPIA READ PRESENT PAST
"Astigmatism In this defect, eye cannot see parallel and horizontal lines clearly.",EYE LINE SEE ASTIGMATISM DEFECT PARALLEL HORIZONTAL CLEARLY NOT
It may be inherited or acquired.,INHERIT ACQUIRE PAST
"It is due to the imperfect structure of eye lens because of the development of cataract on the lens, ulceration of cornea, injury to the refracting surfaces, etc.",DUE IMPERFECT STRUCTURE EYE LENS DEVELOPMENT CATARACT ULCERATION CORNEA INJURY REFRACT SURFACE
"Astigmatism can be corrected by using cylindrical lenses. 2.18 MICROSCOPE This is an optical instrument, which helps us to see tiny (very small) objects.",WHICH OBJECT CORRECT ASTIGMATISM USE CYLINDRICAL LENSES MICROSCOPE OPTICAL INSTRUMENT HELP SEE TINY VERY SMALL PAST PRESENT
It is classified as 1.,IT 1 CLASSIFY PAST
Simple microscope 2.,SIMPLE MICROSCOPE
Compound microscope Simple Microscope Simple microscope has a convex lens of short focal length.,MICROSCOPE LENGTH HAVE COMPOUND SIMPLE CONVEX LENS SHORT FOCAL PRESENT
It is held near the eye to get enlarged image of small objects.,IT OBJECT HOLD EYE GET ENLARGE IMAGE SMALL PAST
Let an object (AB) is placed at a point within the principal focus (u < f) of the convex lens and the observer’s eye is placed just behind the lens.,OBJECT LENS LET AB PLACE POINT PRINCIPAL FOCUS CONVEX OBSERVER EYE JUST PAST
"As per this position the convex lens produces an erect, virtual and enlarged image (A'B').",LENS IMAGE PRODUCE POSITION CONVEX ERECT VIRTUAL ENLARGE PRESENT
The image formed is in the same side of the object and the distance equal to the least distance of distinct vision (D) (For normal human eye D = 25 cm).,IMAGE FORM SAME SIDE OBJECT DISTANCE EQUAL LEAST DISTINCT VISION D NORMAL HUMAN EYE CM PAST
"Uses of Simple microscope Simple microscopes are used a) by watch repairers and jewellers. b) to read small letters clearly. c) to observe parts of flower, insects etc. d) to observe finger prints in the field of forensic science.",MICROSCOPE SCIENCE OBSERVE USE SIMPLE MICROSCOPES WATCH REPAIRERS JEWELLERS READ SMALL LETTER CLEARLY PART FLOWER INSECTS FINGER PRINT FIELD FORENSIC PAST
Compound microscope Compound microscope is also used to see the tiny objects.,MICROSCOPE OBJECT USE COMPOUND ALSO SEE TINY PAST
It has better magnification power than simple microscope.,IT MICROSCOPE HAVE BETTER MAGNIFICATION POWER SIMPLE PRESENT
Magnification power of microscopes can be increased by decreasing the focal length of the lens used.,POWER LENS INCREASE MAGNIFICATION MICROSCOPES DECREASE FOCAL LENGTH USE PAST
"Due to constructional limitations, the focal length of the lens cannot be decreased beyond certain limit.",LENGTH LIMIT DECREASE CONSTRUCTIONAL LIMITATIONS FOCAL LENS CERTAIN PAST NOT
This problem can be solved by using two separate biconvex lenses.,PROBLEM LENSE SOLVE USE TWO SEPARATE BICONVEX LENSES PAST
Construction A compound microscope consists of two convex lenses.,MICROSCOPE LENSE CONSIST CONSTRUCTION COMPOUND TWO CONVEX LENSES PRESENT
"The lens with the shorter focal length is placed near the object, and is called as ‘objective lens’ or ‘objective piece’.",LENS LEN PLACE SHORTER FOCAL LENGTH OBJECT CALL OBJECTIVE PIECE PAST
The lens with larger focal length and larger aperture placed near the observer’s eye is called as ‘eye lens’ or ‘eye piece’.,LENS LEN CALL LARGER FOCAL LENGTH APERTURE PLACE OBSERVER EYE PIECE PAST
Both the lenses are fixed in a narrow tube with adjustable provision.,LENSE PROVISION FIX LENSES NARROW TUBE ADJUSTABLE PAST
Working The object (AB) is placed at a distance slightly greater than the focal length of objective lens (u > fo).,WORK FO PLACE OBJECT AB DISTANCE SLIGHTLY GREATER FOCAL LENGTH OBJECTIVE LENS U PAST
"A real, inverted and magnified image (A'B') is formed at the other 27 Optics side of the objective lens.",IMAGE LENS FORM REAL INVERT MAGNIFY OTHER OPTICS SIDE OBJECTIVE PAST
This image behaves as the object for the eye lens.,IMAGE BEHAVE OBJECT EYE LENS PRESENT
"The position of the eye lens is adjusted in such a way, that the image (A'B') falls within the principal focus of the eye piece.",IMAGE PIECE FALL POSITION EYE LENS ADJUST WAY PRINCIPAL FOCUS PAST PRESENT
"This eye piece forms a virtual, enlarged and erect image (A"" B"") on the same side of the object Compound microscope has 50 to 200 times more magnification power than simple microscope Travelling Microscope A travelling microscope is one of the best instrument for measuring very small length with high degree of accuracy at the order of 0.01mm.",MICROSCOPE MM HAVE EYE PIECE FORM VIRTUAL ENLARGE ERECT IMAGE B SAME SIDE OBJECT COMPOUND TIME MORE MAGNIFICATION POWER SIMPLE TRAVEL ONE BEST INSTRUMENT MEASURE VERY SMALL LENGTH HIGH DEGREE ACCURACY ORDER PRESENT
It works based on the principle of vernier.,IT VERNI WORK BASE PRINCIPLE VERNIER PRESENT PAST
Its least count is 0.01 mm. 2.19 TELESCOPE Have you seen the recent lunar eclipse?,YOU ECLIPSE SEE LEAST COUNT MM TELESCOPE RECENT LUNAR PAST QUESTION
With our naked eye we can’t visualize the phenomena distinctly.,WE PHENOMENA VISUALIZE NAKED EYE DISTINCTLY
"Then, how can we see the distant object in clearer manner?",WE MANNER SEE THEN DISTANT OBJECT CLEARER HOW
It is possible with telescope.,POSSIBLE TELESCOPE
Telescope is an optical instrument to see the distant objects.,TELESCOPE OPTICAL INSTRUMENT SEE DISTANT OBJECT
The first telescope was invented by Johann Lippershey in 1608.,TELESCOPE 1-6-0-8 INVENT FIRST JOHANN LIPPERSHEY PAST
Galileo made a telescope to observe distant stars.,TELESCOPE STAR MAKE GALILEO OBSERVE DISTANT PAST
"He got the idea, from a spectacle maker who one day observed that the distant weather cock appeared magnified through his lens system fitted in his shop.",COCK SHOP GET IDEA SPECTACLE MAKER ONE DAY OBSERVE DISTANT WEATHER MAGNIFY LENS SYSTEM FIT PAST
Galileo observed the satellites of Jupiter and the rings of Saturn through his telescope.,GALILEO TELESCOPE OBSERVE SATELLITE JUPITER RING SATURN PAST
Kepler invented Telescope in 1611 which was fundamentally similar to the astronomical telescope.,WHICH TELESCOPE INVENT KEPLER FUNDAMENTALLY SIMILAR ASTRONOMICAL PAST
"Types of Telescope According to optical property, it is classified into two groups: i) refracting telescope ii) reflecting telescope In refracting telescope lenses are used.",I LENSE CLASSIFY TYPE TELESCOPE ACCORD OPTICAL PROPERTY TWO GROUP REFRACT II REFLECT LENSES USE PAST
"Galilean telescope, Keplerian telescope, Achromatic refractors, are some refracting telescopes.",GALILEAN TELESCOPE KEPLERIAN ACHROMATIC REFRACTORS REFRACT
"In reflecting telescope parabolic mirrors are used Gregorian, Newtonian, Cassegrain telescope are some Reflecting telescopes According to the things which are observed, Astronomical Telescope and Terrestrial Telescopes are the two major types of telescope.",TELESCOPE USE REFLECT PARABOLIC MIRROR GREGORIAN NEWTONIAN CASSEGRAIN ACCORD THINGS OBSERVE ASTRONOMICAL TERRESTRIAL TWO MAJOR TYPE PAST
"Astronomical Telescope An astronomical telescope is used to view heavenly bodies like stars, planets galaxies and satellites.",TELESCOPE STAR USE ASTRONOMICAL VIEW HEAVENLY BODY PLANETS GALAXIES SATELLITE PAST
Terrestrial Telescopes The image in an astronomical telescope is inverted.,IMAGE TELESCOPE INVERT TERRESTRIAL ASTRONOMICAL PAST
"So, it is not suitable for viewing objects on the surface of the Earth.",SUITABLE VIEW OBJECT SURFACE EARTH NOT
"Therefore, a terrestrial telescope is used.",THEREFORE TERRESTRIAL TELESCOPE USE PAST
It provides an erect image.,IT IMAGE PROVIDE ERECT PRESENT
The major difference between astronomical and terrestrial telescope is erecting the final image with respect to the object.,DIFFERENCE OBJECT ERECT MAJOR ASTRONOMICAL TERRESTRIAL TELESCOPE FINAL IMAGE RESPECT
"Advantages of Telescopes • Elaborate view of the Galaxies, Planets, stars and other heavenly bodies is possible. • Camera can be attached for taking photograph for the celestial objects. • Telescope can be viewed even with the low intensity of light.",TELESCOPE LIGHT VIEW ADVANTAGE ELABORATE GALAXIES PLANETS STAR OTHER HEAVENLY BODY POSSIBLE CAMERA ATTACH TAKE PHOTOGRAPH CELESTIAL OBJECT EVEN LOW INTENSITY PAST
Disadvantages • Frequent maintenances needed. • It is not easily portable one. 28 10th Standard Science Points to Remember Light is a form of energy which travels along a straight line The deviation in the path of light ray is called refraction.,DEVIATION RAY • DISADVANTAGE FREQUENT MAINTENANCES NEED EASILY PORTABLE ONE STANDARD SCIENCE POINT REMEMBER LIGHT FORM ENERGY TRAVEL STRAIGHT LINE PATH CALL REFRACTION PAST PRESENT NOT
The ratio of speed of light in vacuum to the speed of light in a medium is defined as refractive index ‘µ’ of that medium.,RATIO MEDIUM DEFINE SPEED LIGHT VACUUM REFRACTIVE INDEX Μ PAST
Lens formula 1 f = 1 ν – 1 u Magnification (m) = h' h = ν u Power of lens.,H LENS = FORMULA F U MAGNIFICATION M Ν POWER PRESENT
P = 1 f The ability of the eye lens to focus nearby as well as the distant objects is called power of accommodation of the eye.,OBJECT EYE CALL P ABILITY LENS FOCUS NEARBY AS WELL DISTANT POWER ACCOMMODATION PAST
A microscope is an optical instrument which helps us to see the objects which are very small in dimension.,MICROSCOPE OPTICAL INSTRUMENT HELP SEE OBJECT VERY SMALL DIMENSION PRESENT
Telescope is an optical instrument used to see the distant objects clearly.,TELESCOPE OPTICAL INSTRUMENT USE SEE DISTANT OBJECT CLEARLY PAST
SOLVED PROBLEMS Problem 1 Light rays travel from vacuum into a glass whose refractive index is 1.5.,INDEX GLASS TRAVEL SOLVE PROBLEMS PROBLEM LIGHT RAY VACUUM REFRACTIVE PRESENT
"If the angle of incidence is 30°, calculate the angle of refraction inside the glass.",ANGLE GLASS CALCULATE INCIDENCE REFRACTION
"Solution: accorting to Snell’s law, 2 sin i sin r m1 sin i = m2 sin r Here m1 = 1.0, m2 = 1.5, i = 30° (1.0) sin 30° = 1.5 sin r 1 2— 1 3— = 1.5 sin r sin r = 1 2×1.5 — = = (0.333) r = sin–1 (0.333) 1× r = 19.45° Problem-2 A beam of light passing through a diverging lens of focal length 0.3m appear to be focused at a distance 0.2m behind the lens.",I LENS APPEAR SOLUTION ACCORTING SNELL LAW SIN R HERE BEAM LIGHT PASS DIVERGE FOCAL LENGTH M FOCUS DISTANCE PRESENT PAST
Find the position of the object.,FIND POSITION OBJECT
"Solution: f = −0.3 m, v = −0.2 m 1 f = 1 v − 1 u 1 u = 1 v − 1 f 1 u = 1 −0.2 − 1 −0.3 = −10 6 u = −6 10 = −0.6 m Problem-3 A person with myopia can see objects placed at a distance of 4m.",PERSON M. SEE SOLUTION F M V U MYOPIA OBJECT PLACE DISTANCE PRESENT PAST
"If he wants to see objects at a distance of 20m, what should be the focal length and power of the concave lens he must wear?",WANT SEE OBJECT DISTANCE M FOCAL LENGTH POWER CONCAVE LENS WEAR PRESENT WHAT
Solution: Given that x = 4m and y = 20m.,SOLUTION GIVE M Y PAST PRESENT
"Focal length of the correction lens is f = xy x−y (Refer eqn.2.7) f = 4 × 20 4 − 20 = 80 −16 = −5 m Power of the correction lens = 1 f = − 1 5 = −0.2 D Problem-4 For a person with hypermeteropia, the near point has moved to 1.5m.",FOCAL LENGTH CORRECTION LENS F XY REFER M POWER D PERSON HYPERMETEROPIA NEAR POINT MOVE PRESENT PAST
Calculate the focal length of the correction lens in order to make his eyes normal.,EYE ORDER CALCULATE FOCAL LENGTH CORRECTION LENS MAKE NORMAL
"Solution: Given that, d = 1.5m; D = 25cm = 0.25m (For a normal eye).",SOLUTION GIVE M D CM NORMAL EYE PAST
"From equation (2.8), the focal length of the correction lens is f = d × D d − D = 1.5 × 0.25 1.5 − 0.25 = 0.375 1.25 = 0.3 m 10th_Science_Unit-2.indd 28 12/2/2022 4:59:17 PM 29 Optics I.",EQUATION FOCAL LENGTH CORRECTION LENS F D M PM OPTICS
Choose the correct answer 1.,CHOOSE CORRECT ANSWER
"The refractive index of four substances A, B, C and D are 1.31, 1.43, 1.33, 2.4 respectively.",REFRACTIVE INDEX FOUR SUBSTANCES B C D RESPECTIVELY
The speed of light is maximum in a) A b) B c) C d) D 2.,SPEED LIGHT MAXIMUM B C D
Where should an object be placed so that a real and inverted image of same size is obtained by a convex lens a) f b) 2f c) infinity d) between f and 2f 3.,IMAGE F PLACE OBJECT REAL INVERT SAME SIZE OBTAIN CONVEX LENS B C INFINITY D PAST
A small bulb is placed at the principal focus of a convex lens.,BULB LENS PLACE SMALL PRINCIPAL FOCUS CONVEX PAST
"When the bulb is switched on, the lens will produce a) a convergent beam of light b) a divergent beam of light c) a parallel beam of light d) a coloured beam of light 4.",LENS LIGHT PRODUCE BULB SWITCH CONVERGENT BEAM B DIVERGENT C PARALLEL COLOUR PAST
Magnification of a convex lens is a) Positive b) negative c) either positive or negative d) zero 5.,MAGNIFICATION CONVEX LENS POSITIVE B NEGATIVE C D ZERO
"A convex lens forms a real, diminished point sized image at focus.",LENS FOCUS FORM CONVEX REAL DIMINISH POINT SIZE IMAGE PRESENT PAST
Then the position of the object is at a) focus b) infinity c) at 2f d) between f and 2f 6.,THEN POSITION OBJECT FOCUS B INFINITY C D F
"Power of a lens is –4D, then its focal length is a) 4m b) –40m c) –0.25 m d) –2.5 m 7.",POWER LENS THEN FOCAL LENGTH M C D
"In a myopic eye, the image of the object is formed a) behind the retina b) on the retina c) in front of the retina d) on the blind spot 8.",IMAGE SPOT FORM MYOPIC EYE OBJECT RETINA B C FRONT BLIND PAST
The eye defect ‘presbyopia’ can be corrected by a) convex lens b) concave lens c) convex mirror d) Bi focal lenses TEXTBOOK EVALUATION 9.,DEFECT LENS CORRECT EYE PRESBYOPIA CONVEX B CONCAVE MIRROR BI FOCAL LENSES TEXTBOOK EVALUATION PRESENT PAST
Which of the following lens would you prefer to use while reading small letters found in a dictionary? a) A convex lens of focal length 5 cm b) A concave lens of focal length 5 cm c) A convex lens of focal length 10 cm d) A concave lens of focal length 10 cm 10.,YOU LENGTH PREFER FOLLOW LENS USE READ SMALL LETTER FIND DICTIONARY CONVEX FOCAL CM CONCAVE C D PAST
"If VB, VG, VR be the velocity of blue, green and red light respectively in a glass prism, then which of the following statement gives the correct relation? a) VB = VG = VR b) VB > VG >VR c) VB < VG < VR d) VB < VG > VR II.",VB VG VR VELOCITY BLUE GREEN RED LIGHT RESPECTIVELY GLASS PRISM THEN FOLLOW STATEMENT GIVE CORRECT RELATION B C D II PRESENT
Fill in the blanks: 1.,FILL BLANK
The path of the light is called as 2.,PATH 2 CALL LIGHT PAST
The refractive index of a transparent medium is always greater than 3.,REFRACTIVE INDEX TRANSPARENT MEDIUM ALWAYS GREATER HABITUAL
"If the energy of incident beam and the scattered beam are same, then the scattering of light is called as scattering. 4.",SCATTER LIGHT CALL ENERGY INCIDENT BEAM SAME THEN PAST
"According to Rayleigh’s scattering law, the amount of scattering of light is inversely proportional to the fourth power of its 5.",ACCORD RAYLEIGH SCATTER LAW AMOUNT LIGHT INVERSELY PROPORTIONAL FOURTH POWER
Amount of light entering into the eye is controlled by III.,AMOUNT III CONTROL LIGHT ENTER EYE PAST
True or False.,TRUE FALSE
If false correct it. 1.,FALSE CORRECT
Velocity of light is greater in denser medium than in rarer medium 2.,VELOCITY LIGHT GREATER DENSER MEDIUM RARER
The power of lens depends on the focal length of the lens 3.,POWER LENS DEPEND FOCAL LENGTH PRESENT
Increase in the converging power of eye lens cause ‘hypermetropia’ 4.,INCREASE HYPERMETROPIA CAUSE CONVERGE POWER EYE LENS
The convex lens always gives small virtual image. 10th_Science_Unit-2.indd 29 12/2/2022 4:59:17 PM 30 10th Standard Science 9.,LENS IMAGE GIVE CONVEX ALWAYS SMALL VIRTUAL PM STANDARD SCIENCE HABITUAL PRESENT
Why does the sky appear in blue colour? 10.,SKY COLOUR APPEAR BLUE
Why are traffic signals red in colour?,TRAFFIC SIGNAL RED COLOUR WHY
VII.,VII
Give the answer in detail 1.,GIVE ANSWER DETAIL
List any five properties of light 2.,LIST FIVE PROPERTIES LIGHT
Explain the rules for obtaining images formed by a convex lens with the help of ray diagram. 3.,EXPLAIN RULE OBTAIN IMAGE FORM CONVEX LENS HELP RAY DIAGRAM PAST
Differentiate the eye defects: Myopia and Hypermetropia 4.,DIFFERENTIATE EYE DEFECT MYOPIA HYPERMETROPIA
Explain the construction and working of a ‘Compound Microscope’.,EXPLAIN CONSTRUCTION WORK COMPOUND MICROSCOPE
VIII.,VIII
Numerical Problems: 1.,NUMERICAL PROBLEMS
An object is placed at a distance 20cm from a convex lens of focal length 10cm.,OBJECT LENGTH PLACE DISTANCE CM CONVEX LENS FOCAL PAST
Find the image distance and nature of the image. 2.,FIND IMAGE DISTANCE NATURE
An object of height 3cm is placed at 10cm from a concave lens of focal length 15cm.,CM PLACE OBJECT HEIGHT CONCAVE LENS FOCAL LENGTH PAST
Find the size of the image.,FIND SIZE IMAGE
IX.,IX
Higher order thinking (HOT) questions: 1.,HIGHER ORDER THINK HOT QUESTION
"While doing an experiment for the determination of focal length of a convex lens, Raja Suddenly dropped the lens.",RAJA LENS DROP DO EXPERIMENT DETERMINATION FOCAL LENGTH CONVEX SUDDENLY PAST
It got broken into two halves along the axis.,IT AXIS BREAK TWO HALVE PAST
"If he continues his experiment with the same lens, (a) can he get the image? (b) Is there any change in the focal length? 2.",HE LENGTH GET CONTINUE EXPERIMENT SAME LENS IMAGE CHANGE FOCAL PRESENT
The eyes of the nocturnal birds like owl are having a large cornea and a large pupil.,EYE CORNEA HAVE NOCTURNAL BIRD OWL LARGE PUPIL
How does it help them?,IT THEY HELP HOW
REFERENCE BOOKS 1.,REFERENCE BOOK
Fundamentals of optics by D.R.,FUNDAMENTALS OPTICS
Khanna and H.R.,KHANNA
"Gulati, R.",GULATI
Chand & Co. 2.,CHAND
"Principles of Physics – Halliday, Resnick & Walker, Wiley Publications, New Delhi.",PRINCIPLES PHYSICS HALLIDAY RESNICK WALKER WILEY PUBLICATIONS NEW DELHI
INTERNET RESOURCES 1. www.physicsabout.com 2. www.khanacademy.org IV.,INTERNET RESOURCES IV
Match the following: Column - I Column - II 1 Retina a Path way of light 2 Pupil b Far point comes closer 3 Ciliary muscles c near point moves away 4 Myopia d Screen of the eye 5 Hypermetropia f Power of accom- modation V.,MUSCLE MODATION COME MATCH FOLLOW COLUMN I II RETINA PATH WAY LIGHT PUPIL B FAR POINT CLOSER CILIARY C MOVE AWAY MYOPIA D SCREEN EYE HYPERMETROPIA F POWER PRESENT
Assertion and reasoning type Mark the correct choice as a) If both assertion and reason are true and reason is the correct explanation of assertion. b) If both assertion and reason are true but reason is not the correct explanation of assertion. c) Assertion is true but reason is false. d) Assertion is false but reason is true. 1.,ASSERTION REASON TYPE MARK CORRECT CHOICE TRUE EXPLANATION FALSE NOT
Assertion: If the refractive index of the medium is high (denser medium) the velocity of the light in that medium will be small Reason: Refractive index of the medium is inversely proportional to the velocity of the light 2.,ASSERTION REFRACTIVE INDEX MEDIUM HIGH DENSER VELOCITY LIGHT SMALL REASON INVERSELY PROPORTIONAL
Assertion: Myopia is due to the increase in the converging power of eye lens.,ASSERTION MYOPIA DUE INCREASE CONVERGE POWER EYE LENS
Reason: Myopia can be corrected with the help of concave lens.,MYOPIA LENS CORRECT REASON HELP CONCAVE PAST
VI.,VI
Answer Briefly 1.,ANSWER BRIEFLY
What is refractive index? 2.,REFRACTIVE INDEX
State Snell’s law. 3.,STATE SNELL LAW
Draw a ray diagram to show the image formed by a convex lens when the object is placed between F and 2F. 4.,OBJECT F DRAW RAY DIAGRAM SHOW IMAGE FORM CONVEX LENS PLACE PAST
Define dispersion of light 5.,DEFINE DISPERSION LIGHT
State Rayleigh’s law of scattering 6.,STATE RAYLEIGH LAW SCATTER
Differentiate convex lens and concave lens. 7.,DIFFERENTIATE CONVEX LENS CONCAVE
What is power of accommodation of eye? 8.,POWER ACCOMMODATION EYE
What are the causes of ‘Myopia’? 10th_Science_Unit-2.indd 30 12/2/2022 4:59:18 PM 31 Optics Concept Map Light Human eye Structure Defects Simple Compound Terrestrial Astronomical Myopia Hypermeteropia Presbyopia Microscope Telescope Refraction Law of refraction Rayleigh Scattering Mie Scattering Tyndall Scattering Raman Scattering Dispersion Scattering of light Optical Instruments Cells alive URL: https://phet.colorado.edu/en/simulation/legacy/geometric-optics ICT CORNER Formation of different types of images by a convex lens • Open the browser and type ‘phet.colorado.edu/en/simulation/legacy/geometric-optics’ in the address bar. • Take the pencil and raise it so that the eraser is sitting on the principal axis.,ERASER AXIS TAKE CAUSE MYOPIA PM OPTICS CONCEPT MAP LIGHT HUMAN EYE STRUCTURE DEFECT SIMPLE COMPOUND TERRESTRIAL ASTRONOMICAL HYPERMETEROPIA PRESBYOPIA MICROSCOPE TELESCOPE REFRACTION LAW RAYLEIGH SCATTER MIE TYNDALL RAMAN DISPERSION OPTICAL INSTRUMENT CELLS ALIVE URL ICT CORNER FORMATION DIFFERENT TYPE IMAGE CONVEX LENS OPEN BROWSER ADDRESS BAR PENCIL RAISE SIT PRINCIPAL PRESENT PAST
"Click on the “principal rays” button. • Place the object at different positions (infinity, beyond 2F, at 2F, between F and 2F, at F, between F and optic centre) from a convex lens and observe different types of images.",CLICK PRINCIPAL RAY BUTTON PLACE OBJECT DIFFERENT POSITION INFINITY F OPTIC CENTRE CONVEX LENS OBSERVE TYPE IMAGE
Explain the result. • Will the rays ever form an image?,RAY IMAGE FORM EXPLAIN RESULT EVER PRESENT QUESTION
Click on “virtual image” to check your answer. *Pictures are indicative only Steps In this activity you will be able to understand the images formed by convex lenses.,YOU LENSE CLICK VIRTUAL IMAGE CHECK ANSWER PICTURE INDICATIVE ONLY STEP ACTIVITY ABLE UNDERSTAND FORM CONVEX LENSES PAST
Step1 Step2 Step3 Step4 10th_Science_Unit-2.indd 31 12/2/2022 4:59:18 PM 32 INTRODUCTION Sun is the primary source of thermal energy for all living organisms.,PM INTRODUCTION SUN PRIMARY SOURCE THERMAL ENERGY LIVE ORGANISMS
Thermal energy is the cause and temperature is the effect.,THERMAL ENERGY CAUSE TEMPERATURE EFFECT
All living organisms need a particular temperature for their survival.,ORGANISM SURVIVAL NEED LIVE ORGANISMS PARTICULAR TEMPERATURE PRESENT
"In the kitchen, a container with a steel bottom is placed on the induction stove.",CONTAINER STAVE PLACE KITCHEN STEEL BOTTOM INDUCTION PAST
Do you know why?,KNOW WHY
All of us have a common man’s understanding of thermal energy and temperature.,ALL ENERGY HAVE COMMON MAN UNDERSTAND THERMAL TEMPERATURE PRESENT
"But, in this chapter, you shall learn about thermal energy and temperature in a scientific manner.",YOU MANNER LEARN CHAPTER THERMAL ENERGY TEMPERATURE SCIENTIFIC
We shall also discuss about how thermal energy is transferred and the effects of thermal energy. 3.1 TEMPERATURE Temperature is defined as the degree of hotness of a body.,TEMPERATURE BODY DEFINE ALSO DISCUSS THERMAL ENERGY TRANSFER EFFECT DEGREE HOTNESS PAST
The temperature is higher for a hotter body than for a colder body.,TEMPERATURE HIGHER HOTTER BODY COLDER
It is also be defined as the property which determines whether a body is in equilibrium or not with the surroundings. (or average kinetic enegy of the molecules).,BODY MOLECULE DEFINE ALSO PROPERTY DETERMINE EQUILIBRIUM SURROUNDINGS AVERAGE KINETIC ENEGY MOLECULES PAST PRESENT NOT
"Further, temperature is the property, which determines the direction of flow of heat.",FURTHER TEMPERATURE PROPERTY DETERMINE DIRECTION FLOW HEAT PRESENT
It is a scalar quantity.,SCALAR QUANTITY
The SI unit of temperature is kelvin (K).,SI UNIT TEMPERATURE KELVIN K
There are other commonly used units of temperature such as degree celsius (°C) and degree fahrenheit (°F). 3.1.1 Absolute scale (kelvin scale) of temperature The temperature measured in relation to absolute zero using the kelvin scale is known as absolute scale temperature.,TEMPERATURE KNOW OTHER COMMONLY USE UNITS SUCH DEGREE CELSIUS C FAHRENHEIT F ABSOLUTE SCALE KELVIN MEASURE RELATION ZERO PRESENT PAST
It is also known as the thermodynamic temperature.,IT TEMPERATURE KNOW ALSO THERMODYNAMIC PAST
Each unit of the thermodynamic scale of temperature is defined as the fraction of 1/273.16th part of the thermodynamic temperature of the triple point of water.,UNIT WATER DEFINE THERMODYNAMIC SCALE TEMPERATURE FRACTION PART TRIPLE POINT PAST
A temperature difference of 1°C is equal to that of 1K.,TEMPERATURE DIFFERENCE C EQUAL
Zero Kelvin is the absolute scale of temperature of the body.,ZERO KELVIN ABSOLUTE SCALE TEMPERATURE BODY
"Warm Cool 33 Thermal Physics The relation between the different types of scale of temperature: Celsius and Kelvin: K = C + 273, Fahrenheit and Kelvin: [K] = (F + 460) × 5 9 0 K = –273°C. 3.1.2 Thermal equilibrium Two or more physical systems or bodies are said to be in thermal equilibrium if there is no net flow of thermal energy between the systems.",EQUILIBRIUM SYSTEM SAY WARM COOL THERMAL PHYSICS RELATION DIFFERENT TYPE SCALE TEMPERATURE CELSIUS KELVIN K C FAHRENHEIT F TWO MORE PHYSICAL SYSTEMS BODY NET FLOW ENERGY PAST PRESENT NOT
Heat energy always flows from one body to the other due to a temperature difference between them.,ENERGY THEY FLOW HEAT ALWAYS ONE BODY OTHER TEMPERATURE DIFFERENCE HABITUAL PRESENT
"Thus, you can define thermal equilibrium in another way.",YOU WAY DEFINE THUS THERMAL EQUILIBRIUM
"If two bodies are said to be in thermal equilibrium, then, they will be at the same temperature.",TWO BODY SAY THERMAL EQUILIBRIUM THEN SAME TEMPERATURE PAST
What will happen if two bodies at different temperatures are brought in contact with one other?,BODY OTHER HAPPEN TWO DIFFERENT TEMPERATURES BRING CONTACT ONE PAST WHAT
There will be a transfer of heat energy from the hot body to the cold body until a thermal equilibrium is established between them.,TRANSFER HEAT ENERGY HOT BODY COLD THERMAL EQUILIBRIUM ESTABLISH PAST
This is depicted in Figure 3.1.,THIS FIGURE DEPICT PAST
"Figure 3.1 Establishing thermal equilibrium When a cold body is placed in contact with a hot body, some thermal energy is transferred from the hot body to the cold body.",ENERGY BODY TRANSFER FIGURE ESTABLISH THERMAL EQUILIBRIUM COLD PLACE CONTACT HOT PAST
"As a result, there is some rise in the temperature of the cold body and decrease in the temperature of the hot body.",RESULT RISE TEMPERATURE COLD BODY DECREASE HOT PRESENT
"This process will continue until these two bodies attain the same temperature. 3.2 THERMAL ENERGY If you leave a cup of hot milk on a table for some time, what happens?",WHAT TIME HAPPEN PROCESS CONTINUE TWO BODY ATTAIN SAME TEMPERATURE THERMAL ENERGY LEAVE CUP HOT MILK TABLE PRESENT
The hotness of the milk decreases after some time.,HOTNESS TIME DECREASE MILK PRESENT
"Similarly, if you keep a bottle of cold water on a table, the water becomes warmer after some time.",WATER TIME BECOME SIMILARLY KEEP BOTTLE COLD TABLE WARMER PRESENT
What do you infer from these observations?,YOU OBSERVATION INFER OBSERVATIONS WHAT
"In the case of hot milk, there is a flow of energy from the cup of milk to the environment.",CASE HOT MILK FLOW ENERGY CUP ENVIRONMENT PRESENT
"In the second case, the energy is transferred from the environment to the water bottle.",ENERGY BOTTLE TRANSFER SECOND CASE ENVIRONMENT WATER PAST
This energy is termed as “thermal energy”.,ENERGY TERM THERMAL PAST
"When a hot object is in contact with another cold object, a form of energy flows from the hot object to the cold object, which is known as thermal energy.",WHICH ENERGY FLOW HOT OBJECT CONTACT COLD FORM KNOW THERMAL PRESENT PAST
"Thus, thermal energy is a form of energy which is transferred between any two bodies due to the difference in their temperatures.",THUS THERMAL ENERGY FORM TRANSFER TWO BODY DIFFERENCE TEMPERATURES PAST
Thermal energy is also known as 'heat energy' or simply 'heat'.,ENERGY KNOW THERMAL ALSO HEAT SIMPLY PAST
"Heat energy is the agent, which produces the sensation of warmth and makes bodies hot.",HEAT ENERGY AGENT PRODUCE SENSATION WARMTH MAKE BODY HOT PRESENT
The process in which heat energy flows from a body at a higher temperature to another object at lower temperature is known as heating.,ENERGY HEAT KNOW PROCESS FLOW BODY HIGHER TEMPERATURE OBJECT LOWER PRESENT PAST
"This process of transmission of heat may be done in any of the ways like conduction, convection or radiation.",PROCESS CONDUCTION DO TRANSMISSION HEAT WAYS CONVECTION RADIATION PAST
Heat is a scalar quantity.,HEAT SCALAR QUANTITY
The SI unit of heat energy absorbed or evolved is joule (J) .,SI UNIT HEAT ENERGY ABSORB EVOLVE JOULE J PAST
"During the process of transferring heat energy, the body at lower temperature is heated while the body at higher temperature is cooled.",BODY TEMPERATURE HEAT PROCESS TRANSFER ENERGY LOWER HIGHER COOL PAST
"Thus, sometimes, this process of transfer of heat energy is termed as 'cooling'.",PROCESS ENERGY TERM THUS SOMETIMES TRANSFER HEAT COOL OCCASIONAL PAST
"But, in most of the cases the term 'heating' is used instead of 'cooling'.",MOST CASE TERM HEAT USE INSTEAD COOL PAST
"When the thermal energy is transferred from one body to another, this results in the rise or lowering of the temperature of either of the bodies. 3.2.1 Characteristic features of heat energy transfer 1.",THIS TRANSFER RESULT THERMAL ENERGY ONE BODY RISE LOWER TEMPERATURE CHARACTERISTIC FEATURE HEAT PAST PRESENT
Heat always flows from a system at higher temperature to a system at lower temperature. 2.,HEAT TEMPERATURE FLOW ALWAYS SYSTEM HIGHER LOWER HABITUAL PRESENT
The mass of a system is not altered when it is heated or cooled. 3.,IT SYSTEM ALTER MASS HEAT COOL PAST NOT
"For any exchange of heat, the heat gained by the cold system is equal to heat lost by the hot system.",EXCHANGE HEAT GAIN COLD SYSTEM EQUAL LOSE HOT PAST
"Heat gained = Heat lost 10th_Science_Unit-3.indd 33 12/2/2022 5:00:47 PM 34 10th Standard Science 3.2.2 Other units of Heat energy Though the SI unit of heat energy is joule, there are some other commonly used units.",UNIT ENERGY BE HEAT GAIN LOSE PM STANDARD SCIENCE OTHER UNITS SI JOULE COMMONLY USE PAST PRESENT
Calorie: One calorie is defined as the amount of heat energy required to rise the temperature of 1 gram of water through 1°C.,CALORIE ONE DEFINE AMOUNT HEAT ENERGY REQUIRE RISE TEMPERATURE GRAM WATER C PAST
"Kilocalorie: One kilocalorie is defined as the amount of heat energy required to rise the temperature of 1 kilogram of water through 1°C. 3.3 EFFECT OF HEAT ENERGY When a certain amount of heat energy is given to a substance, it will undergo one or more of the following changes: • Temperature of the substance rises. • The substance may change its state from solid to liquid or from liquid to gas. • The substance will expand when heated.",SUBSTANCE GAS EXPAND KILOCALORIE ONE DEFINE AMOUNT HEAT ENERGY REQUIRE RISE TEMPERATURE KILOGRAM WATER C EFFECT CERTAIN GIVE UNDERGO MORE FOLLOW CHANGE STATE SOLID LIQUID PAST
The rise in temperature is in proportion to the amount of heat energy supplied.,RISE TEMPERATURE PROPORTION AMOUNT HEAT ENERGY SUPPLY PAST
It also depends on the nature and mass of the substance.,IT SUBSTANCE DEPEND ALSO NATURE MASS PRESENT
"About the rise in temperature and the change of state, you have studied in previous classes.",YOU CLASS STUDY RISE TEMPERATURE CHANGE STATE PREVIOUS PAST
"In the following section, we shall discuss about the expansion of substances due to heat. 3.3.1 Expansion of Substances When heat energy is supplied to a body, there can be an increase in the dimension of the object.",ENERGY OBJECT DISCUSS FOLLOW SECTION EXPANSION SUBSTANCES DUE HEAT SUPPLY BODY INCREASE DIMENSION PAST
This change in the dimension due to rise in temperature is called thermal expansion of the object.,CHANGE OBJECT CALL DIMENSION RISE TEMPERATURE THERMAL EXPANSION PAST
The expansion of liquids (e.g. mercury) can be seen when a thermometer is placed in warm water.,THERMOMETER WATER SEE EXPANSION LIQUIDS MERCURY PLACE WARM PAST
"All forms of matter (solid, liquid and gas) undergo expansion on heating. a) Expansion in solids When a solid is heated, the atoms gain energy and vibrate more vigorously.",ATOM ENERGY GAIN FORM MATTER SOLID LIQUID GAS UNDERGO EXPANSION HEAT SOLIDS ATOMS VIBRATE MORE VIGOROUSLY PRESENT PAST
This results in the expansion of the solid.,RESULT EXPANSION SOLID
"For a given change in temperature, the extent of expansion is smaller in solids than in liquids and gases.",GIVE CHANGE TEMPERATURE EXTENT EXPANSION SMALLER SOLIDS LIQUIDS GAS PAST
This is due to the rigid nature of solids.,DUE RIGID NATURE SOLIDS
The different types of expansion of solid are listed and explained below: 1.,TYPE SOLID LIST DIFFERENT EXPANSION EXPLAIN BELOW PAST
Linear expansion 2.,LINEAR EXPANSION
Superficial expansion 3.,SUPERFICIAL EXPANSION
Cubical expansion 1.,CUBICAL EXPANSION
"Linear expansion: When a body is heated or cooled, the length of the body changes due to change in its temperature.",LINEAR EXPANSION BODY HEAT COOL LENGTH CHANGE DUE TEMPERATURE PAST
Then the expansion is said to be linear or longitudinal expansion.,THEN EXPANSION SAY LINEAR LONGITUDINAL PAST
The ratio of increase in length of the body per degree rise in temperature to its unit length is called as the coefficient of linear expansion.,RISE EXPANSION CALL RATIO INCREASE LENGTH BODY DEGREE TEMPERATURE UNIT COEFFICIENT LINEAR PAST
The SI unit of Coefficient of Linear expansion is K-1.,SI UNIT COEFFICIENT LINEAR EXPANSION
The value of coefficient of linear expansion is different for different materials.,VALUE COEFFICIENT LINEAR EXPANSION DIFFERENT MATERIALS
Figure 3.2 Linear expansion The equation relating the change in length and the change in temperature of a body is given below: = αL ∆T ∆L Lo ∆ L - Change in length (Final length- Original length) Lo - Original length ∆T - Change in temperature (Final temperature - Initial temperature) αL - Coefficient of linear expansion. 10th_Science_Unit-3.indd 34 12/2/2022 5:00:47 PM 35 Thermal Physics 2.,CHANGE EXPANSION FIGURE LINEAR EQUATION RELATE LENGTH TEMPERATURE BODY GIVE BELOW LO L FINAL ORIGINAL INITIAL ΑL COEFFICIENT PM THERMAL PHYSICS PAST
"Superficial expansion: If there is an increase in the area of a solid object due to heating, then the expansion is called superficial or areal expansion.",EXPANSION HEAT CALL SUPERFICIAL INCREASE AREA SOLID OBJECT THEN AREAL PRESENT PAST
Superficial expansion is determined in terms of coefficient of superficial expansion.,EXPANSION DETERMINE SUPERFICIAL TERM COEFFICIENT PAST
The ratio of increase in area of the body per degree rise in temperature to its unit area is called as coefficient of superficial expansion.,RISE EXPANSION CALL RATIO INCREASE AREA BODY DEGREE TEMPERATURE UNIT COEFFICIENT SUPERFICIAL PAST
Coefficient of superficial expansion is different for different materials.,COEFFICIENT SUPERFICIAL EXPANSION DIFFERENT MATERIALS
The SI unit of Coefficient of superficial expansion is K-1 The equation relating to the changein area and the change in temperature is given below: Figure 3.3 Superficial expansion Aº A = αA ∆T ∆A Ao ∆A - Change in area (Final area - Initial area) Ao - Original area ∆T - Change in temperature (Final temperature - Initial temperature) αA - Coefficient of superficial expansion. 3.,CHANGE EXPANSION GIVE SI UNIT COEFFICIENT SUPERFICIAL EQUATION RELATE CHANGEIN AREA TEMPERATURE BELOW FIGURE Aº AO FINAL INITIAL ORIGINAL PAST
"Cubical expansion: If there is an increase in the volume of a solid body due to heating, then the expansion is called cubical or volumetric expansion.",EXPANSION HEAT CALL CUBICAL INCREASE VOLUME SOLID BODY THEN VOLUMETRIC PRESENT PAST
"As in the cases of linear and areal expansion, cubical expansion is also expressed in terms of coefficient of cubical expansion.",EXPANSION EXPRESS CASE LINEAR AREAL CUBICAL ALSO TERM COEFFICIENT PAST
The ratio of increase in volume of the body per degree rise in temperature to its unit volume is called as coefficient of cubical expansion.,RISE EXPANSION CALL RATIO INCREASE VOLUME BODY DEGREE TEMPERATURE UNIT COEFFICIENT CUBICAL PAST
This is also measured in K –1.,THIS K MEASURE ALSO PAST
Figure 3.4 Cubical expansion The equation relating to the change in volume and the change in temperature is given below: = αV ∆T ∆V Vo ∆V - Change in volume(Final volume - Intial volume) Vo - Original volume ∆T - Change in temperature (Final temperature - Initial temperature) αV - Coefficient of cubical expansion.,CHANGE EXPANSION FIGURE CUBICAL EQUATION RELATE VOLUME TEMPERATURE GIVE BELOW ΑV VO INTIAL ORIGINAL FINAL INITIAL COEFFICIENT PAST
Different materials possess different coefficient of cubical expansion.,MATERIAL EXPANSION POSSESS DIFFERENT MATERIALS COEFFICIENT CUBICAL PRESENT
Table 3.1 gives the coefficient of cubical expansion for some common materials.,TABLE MATERIAL GIVE COEFFICIENT CUBICAL EXPANSION COMMON MATERIALS PRESENT
"Name of the material Coefficient of cubic expansion (K–1) 1 Aluminium 7 × 10 –5 2 Brass 6 × 10 –5 3 Glass 2.5 × 10 –5 4 Water 20.7 × 10 –5 5 Mercury 18.2 × 10 –5 Table 3.1 Coefficient of cubical expansion of some materials b) Expansion in liquids and gases When heated, the atoms in a liquid or gas gain energy and are forced further apart.",COEFFICIENT ENERGY FORCE NAME MATERIAL CUBIC EXPANSION ALUMINIUM BRASS GLASS WATER MERCURY TABLE CUBICAL MATERIALS LIQUIDS GAS HEAT ATOMS LIQUID GAIN FURTHER APART PAST
The extent of expansion varies from substance to substance.,EXTENT SUBSTANCE VARY EXPANSION PRESENT
"For a given rise in temperature, a liquid will have more expansion than a solid and a gaseous substance has the highest expansion when compared with the other two.",SUBSTANCE TWO HAVE GIVE RISE TEMPERATURE LIQUID MORE EXPANSION SOLID GASEOUS HIGHEST COMPARE OTHER PAST PRESENT
"The coefficient of cubical expansion of liquid is independent of temperature whereas its value for gases depends on the temperature of gases. 10th_Science_Unit-3.indd 35 12/2/2022 5:00:48 PM 36 10th Standard Science When a liquid is heated, it is done by keeping the liquid in some container and supplying heat energy to the liquid through the container.",IT CONTAINER DO COEFFICIENT CUBICAL EXPANSION LIQUID INDEPENDENT TEMPERATURE VALUE GAS DEPEND PM STANDARD SCIENCE HEAT KEEP SUPPLY ENERGY PRESENT PAST
The thermal energy supplied will be partly used in expanding the container and partly used in expanding the liquid.,ENERGY LIQUID USE THERMAL SUPPLY PARTLY EXPAND CONTAINER PAST
"Thus, what we observe may not be the actual or real expansion of the liquid.",THUS OBSERVE ACTUAL REAL EXPANSION LIQUID PRESENT NOT
"Hence, for liquids, we can define real expansion and apparent expansion. 1) Real expansion If a liquid is heated directly without using any container, then the expansion that you observe is termed as real expansion of the liquid.",YOU LIQUID TERM HENCE LIQUIDS DEFINE REAL EXPANSION APPARENT HEAT DIRECTLY USE CONTAINER THEN OBSERVE PAST PRESENT
Coefficient of real expansion is defined as the ratio of the true rise in the volume of the liquid per degree rise in temperature to its unit volume.,COEFFICIENT VOLUME DEFINE REAL EXPANSION RATIO TRUE RISE LIQUID DEGREE TEMPERATURE UNIT PAST
The SI unit of coefficient of real expansion is K –1. 2) Apparent expansion Heating a liquid without using a container is not possible.,SI UNIT COEFFICIENT REAL EXPANSION K APPARENT HEAT LIQUID USE CONTAINER POSSIBLE NOT
"Thus, in practice, you can heat any liquid by pouring it in a container.",YOU CONTAINER HEAT THUS PRACTICE LIQUID POUR
A part of thermal energy is used in expanding the container and a part is used in expanding the liquid.,PART LIQUID USE THERMAL ENERGY EXPAND CONTAINER PAST
"Thus, what you observe is not the actual or real expansion of the liquid.",THUS OBSERVE ACTUAL REAL EXPANSION LIQUID PRESENT NOT
The expansion of a liquid apparently observed without considering the expansion of the container is called the apparent expansion of the liquid.,EXPANSION LIQUID OBSERVE APPARENTLY CONSIDER CONTAINER CALL APPARENT PAST
Coefficient of apparent expansion is defined as the ratio of the apparent rise in the volume of the liquid per degree rise in temperature to its unit volume.,COEFFICIENT VOLUME DEFINE APPARENT EXPANSION RATIO RISE LIQUID DEGREE TEMPERATURE UNIT PAST
"The SI unit of coefficient of apparent expansion is K –1. 3.3.2 Experiment to measure real and apparent expansion of liquid To start with, the liquid whose real and apparent expansion is to be determined is poured in a container up to a level.",EXPANSION LEVEL POUR SI UNIT COEFFICIENT APPARENT K EXPERIMENT MEASURE REAL LIQUID START DETERMINE CONTAINER PAST
Mark this level as L1.,MARK LEVEL
"Now, heat the container and the liquid using a burner as shown in the Figure 3.5.",NOW HEAT CONTAINER LIQUID USE BURNER SHOW FIGURE PRESENT PAST
"Initially, the container receives the thermal energy and it expands.",IT ENERGY RECEIVE INITIALLY CONTAINER THERMAL EXPAND PRESENT
"As a result, the volume of the liquid appears to have reduced.",VOLUME LIQUID APPEAR RESULT REDUCE PRESENT PAST
Mark this reduced level of liquid as L2.,MARK REDUCE LEVEL LIQUID
"On further heating, the thermal energy supplied to the liquid through the container results in the expansion of the liquid.",FURTHER HEAT THERMAL ENERGY SUPPLY LIQUID CONTAINER RESULT EXPANSION PAST
"Hence, the level of liquid rises to L3.",HENCE LEVEL LIQUID RISE
"Now, the difference between the levels L1 and L3 is called as apparent expansion, and the difference between the levels L2 and L3 is called real expansion.",DIFFERENCE L2 CALL NOW LEVEL APPARENT EXPANSION REAL PRESENT PAST
The real expansion is always more than that of apparent expansion.,REAL EXPANSION ALWAYS MORE APPARENT HABITUAL
"Figure 3.5 Real and apparent expansion of liquid Real expansion = L3 – L2 Apparent expansion = L3 – L1 3.4 FUNDAMENTAL LAWS OF GASES The three fundamental laws which connect the relation between pressure, volume and temperature are as follows: 1) Boyle’s Law 2) Charles's law 3) Avogadro's law 3.4.1 Boyle’s law: When the temperature of a gas is kept constant, the volume of a fixed mass of gas is inversely proportional to its pressure.",FIGURE REAL APPARENT EXPANSION LIQUID FUNDAMENTAL LAWS GAS THREE CONNECT RELATION PRESSURE VOLUME TEMPERATURE FOLLOW BOYLE LAW CHARLES AVOGADRO KEEP CONSTANT FIX MASS INVERSELY PROPORTIONAL PRESENT PAST
This is shown in Figure 3.6.,THIS FIGURE SHOW PAST
"P α 1/V 10th_Science_Unit-3.indd 36 12/2/2022 5:00:48 PM 37 Thermal Physics Figure 3.6 Variation of volume with pressure In other words, for an invariable mass of a perfect gas, at constant temperature, the product of its pressure and volume is a constant. (i.e) PV = constant 3.4.2 Charles's law (The law of volume) Charles’s law was formulated by a French scientist Jacques Charles.",LAW CHARLES FORMULATE P V PM THERMAL PHYSICS FIGURE VARIATION VOLUME PRESSURE OTHER WORD INVARIABLE MASS PERFECT GAS CONSTANT TEMPERATURE PRODUCT PV FRENCH SCIENTIST JACQUES PRESENT PAST
"According to this law, When the pressure of gas is kept constant, the volume of a gas is directly proportional to the temperature of the gas.",ACCORD LAW PRESSURE GAS KEEP CONSTANT VOLUME DIRECTLY PROPORTIONAL TEMPERATURE PAST
"V α T or V T = constant 3.4.3 Avogadro's law Avogadro's law states that at constant pressure and temperature, the volume of a gas is directly proportional to number of atoms or molecules present in it. i.e.",VOLUME IT STATE V Α T CONSTANT AVOGADRO LAW PRESSURE TEMPERATURE GAS DIRECTLY PROPORTIONAL NUMBER ATOMS MOLECULES PRESENT
V α n (or) V n = constant Avogadro’s number (NA) is the total number of atoms per mole of the substance.,V N CONSTANT AVOGADRO NUMBER NA TOTAL ATOMS MOLE SUBSTANCE
"It is equal to 6.023 × 10 23 /mol. 3.5 GASES Gases are classified as real gases and ideal gases. 3.5.1 Real Gases If the molecules or atoms of a gases interact with each other with a definite amount of intermolecular or inter atomic force of attraction, then the gases are said to be real gases.",GAS ATTRACTION SAY EQUAL CLASSIFY REAL IDEAL MOLECULES ATOMS INTERACT OTHER DEFINITE AMOUNT INTERMOLECULAR INTER ATOMIC FORCE THEN PAST
"At very high temperature or low pressure, a real gases behaves as an ideal gases because in this condition there is no interatomic or intermolecular force of attraction. 3.5.2 Ideal Gases If the atoms or molecules of a gas do not interact with each other, then the gas is said to be an ideal gas or a perfect gas.",GAS OTHER SAY VERY HIGH TEMPERATURE LOW PRESSURE REAL BEHAVE IDEAL CONDITION INTERATOMIC INTERMOLECULAR FORCE ATTRACTION ATOMS MOLECULES INTERACT THEN PERFECT PRESENT PAST NOT
"Actually, in practice, no gas is ideal.",ACTUALLY PRACTICE GAS IDEAL NOT
The molecules of any gas will have a certain amount of interaction among them.,MOLECULE THEY HAVE MOLECULES GAS CERTAIN AMOUNT INTERACTION
"But, these interactions are weaker when the pressure is low or the temperature is high because the interatomic or intermolecular forces of attraction are weak in ideal gas.",INTERACTIONS WEAKER PRESSURE LOW TEMPERATURE HIGH INTERATOMIC INTERMOLECULAR FORCE ATTRACTION WEAK IDEAL GAS
"Hence, a real gas at low pressure or high temperature can be termed as a perfect gas.",GAS TERM HENCE REAL LOW PRESSURE HIGH TEMPERATURE PERFECT PAST
"Ideal gases obey Boyle’s law, Charles’s law and Avogadro’s law.",GAS LAW OBEY IDEAL BOYLE CHARLES AVOGADRO PRESENT
"All these laws state the relationship between various properties of a gas such as pressure (P), volume (V), temperature (T) and number of atoms (n).",LAW ATOM STATE LAWS RELATIONSHIP VARIOUS PROPERTIES GAS SUCH PRESSURE P VOLUME V TEMPERATURE T NUMBER ATOMS N PRESENT
"In a given state of the gas, all these parameters will have a definite set of values.",PARAMETER VALUE HAVE GIVE STATE GAS PARAMETERS DEFINITE SET PAST
"When there is a change in the state of the gas, any one or more of these parameters change its value.",ONE VALUE CHANGE STATE GAS MORE PARAMETERS PRESENT
"The above said laws relate these changes. 3.5.3 Ideal Gas Equation The ideal gas equation is an equation, which relates all the properties of an ideal gas.",WHICH GAS SAY ABOVE LAWS RELATE CHANGE IDEAL EQUATION PROPERTIES PAST PRESENT
An ideal gas obeys Boyle’s law and Charles’ law and Avogadro’s law.,IDEAL GAS OBEY BOYLE LAW CHARLES AVOGADRO PRESENT
"According to Boyle’s law, PV = constant (3.1) 10th_Science_Unit-3.indd 37 12/2/2022 5:00:48 PM 38 10th Standard Science According to Charles’s law, V/T = constant (3.2) According to Avogadro’s law, V/n = constant (3.3) After combining equations (3.1), (3.2) and (3.3), you can get the following equation.",ACCORD BOYLE LAW PV CONSTANT PM STANDARD SCIENCE CHARLES V T AVOGADRO N COMBINE EQUATIONS GET FOLLOW EQUATION
PV/nT = constant (3.4) The above relation is called the combined law of gases.,RELATION GAS CALL PV NT CONSTANT ABOVE COMBINE LAW PAST
"If you consider a gas, which contains µ moles of the gas, the number of atoms contained will be equal to µ times the Avogadro number, NA. i.e. n = µNA. (3.5) Using equation (3.5), equation (3.4) can be written as PV/ µNAT = constant The value of the constant in the above equation is taken to be kB, which is called as Boltzmann constant (1.38 × 10–23 JK–1).",WHICH CONSTANT WRITE CONSIDER GAS CONTAIN MOLES NUMBER ATOMS EQUAL Μ TIME AVOGADRO NA ΜNA USE EQUATION ΜNAT VALUE ABOVE TAKE KB CALL BOLTZMANN PRESENT PAST
"Hence, we have the following equation: PV/ µNAT = kB PV = µNA kB T Here, µNAkB = R, which is termed as universal gas constant whose value is 8.31 J mol−1 K−1.",VALUE CONSTANT HAVE HENCE FOLLOW EQUATION ΜNAT KB PV ΜNA T HERE ΜNAKB R TERM UNIVERSAL GAS J PRESENT PAST
PV = RT (3.6) Ideal gas equation is also called as equation of state because it gives the relation between the state variables and it is used to describe the state of any gas.,IT GAS CALL PV RT IDEAL EQUATION ALSO STATE GIVE RELATION VARIABLES USE DESCRIBE PAST PRESENT
Points to Remember The SI unit of heat energy absorbed or evolved is joule (J) Heat always flows from a system at higher temperature to a system at lower temperature.,POINT REMEMBER SI UNIT HEAT ENERGY ABSORB EVOLVE JOULE J ALWAYS FLOW SYSTEM HIGHER TEMPERATURE LOWER PAST HABITUAL PRESENT
Temperature is defined as the degree of hotness of a body.,TEMPERATURE BODY DEFINE DEGREE HOTNESS PAST
The SI unit of temperature is kelvin (K).,SI UNIT TEMPERATURE KELVIN K
All the substances will undergo one or more of the following changes when heated: i) Temperature of the substance rises. ii) The substance may change state from solid to liquid or gas. iii) The substance will expand when heated.,SUBSTANCE LIQUID EXPAND SUBSTANCES UNDERGO ONE MORE FOLLOW CHANGE HEAT I TEMPERATURE RISE STATE SOLID GAS III PAST
"All forms of matter (solid, liquid and gas) undergo expansion on heating.",FORM HEAT UNDERGO MATTER SOLID LIQUID GAS EXPANSION PRESENT
"For a given rise in temperature, a liquid will have more expansion than a solid and a gaseous substance has the highest expansion than the other two.",SUBSTANCE TWO HAVE GIVE RISE TEMPERATURE LIQUID MORE EXPANSION SOLID GASEOUS HIGHEST OTHER PAST PRESENT
"If a liquid is heated directly without using any container, then the expansion that you observe is termed as real expansion of the liquid.",YOU LIQUID TERM HEAT DIRECTLY USE CONTAINER THEN EXPANSION OBSERVE REAL PAST PRESENT
The expansion of a liquid apparently observed without considering the expansion of the container is called the apparent expansion of liquid.,EXPANSION LIQUID OBSERVE APPARENTLY CONSIDER CONTAINER CALL APPARENT PAST
"For a given heat energy, the real expansion is always more than that of apparent expansion.",GIVE HEAT ENERGY REAL EXPANSION ALWAYS MORE APPARENT PAST HABITUAL
"If the atoms or molecules of a gas do not interact with each other, then the gas is said to be an ideal gas or a perfect gas.",GAS OTHER SAY ATOMS MOLECULES INTERACT THEN IDEAL PERFECT PAST NOT
"Ideal gas equation, also called as equation of state is PV = RT.",EQUATION RT CALL IDEAL GAS ALSO STATE PV PAST
"Here, R is known as universal gas constant whose value is 8.31 J mol −1K −1 Solved Problems Example 1 A container whose capacity is 70 ml is filled with a liquid up to 50 ml.",ML LIQUID FILL HERE R KNOW UNIVERSAL GAS CONSTANT VALUE J MOL K SOLVE PROBLEMS EXAMPLE CONTAINER CAPACITY PAST
"Then, the liquid in the container is heated.",LIQUID CONTAINER HEAT THEN PAST
"Initially, the level of the liquid falls from 50 ml to 48.5 ml.",LEVEL ML FALL INITIALLY LIQUID PRESENT
"Then we heat more, the level of the liquid rises to 51.2 ml.",LEVEL ML HEAT THEN MORE LIQUID RISE PRESENT
"Find the apparent and real expansion. 10th_Science_Unit-3.indd 38 12/2/2022 5:00:48 PM 39 Thermal Physics Data: Level of the liquid L1 = 50 ml Level of the liquid L2 = 48.5 ml Level of the liquid L3 = 51.2 ml Apparent expansion = L3 − L1 = 51.2 ml – 50 ml = 1.2ml Real expansion = L3 − L2 = 51.2 ml – 48.5ml = 2.7ml So, Real expansion > apparent expansion Example 2 Keeping the temperature as constant, a gas is compressed four times of its initial pressure.",GAS PRESSURE COMPRESS FIND APPARENT REAL EXPANSION PM THERMAL PHYSICS DATA LEVEL LIQUID ML EXAMPLE KEEP TEMPERATURE CONSTANT FOUR TIME INITIAL PRESENT PAST
The volume of gas in the container changing from 20cc (V1 cc) to V2 cc.,VOLUME GAS CONTAINER CHANGE CC
Find the final volume V2.,FIND FINAL VOLUME
Data: Initial pressure (P1)= P Final Pressure (P2) = 4P Initial volume (V1) = 20cc = 20cm3 Final volume (V2) = ?,DATA INITIAL PRESSURE P FINAL VOLUME PRESENT QUESTION
"Using Boyle's Law, PV = constant P1V1 = P2V2 V2 = P1 P2 × V1 = P 4P × 20cm3 V2 = 5 cm3 I.",USE BOYLE LAW PV CONSTANT P
Choose the correct answer 1.,CHOOSE CORRECT ANSWER
The value of universal gas constant a) 3.81 Jmol–1 K–1 b) 8.03 Jmol–1 K–1 c) 1.38 Jmol–1 K–1 d) 8.31 Jmol–1 K–1 2.,VALUE UNIVERSAL GAS CONSTANT B C D
"If a substance is heated or cooled, the change in mass of that substance is a) positive b) negative c) zero d) none of the above 3.",SUBSTANCE HEAT COOL CHANGE MASS POSITIVE B NEGATIVE C ZERO NONE ABOVE PAST NOT
"If a substance is heated or cooled, the linear expansion occurs along the axis of a) X or –X b) Y or –Y c) both (a) and (b) d) (a) or (b) 4.",EXPANSION X OCCUR SUBSTANCE HEAT COOL LINEAR AXIS B Y C D PAST PRESENT
Temperature is the average ___________ of the molecules of a substance a) difference in K.E and P.E b) sum of P.E and K.E c) difference in T.E and P.E d) difference in K.E and T.E TEXTBOOK EVALUATION 5.,TEMPERATURE AVERAGE MOLECULES SUBSTANCE DIFFERENCE B SUM C D TEXTBOOK EVALUATION
"In the Given diagram, the possible direction of heat energy transformation is II.",GIVE DIAGRAM POSSIBLE DIRECTION HEAT ENERGY TRANSFORMATION II PAST
Fill in the blanks: 1.,FILL BLANK
The value of Avogadro number ________ 2.,VALUE AVOGADRO NUMBER
The temperature and heat are _________ quantities 3.,TEMPERATURE HEAT QUANTITIES
One calorie is the amount of heat energy required to raise the temperature of _______ of water through______. 4.,ONE CALORIE AMOUNT HEAT ENERGY REQUIRE RAISE TEMPERATURE WATER PAST
"According to Boyle’s law, the shape of the graph between pressure and reciprocal of volume is ________________ III.",ACCORD BOYLE LAW SHAPE GRAPH PRESSURE RECIPROCAL VOLUME III
"State whether the following statements are true or false, if false explain why? 1.",STATE FOLLOW STATEMENTS TRUE FALSE EXPLAIN
"For a given heat in liquid, the apparent expansion is more than that of real expansion. 10th_Science_Unit-3.indd 39 12/2/2022 5:00:48 PM 40 10th Standard Science 2.",GIVE HEAT LIQUID APPARENT EXPANSION MORE REAL PM STANDARD SCIENCE PAST
Thermal energy always flows from a system at higher temperature to a system at lower temperature. 3.,ENERGY TEMPERATURE FLOW THERMAL ALWAYS SYSTEM HIGHER LOWER HABITUAL PRESENT
"According to Charles’s law, at constant pressure, the temperature is inversely proportional to volume.",ACCORD CHARLES LAW CONSTANT PRESSURE TEMPERATURE INVERSELY PROPORTIONAL VOLUME
IV.,IV
Match the items in column-I to the items in column-II Column-I Column-II 1.,MATCH ITEMS COLUMN II I
Linear expansion - (a) change in volume 2.,LINEAR EXPANSION CHANGE VOLUME
Superficial expansion - (b) hot body to cold body 3.,SUPERFICIAL EXPANSION B HOT BODY COLD
Cubical expansion - (c) 1.381 X 10-23 JK-1 4.,CUBICAL EXPANSION C X
Heat transformation - (d) change in length 5.,HEAT TRANSFORMATION CHANGE LENGTH
Boltzmann constant - (e) change in area V.,BOLTZMANN CONSTANT E CHANGE AREA
Assertion and reason type questions a.,ASSERTION REASON TYPE QUESTION
Both the assertion and the reason are true and the reason is the correct explanation of the assertion. b.,ASSERTION REASON TRUE CORRECT EXPLANATION
Both the assertion and the reason are true but the reason is not the correct explanation of the assertion. c.,ASSERTION REASON TRUE CORRECT EXPLANATION NOT
Assertion is true but the reason is false. d.,ASSERTION TRUE REASON FALSE
Assertion is false but the reason is true. 1.,ASSERTION FALSE REASON TRUE
"Assertion: If one end of the rod is heated,other end also is heated.",END ROD HEAT ASSERTION ONE OTHER ALSO PAST
Reason: Heat always flows from a region of lower temperature to higher temperature of the rod. 2.,HEAT ROD FLOW REASON ALWAYS REGION LOWER TEMPERATURE HIGHER HABITUAL PRESENT
Assertion: Gas is highly compressible than solid and liquid Reason: Interatomic or intermolecular distance in the gas is comparably high.,ASSERTION GAS HIGHLY COMPRESSIBLE SOLID LIQUID REASON INTERATOMIC INTERMOLECULAR DISTANCE COMPARABLY HIGH
VI.,VI
Answer in briefly 1.,ANSWER BRIEFLY
Define one calorie. 2.,DEFINE ONE CALORIE
"Distinguish between linear, arial or superficial expansion. 3.",DISTINGUISH LINEAR ARIAL SUPERFICIAL EXPANSION
What is co-efficient of cubical expansion? 4.,CO EFFICIENT CUBICAL EXPANSION
State Boyle’s law 5.,STATE BOYLE LAW
State-the law of volume 6.,STATE LAW VOLUME
Distinguish between ideal gas and real gas. 7.,DISTINGUISH IDEAL GAS REAL
What is co-efficient of real expansion? 8.,CO EFFICIENT REAL EXPANSION
What is co-efficient of apparant expansion?,CO EFFICIENT APPARANT EXPANSION WHAT
VII.,VII
Numerical problems 1.,NUMERICAL PROBLEMS
Find the final temperature of a copper rod.,FIND FINAL TEMPERATURE COPPER ROD
Whose area of cross section changes from 10 m 2 to 11 m 2 due to heating.,AREA CROSS SECTION CHANGE M DUE HEAT
The copper rod is initially kept at 90 K. (Coefficient of superficial expansion is 0.0021 /K) 2.,COEFFICIENT EXPANSION KEEP COPPER ROD INITIALLY SUPERFICIAL PAST
Calculate the coefficient of cubical expansion of a zinc bar.,CALCULATE COEFFICIENT CUBICAL EXPANSION ZINC BAR
Whose volume is increased 0.25 m 3 from 0.3 m 3 due to the change in its temperature of 50 K.,VOLUME K. INCREASE M CHANGE TEMPERATURE PAST
VIII.,VIII
Answer in detail 1.,ANSWER DETAIL
Derive the ideal gas equation. 2.,DERIVE IDEAL GAS EQUATION
Explain the experiment of measuring the real and apparent expansion of a liquid with a neat diagram.,EXPLAIN EXPERIMENT MEASURE REAL APPARENT EXPANSION LIQUID NEAT DIAGRAM
IX.,IX
"HOT question If you keep ice at 0°C and water at 0°C in either of your hands, in which hand you will feel more chillness?",HOT QUESTION KEEP ICE C WATER HAND FEEL MORE CHILLNESS PRESENT WHICH
Why?,WHY
REFERENCE BOOKS Thermodynamics and an introduction to thermo statistics by Herbert Hallen Fundamentals of Engineering Thermodynamics by Michael Moran.,REFERENCE BOOK THERMODYNAMICS INTRODUCTION THERMO STATISTICS HERBERT HALLEN FUNDAMENTALS ENGINEER MICHAEL MORAN
INTERNET RESOURCE http://aplusphysics.com/courses/honors/ thermo/thermal_physics.html 10th_Science_Unit-3.indd 40 12/2/2022 5:00:48 PM 41 Thermal Physics ICT CORNER Boyle’s law • Open the browser and type “physics-chemistry-interactive-flash-animation.com/matter_change_ state_measurement_mass_volume/pressure_volume_boyle_mariotte_law_ideal_gas_closed_system_ MCQ.htm” in the address bar.,10th_science_unit-3.indd BAR OPEN INTERNET RESOURCE THERMO PM THERMAL PHYSICS ICT CORNER BOYLE LAW BROWSER TYPE ADDRESS
Click enter to start the experiment. • Change the volume by adjusting the piston of the syringe ( between 20 ml to 80 ml) and observe how the pressure changes. • Tabulate observed values.,CLICK ENTER START EXPERIMENT CHANGE VOLUME ADJUST PISTON SYRINGE ML OBSERVE PRESSURE TABULATE VALUE PAST PRESENT
You will observe when volume decreases pressure inside the syringe gets increased and vice versa.,VOLUME SYRINGE OBSERVE DECREASE PRESSURE INCREASE VICE VERSA PRESENT PAST
Thus boyle’s law ( PV = constant) verified.,THUS BOYLE LAW PV CONSTANT VERIFY PAST
"Cells alive URL: http://www.physics-chemistry-interactive-flash-animation.com/matter_ change_state_measurement_mass_volume/pressure_volume_boyle_mariotte_law_ ideal_gas_closed_system_MCQ.htm Steps In this activity you will be able to verify pressure is proportional to reciprocal of volume (Boyle’s law). 10th_Science_Unit-3.indd 41 12/2/2022 5:00:49 PM 42 10 th Standard Science INTRODUCTION You have already learnt about electricity in your lower classes, haven’t you?",YOU LEARN CELLS ALIVE URL STEP ACTIVITY ABLE VERIFY PRESSURE PROPORTIONAL RECIPROCAL VOLUME BOYLE LAW PM TH STANDARD SCIENCE INTRODUCTION ALREADY ELECTRICITY LOWER CLASS PAST QUESTION
"Well, electricity deals with the flow of electric charges through a conductor.",ELECTRICITY DEAL FLOW ELECTRIC CHARGE CONDUCTOR
As a common term it refers to a form of energy.,IT ENERGY REFER COMMON TERM FORM PRESENT
The usage of electric current in our day to day life is very important and indispensable.,USAGE ELECTRIC CURRENT DAY LIFE VERY IMPORTANT INDISPENSABLE
"You are already aware of the fact that it is used in houses, educational institutions, hospitals, industries, etc.",ALREADY AWARE FACT USE HOUSE EDUCATIONAL INSTITUTIONS HOSPITALS INDUSTRIES PAST
"Therefore, its generation and transmission becomes a very crucial aspect of our life.",GENERATION LIFE BECOME THEREFORE TRANSMISSION VERY CRUCIAL ASPECT PRESENT
In this lesson you will learn various terms used in understanding the concept of electricity.,YOU ELECTRICITY LEARN LESSON VARIOUS TERM USE UNDERSTAND CONCEPT PAST
"Eventually, you will realise the importance of the applications of electricity in day to day situations. 4.1 ELECTRIC CURRENT The motion of electric charges (electrons) through a conductor (e.g., copper wire) will constitute an electric current.",MOTION CURRENT CONSTITUTE EVENTUALLY REALISE IMPORTANCE APPLICATIONS ELECTRICITY DAY SITUATIONS ELECTRIC CHARGE ELECTRONS CONDUCTOR COPPER WIRE
This is similar to the flow of water through a channel or flow of air from a region of high pressure to a region of low pressure.,SIMILAR FLOW WATER CHANNEL AIR REGION HIGH PRESSURE LOW
"In a similar manner, the electric current passes from the positive terminal (higher electric potential) of a battery to the negative terminal (lower electric potential) through a wire as shown in the Figure 4.1. 4.1.1 Definition of electric current Electric current is often termed as ‘current’ and it is represented by the symbol ‘I’.",IT SYMBOL TERM SIMILAR MANNER ELECTRIC CURRENT PASS POSITIVE TERMINAL HIGHER POTENTIAL BATTERY NEGATIVE LOWER WIRE SHOW FIGURE DEFINITION OFTEN REPRESENT PRESENT PAST HABITUAL
It is defined as the rate of flow of charges in a conductor.,IT CONDUCTOR DEFINE RATE FLOW CHARGE PAST
This means that the electric current represents the amount of charges flowing in any cross section of a conductor (say a metal wire) in unit time.,CURRENT TIME MEAN ELECTRIC REPRESENT AMOUNT CHARGE FLOW CROSS SECTION CONDUCTOR SAY METAL WIRE UNIT PRESENT
"If a net charge ‘Q’ passes through any cross section of a conductor in Figure 4.1 Electron flow Learning Objectives At the end of this lesson, students will be able to: Make an electric circuit.",NET CHARGE Q PASS CROSS SECTION CONDUCTOR FIGURE ELECTRON FLOW LEARN OBJECTIVES END LESSON STUDENTS ABLE MAKE ELECTRIC CIRCUIT PRESENT
Differentiate between electric potential and potential difference.,DIFFERENTIATE ELECTRIC POTENTIAL DIFFERENCE
Infer what electrical resistivity and conductivity mean.,INFER ELECTRICAL RESISTIVITY CONDUCTIVITY MEAN
Know the effective resistance of a system of resistors connected in series and parallel.,KNOW EFFECTIVE RESISTANCE SYSTEM RESISTORS CONNECT SERIES PARALLEL PAST
Understand the heating effect of the electric current.,UNDERSTAND HEAT EFFECT ELECTRIC CURRENT
Define electric power and electric energy and explain domestic electric circuits.,DEFINE ELECTRIC POWER ENERGY EXPLAIN DOMESTIC CIRCUIT
"Know the modern appliances such as LED bulb and LED television. 43 Electricity time ‘t’, then the current flowing through the conductor is I = (4.1) 4.1.2 SI unit of electric current The SI unit of electric current is ampere (A).",UNIT CURRENT KNOW MODERN APPLIANCES SUCH LEAD BULB TELEVISION ELECTRICITY TIME T THEN FLOW CONDUCTOR SI ELECTRIC AMPERE PAST
"The current flowing through a conductor is said to be one ampere, when a charge of one coulomb flows across any cross-section of a conductor, in one second.",CHARGE SECOND SAY CURRENT FLOW CONDUCTOR ONE AMPERE COULOMB CROSS SECTION PAST PRESENT
"Hence, 1 ampere = .",HENCE AMPERE
Solved Problem-1 A charge of 12 coulomb flows through a bulb in 5 second.,CHARGE SECOND FLOW SOLVE COULOMB BULB PRESENT
What is the current through the bulb?,CURRENT BULB WHAT
"Solution: Charge Q = 12 C, Time t = 5 s.",SOLUTION CHARGE Q C TIME T
"Therefore, current I = = = 2.4 A 4.2 ELECTRIC CIRCUIT An electric circuit is a closed conducting loop (or) path, which has a network of electrical components through which electrons are able to flow.",ELECTRON WHICH = THEREFORE CURRENT ELECTRIC CIRCUIT CLOSE CONDUCT LOOP PATH NETWORK ELECTRICAL COMPONENTS ELECTRONS ABLE FLOW PRESENT
This path is made using electrical wires so as to connect an electric appliance to a source of electric charges (battery).,PATH CHARGE MAKE USE ELECTRICAL WIRE CONNECT ELECTRIC APPLIANCE SOURCE BATTERY PAST
"A schematic diagram of an electric circuit comprising of a battery, an electric bulb, and a switch is given in Figure 4.2.",SWITCH FIGURE GIVE SCHEMATIC DIAGRAM ELECTRIC CIRCUIT COMPRISE BATTERY BULB PAST
Figure 4.2 A simple electric circuit Table 4.1 Symbols of some components of a circuit COMPONENT USE OF THE COMPONENT SYMBOL USED Resistor Used to fix the magnitude of the current through a circuit Variable resistor or Rheostat Used to select the magnitude of the current through a circuit.,FIGURE SIMPLE ELECTRIC CIRCUIT TABLE SYMBOLS COMPONENTS COMPONENT USE SYMBOL RESISTOR FIX MAGNITUDE CURRENT VARIABLE RHEOSTAT SELECT PAST
Ammeter Used to measure the current.,AMMETER CURRENT USE MEASURE PAST
Voltmeter Used to measure the potential difference.,VOLTMETER DIFFERENCE USE MEASURE POTENTIAL PAST
Galvanometer Used to detect the current and its direction.,GALVANOMETER CURRENT USE DETECT DIRECTION PAST
A diode It is used in electronic devices.,DIODE USE ELECTRONIC DEVICES PAST
Light Emitting Diode (LED) It is used in seven segment display.,IT DISPLAY USE LIGHT EMIT DIODE LEAD SEVEN SEGMENT PAST
Ground connection Used to provide protection to the electrical components.,GRIND CONNECTION USE PROVIDE PROTECTION ELECTRICAL COMPONENTS PAST
"It also serves as a reference point to measure the electric potential. 10th_Science_Unit-4.indd 43 12/2/2022 5:04:06 PM 44 10 th Standard Science In this circuit, if the switch is ‘on’, the bulb glows.",SWITCH CIRCUIT GLOW ALSO SERVE REFERENCE POINT MEASURE ELECTRIC POTENTIAL PM STANDARD SCIENCE BULB PRESENT
"If it is switched off, the bulb does not glow.",SWITCH BULB GLOW PAST NOT
"Therefore, the circuit must be closed in order that the current passes through it.",CURRENT IT CLOSE THEREFORE CIRCUIT ORDER PASS PAST PRESENT
The potential difference required for the flow of charges is provided by the battery.,DIFFERENCE BATTERY PROVIDE POTENTIAL REQUIRE FLOW CHARGE PAST
The electrons flow from the negative terminal to the positive terminal of the battery.,ELECTRON BATTERY FLOW ELECTRONS NEGATIVE TERMINAL POSITIVE PRESENT
"By convention, the direction of current is taken as the direction of flow of positive charge (or) opposite to the direction of flow of electrons.",DIRECTION ELECTRON TAKE CONVENTION CURRENT FLOW POSITIVE CHARGE OPPOSITE ELECTRONS PAST
"Thus, electric current passes in the circuit from the positive terminal to the negative terminal. 4.2.1 Electrical components The electric circuit given in Figure 4.2 consists of different components, such as a battery, a switch and a bulb.",THUS ELECTRIC CURRENT PASS CIRCUIT POSITIVE TERMINAL NEGATIVE ELECTRICAL COMPONENTS GIVE FIGURE CONSIST DIFFERENT SUCH BATTERY SWITCH BULB PAST PRESENT
All these components can be represented by using certain symbols.,COMPONENT SYMBOL REPRESENT COMPONENTS USE CERTAIN SYMBOLS PAST
It is easier to represent the components of a circuit using their respective symbols.,EASIER REPRESENT COMPONENTS CIRCUIT USE RESPECTIVE SYMBOLS
The symbols that are used to represent some commonly used components are given in Table 4.1.,THAT TABLE GIVE SYMBOLS USE REPRESENT COMMONLY COMPONENTS PAST
The uses of these components are also summarized in the table. 4.3 ELECTRIC POTENTIAL AND POTENTIAL DIFFERENCE You are now familiar with the water current and air current.,YOU CURRENT SUMMARIZE USE COMPONENTS ALSO TABLE ELECTRIC POTENTIAL DIFFERENCE NOW FAMILIAR WATER AIR PAST PRESENT
You also know that there must be a difference in temperature between two points in a solid for the heat to flow in it.,HEAT IT KNOW ALSO DIFFERENCE TEMPERATURE TWO POINT SOLID FLOW PRESENT
"Similarly, a difference in electric potential is needed for the flow of electric charges in a conductor.",DIFFERENCE CONDUCTOR NEED SIMILARLY ELECTRIC POTENTIAL FLOW CHARGE PAST
"In the conductor, the charges will flow from a point in it, which is at a higher electric potential to a point, which is at a lower electric potential. 4.3.1 Electric Potential The electric potential at a point is defined as the amount of work done in moving a unit positive charge from infinity to that point against the electric force. 4.3.2 Electric Potential Difference The electric potential difference between two points is defined as the amount of work done in moving a unit positive charge from one point to another point against the electric force.",DIFFERENCE FORCE DEFINE CONDUCTOR CHARGE FLOW POINT HIGHER ELECTRIC POTENTIAL LOWER AMOUNT WORK MOVE UNIT POSITIVE INFINITY TWO ONE PAST
"Q A B Figure 4.3 Electric potential Suppose, you have moved a charge Q from a point A to another point B.",YOU POINT MOVE Q B FIGURE ELECTRIC POTENTIAL SUPPOSE CHARGE PAST
Let ‘W’ be the work done to move the charge from A to B.,W B. LET WORK MOVE CHARGE PAST
"Then, the potential difference between the points A and B is given by the following expression: Potential = (4.2) Difference (V) Potential difference is also equal to the difference in the electric potential of these two points.",THEN POTENTIAL DIFFERENCE POINT B GIVE FOLLOW EXPRESSION V ALSO EQUAL ELECTRIC TWO PAST
"If VA and VB represent the electric potential at the points A and B respectively, then, the potential difference between the points A and B is given by: V = VA – VB (if VA is more than VB) V = VB – VA (if VB is more than VA) 4.3.3 Volt The SI unit of electric potential or potential difference is volt (V).",VA VB REPRESENT ELECTRIC POTENTIAL POINT B RESPECTIVELY THEN DIFFERENCE GIVE V MORE VOLT SI UNIT PRESENT PAST
"The potential difference between two points is one volt, if one joule of work is done in moving one coulomb of charge from one point to another against the electric force. 1volt = Solved Problem-2 The work done in moving a charge of 10 C across two points in a circuit is 100 J.",POTENTIAL DIFFERENCE TWO POINT ONE VOLT JOULE WORK MOVE COULOMB CHARGE ELECTRIC FORCE SOLVE C CIRCUIT PAST
"What is the potential difference between the points? 10th_Science_Unit-4.indd 44 12/2/2022 5:04:06 PM 45 Electricity Solution: Charge, Q = 10 C Work Done, W = 100 J Potential Difference V = = .",POTENTIAL DIFFERENCE POINT PM ELECTRICITY SOLUTION CHARGE Q C WORK W J V
"Therefore, V = 10 volt 4.4 OHM’S LAW A German physicist, Georg Simon Ohm established the relation between the potential difference and current, which is known as Ohm’s Law.",WHICH LAW ESTABLISH THEREFORE V VOLT OHM GERMAN PHYSICIST GEORG SIMON RELATION POTENTIAL DIFFERENCE CURRENT KNOW PAST
This relationship can be understood from the following activity.,RELATIONSHIP ACTIVITY UNDERSTAND FOLLOW PAST
"Figure 4.4 Electric circuit to understand Ohm’s law According to Ohm’s law, at a constant temperature, the steady current ‘I’ flowing through a conductor is directly proportional to the potential difference ‘V’ between the two ends of the conductor.",FIGURE ELECTRIC CIRCUIT UNDERSTAND OHM LAW ACCORD CONSTANT TEMPERATURE STEADY CURRENT FLOW CONDUCTOR DIRECTLY PROPORTIONAL POTENTIAL DIFFERENCE V TWO END
"Hence, = constant.",HENCE CONSTANT
"The value of this proportionality constant is found to be Therefore, I = V V = I R (4.3) Here, R is a constant for a given material (say Nichrome) at a given temperature and is known as the resistance of the material.",VALUE PROPORTIONALITY CONSTANT FIND THEREFORE V R HERE GIVE MATERIAL SAY NICHROME TEMPERATURE KNOW RESISTANCE PAST PRESENT
"Since, the potential difference V is proportional to the current I, the graph between V and I is a straight line for a conductor, as shown in the Figure 4.5.",POTENTIAL DIFFERENCE V PROPORTIONAL CURRENT GRAPH STRAIGHT LINE CONDUCTOR SHOW FIGURE PAST
"Figure 4.5 Relation between potential difference and current 4.5 RESISTANCE OF A MATERIAL In Figure 4.4, a Nichrome wire was connected between X and Y.",WIRE X FIGURE RELATION POTENTIAL DIFFERENCE CURRENT RESISTANCE MATERIAL NICHROME CONNECT PAST
"If you replace the Nichrome wire with a copper wire and conduct the same experiment, you will notice a different current for the same value of the potential difference across the wire.",YOU WIRE NOTICE REPLACE NICHROME COPPER CONDUCT SAME EXPERIMENT DIFFERENT CURRENT VALUE POTENTIAL DIFFERENCE PRESENT
"If you again replace the copper wire with an aluminium wire, you will get another value for the current passing through it.",YOU IT GET AGAIN REPLACE COPPER WIRE ALUMINIUM VALUE CURRENT PASS PRESENT
"From equation (4.3), you have learnt that V/I must be equal to the resistance of the conductor used.",I CONDUCTOR LEARN EQUATION V EQUAL RESISTANCE USE PAST
The variations in the current for the same values of potential difference indicate that the resistance of different materials is different.,RESISTANCE MATERIAL INDICATE VARIATIONS CURRENT SAME VALUE POTENTIAL DIFFERENCE DIFFERENT MATERIALS PRESENT
"Now, the primary question is, “what is resistance?” Resistance of a material is its property to oppose the flow of charges and hence the passage of current through it.",NOW PRIMARY QUESTION RESISTANCE MATERIAL PROPERTY OPPOSE FLOW CHARGE HENCE PASSAGE CURRENT PRESENT
It is different for different materials.,DIFFERENT MATERIALS
"From Ohm’s Law, = R.",OHM LAW
"The resistance of a conductor can be defined as the ratio between the potential difference across the ends of the conductor and the current flowing through it. 4.5.1 Unit of Resistance The SI unit of resistance is ohm and it is represented by the symbol Ω. 10th_Science_Unit-4.indd 45 12/2/2022 5:04:06 PM 46 10 th Standard Science Resistance of a conductor is said to be one ohm if a current of one ampere flows through it when a potential difference of one volt is maintained across its ends. 1 ohm = Solved Problem-3 Calculate the resistance of a conductor through which a current of 2 A passes, when the potential difference between its ends is 30 V.",DIFFERENCE END CALCULATE RESISTANCE CONDUCTOR DEFINE RATIO POTENTIAL CURRENT FLOW UNIT SI OHM REPRESENT SYMBOL PM STANDARD SCIENCE SAY ONE AMPERE VOLT MAINTAIN SOLVE PASS PAST PRESENT
"Solution: Current through the conductor I = 2 A, Potential Difference V = 30 V From Ohm’s Law: R = .",I LAW = SOLUTION CURRENT CONDUCTOR POTENTIAL DIFFERENCE V OHM R PRESENT
"Therefore, R = = 15 Ω 4.6 ELECTRICAL RESISTIVITY & ELECTRICAL CONDUCTIVITY 4.6.1 Electrical Resistivity You can verify by doing an experiment that the resistance of any conductor ‘R’ is directly proportional to the length of the conductor ‘L’ and is inversely proportional to its area of cross section ‘A’.",RESISTANCE SECTION CONDUCTIVITY THEREFORE R Ω ELECTRICAL RESISTIVITY VERIFY DO EXPERIMENT CONDUCTOR DIRECTLY PROPORTIONAL LENGTH L INVERSELY AREA CROSS PAST
"R L, R , Hence , R Therefore, R = ρ (4.4) Where, ρ (rho) is a constant, called as electrical resistivity or specific resistance of the material of the conductor.",R L HENCE THEREFORE Ρ RHO CONSTANT CALL ELECTRICAL RESISTIVITY SPECIFIC RESISTANCE MATERIAL CONDUCTOR PAST
"From equation (4.4), ρ = If L = 1 m, A = 1 m 2 then, from the above equation ρ = R Hence, the electrical resistivity of a material is defined as the resistance of a conductor of unit length and unit area of cross section.",RESISTIVITY SECTION DEFINE EQUATION Ρ L M THEN ABOVE R HENCE ELECTRICAL MATERIAL RESISTANCE CONDUCTOR UNIT LENGTH AREA CROSS PAST
Its unit is ohm metre.,UNIT OHM METRE
Electrical resistivity of a conductor is a measure of the resisting power of a specified material to the passage of an electric current.,ELECTRICAL RESISTIVITY CONDUCTOR MEASURE RESIST POWER SPECIFY MATERIAL PASSAGE ELECTRIC CURRENT PAST
It is a constant for a given material.,CONSTANT GIVE MATERIAL PAST
Nichrome is a conductor with highest resistivity equal to 1.5 × 10 –6 Ω m.,NICHROME CONDUCTOR HIGHEST RESISTIVITY EQUAL Ω
"Hence, it is used in making heating elements. 4.6.2 Conductance and Conductivity Conductance of a material is the property of a material to aid the flow of charges and hence, the passage of current in it.",CONDUCTANCE IT USE HENCE MAKE HEAT ELEMENTS CONDUCTIVITY MATERIAL PROPERTY AID FLOW CHARGE PASSAGE CURRENT PAST
The conductance of a material is mathematically defined as the reciprocal of its resistance (R).,CONDUCTANCE RESISTANCE DEFINE MATERIAL MATHEMATICALLY RECIPROCAL R PAST
"Hence, the conductance ‘G’ of a conductor is given by G = (4.5) Its unit is ohm –1.",UNIT = GIVE HENCE CONDUCTANCE G CONDUCTOR OHM PAST
It is also represented as ‘mho’.,IT MHO REPRESENT ALSO PAST
The reciprocal of electrical resistivity of a material is called its electrical conductivity. = (4.6) Its unit is ohm –1 metre –1.,UNIT MATERIAL CALL RECIPROCAL ELECTRICAL RESISTIVITY CONDUCTIVITY OHM METRE PAST
It is also represented as mho metre –1.,IT METRE REPRESENT ALSO MHO PAST
The conductivity is a constant for a given material.,CONDUCTIVITY CONSTANT GIVE MATERIAL PAST
Electrical conductivity of a conductor is a measure of its ability to pass the current through it.,ELECTRICAL CONDUCTIVITY CONDUCTOR MEASURE ABILITY PASS CURRENT
Some materials are good conductors of electric current.,MATERIALS GOOD CONDUCTORS ELECTRIC CURRENT
"Example: copper, aluminium, etc.",EXAMPLE COPPER ALUMINIUM
While some other materials are non- conductors of electric current (insulators).,OTHER MATERIALS CONDUCTORS ELECTRIC CURRENT INSULATORS
"Example: glass, wood, rubber, etc.",EXAMPLE GLASS WOOD RUBBER
Conductivity is more for conductors than for insulators.,CONDUCTIVITY MORE CONDUCTORS INSULATORS
"But, the resistivity is less for 10th_Science_Unit-4.indd 46 12/2/2022 5:04:06 PM 47 Electricity conductors than for insulators.",RESISTIVITY LESS PM ELECTRICITY CONDUCTORS INSULATORS
The resistivity of some commonly used materials is given in Table 4.2.,RESISTIVITY TABLE GIVE COMMONLY USE MATERIALS PAST
Table 4.2 Resistivity of some materials NATURE OF THE MATERIAL MATERIAL RESISTIVITY (Ω m) Conductor Copper 1.62 × 10 –8 Nickel 6.84 × 10 –8 Chromium 12.9 × 10 –8 Insulator Glass 10 10 to 10 14 Rubber 10 13 to 10 16 Solved Problem-4 The resistance of a wire of length 10 m is 2 ohm.,TABLE RESISTIVITY MATERIALS NATURE MATERIAL Ω M CONDUCTOR COPPER NICKEL CHROMIUM INSULATOR GLASS RUBBER SOLVE RESISTANCE WIRE LENGTH OHM
"If the area of cross section of the wire is 2 × 10 –7 m 2, determine its (i) resistivity (ii) conductance and (iii) conductivity Solution: Given: Length, L = 10 m, Resistance, R = 2 ohm and Area, A = 2 × 10 –7 m 2 Resistivity, = = = 4 × 10 –8 Ω m Conductance, G = = = 0.5 mho Conductivity, = = = 0.25 × 10 8 mho m –1 4.7 SYSTEM OF RESISTORS So far, you have learnt how the resistance of a conductor affects the current through a circuit.",RESISTANCE CIRCUIT DETERMINE AREA CROSS SECTION WIRE M I RESISTIVITY II CONDUCTANCE III CONDUCTIVITY SOLUTION GIVE LENGTH L R OHM Ω G MHO SYSTEM RESISTORS FAR LEARN CONDUCTOR AFFECT CURRENT PAST PRESENT
You have also studied the case of the simple electric circuit containing a single resistor.,YOU RESISTOR STUDY ALSO CASE SIMPLE ELECTRIC CIRCUIT CONTAIN SINGLE PAST
"Now in practice, you may encounter a complicated circuit, which uses a combination of many resistors.",WHICH RESISTOR ENCOUNTER NOW PRACTICE COMPLICATE CIRCUIT USE COMBINATION MANY RESISTORS PRESENT
This combination of resistors is known as ‘system of resistors’ or ‘grouping of resistors’.,COMBINATION RESISTOR KNOW RESISTORS SYSTEM GROUP PAST
Resistors can be connected in various combinations.,RESISTOR COMBINATION CONNECT RESISTORS VARIOUS COMBINATIONS PAST
"The two basic methods of joining resistors together are: a) Resistors connected in series, and b) Resistors connected in parallel.",RESISTORS PARALLEL CONNECT TWO BASIC METHODS JOIN TOGETHER SERIES PAST
"In the following sections, you shall compute the effective resistance when many resistors having different resistance values are connected in series and in parallel. 4.7.1 Resistors in series A series circuit connects the components one after the other to form a ‘single loop’.",CIRCUIT LOOP CONNECT FOLLOW SECTION COMPUTE EFFECTIVE RESISTANCE MANY RESISTORS HAVE DIFFERENT VALUE SERIES PARALLEL COMPONENTS ONE OTHER FORM SINGLE PAST PRESENT
A series circuit has only one loop through which current can pass.,CURRENT WHICH HAVE SERIES CIRCUIT ONLY ONE LOOP PASS PRESENT
"If the circuit is interrupted at any point in the loop, no current can pass through the circuit and hence no electric appliances connected in the circuit will work.",APPLIANCE CIRCUIT PASS INTERRUPT POINT LOOP CURRENT HENCE ELECTRIC APPLIANCES CONNECT WORK PAST NOT
Series circuits are commonly used in devices such as flashlights.,CIRCUIT FLASHLIGHT USE SERIES COMMONLY DEVICES SUCH FLASHLIGHTS PAST
"Thus, if resistors are connected end to end, so that the same current passes through each of them, then they are said to be connected in series.",THEY SERIES SAY THUS RESISTORS CONNECT END SAME CURRENT PASS THEN PRESENT PAST
"Figure 4.6 Series connection of resistors Let, three resistances R1, R2 and R3 be connected in series (Figure 4.6).",R1 SERIES CONNECT FIGURE CONNECTION RESISTORS LET THREE RESISTANCES PAST
Let the current flowing through them be I.,CURRENT THEY LET FLOW PRESENT
"According to Ohm’s Law, the potential differences V1, V2 and V3 across R1, R2 and R3 respectively, are given by: V1 = I R1 (4.7) V2 = I R2 ( 4.8) V3 = I R3 (4.9) The sum of the potential differences across the ends of each resistor is given by: V = V1 + V2 + V3 10th_Science_Unit-4.indd 47 12/2/2022 5:04:06 PM 48 10 th Standard Science Using equations (4.7), (4.8) and (4.9), we get V = I R1 + I R2 + I R3 (4.10) The effective resistor is a single resistor, which can replace the resistors effectively, so as to allow the same current through the electric circuit.",WHICH CIRCUIT GET ACCORD OHM LAW POTENTIAL DIFFERENCES RESPECTIVELY GIVE SUM END RESISTOR V PM STANDARD SCIENCE USE EQUATIONS EFFECTIVE SINGLE REPLACE RESISTORS EFFECTIVELY ALLOW SAME CURRENT ELECTRIC PAST PRESENT
"Let, the effective resistance of the series-combination of the resistors, be RS.",LET EFFECTIVE RESISTANCE SERIES COMBINATION RESISTORS RS
"Then, V = I RS (4.11) Combining equations (4.10) and (4.11), you get, I RS = I R1 + I R2 + I R3 RS = R1 + R2 + R3 (4.12) Thus, you can understand that when a number of resistors are connected in series, their equivalent resistance or effective resistance is equal to the sum of the individual resistances.",RESISTANCE UNDERSTAND THEN V RS COMBINE EQUATIONS GET THUS NUMBER RESISTORS CONNECT SERIES EQUIVALENT EFFECTIVE EQUAL SUM INDIVIDUAL RESISTANCES PRESENT PAST
"When ‘n’ resistors of equal resistance R are connected in series, the equivalent resistance is ‘n R’. i.e., RS = n R The equivalent resistance in a series combination is greater than the highest of the individual resistances.",N RESISTORS EQUAL RESISTANCE R CONNECT SERIES EQUIVALENT RS COMBINATION GREATER HIGHEST INDIVIDUAL RESISTANCES PAST
"Solved Problem-5 Three resistors of resistances 5 ohm, 3 ohm and 2 ohm are connected in series with 10 V battery.",OHM BATTERY CONNECT SOLVE THREE RESISTORS RESISTANCES SERIES V PAST
Calculate their effective resistance and the current flowing through the circuit.,CALCULATE EFFECTIVE RESISTANCE CURRENT FLOW CIRCUIT
"Solution: R1 = 5 Ω, R2 = 3 Ω, R3 = 2 Ω, V = 10 V Rs = R1 + R2 + R3, Rs = 5 + 3 + 2 = 10, hence Rs = 10 Ω The current, I = = = 1 A 4.7.2 Resistances in Parallel A parallel circuit has two or more loops through which current can pass.",CURRENT WHICH HAVE SOLUTION Ω V RS HENCE RESISTANCES PARALLEL CIRCUIT TWO MORE LOOP PASS PRESENT
"If the circuit is disconnected in one of the loops, the current can still pass through the other loop(s).",CURRENT L-O-O-P-(-S PASS CIRCUIT DISCONNECT ONE LOOP STILL OTHER PAST
The wiring in a house consists of parallel circuits.,WIRE CIRCUIT CONSIST HOUSE PARALLEL PRESENT
"Figure 4.7 Parallel connections of resistors Consider that three resistors R1, R2 and R3 are connected across two common points A and B.",R1 POINT CONSIDER FIGURE PARALLEL CONNECTIONS RESISTORS THREE CONNECT TWO COMMON PRESENT PAST
The potential difference across each resistance is the same and equal to the potential difference between A and B.,POTENTIAL DIFFERENCE RESISTANCE SAME EQUAL
This is measured using the voltmeter.,THIS VOLTMETER MEASURE USE PAST
"The current I arriving at A divides into three branches I1, I2 and I3 passing through R1, R2 and R3 respectively.",CURRENT ARRIVE DIVIDE THREE BRANCH PASS RESPECTIVELY
"According to the Ohm’s law, you have, I1 = (4.13) I2 = (4.14) I3 = (4.15) The total current through the circuit is given by I = I1 + I2 + I3 Using equations (4.13), (4.14) and (4.15), you get I = + + (4.16) Let the effective resistance of the parallel combination of resistors be RP.",RESISTANCE RESISTOR LET ACCORD OHM LAW TOTAL CURRENT CIRCUIT GIVE I USE EQUATIONS GET EFFECTIVE PARALLEL COMBINATION RESISTORS RP PRESENT PAST
"Then, I = (4.17) Combining equations (4.16) and (4.17), you have = + + = + + (4.18) 10th_Science_Unit-4.indd 48 12/2/2022 5:04:07 PM 49 Electricity Thus, when a number of resistors are connected in parallel, the sum of the reciprocals of the individual resistances is equal to the reciprocal of the effective or equivalent resistance.",SUM RESISTANCE HAVE THEN COMBINE EQUATIONS PM ELECTRICITY THUS NUMBER RESISTORS CONNECT PARALLEL RECIPROCALS INDIVIDUAL RESISTANCES EQUAL RECIPROCAL EFFECTIVE EQUIVALENT PRESENT PAST
"When ‘n’ resistors of equal resistances R are connected in parallel, the equivalent resistance is . i.e., = + + ... + = .",N RESISTORS EQUAL RESISTANCES R CONNECT PARALLEL EQUIVALENT RESISTANCE PAST
"Hence, Rp = The equivalent resistance in a parallel combination is less than the lowest of the individual resistances. 4.7.3 Series Connection of Parallel Resistors If you consider the connection of a set of parallel resistors that are connected in series, you get a series – parallel circuit.",YOU SERIES GET HENCE RP EQUIVALENT RESISTANCE PARALLEL COMBINATION LESS LOWEST INDIVIDUAL RESISTANCES CONNECTION RESISTORS CONSIDER SET CONNECT CIRCUIT PRESENT PAST
Let R1 and R2 be connected in parallel to give an effective resistance of RP1.,R1 R-P-1 LET CONNECT PARALLEL GIVE EFFECTIVE RESISTANCE PAST
"Similarly, let R3 and R4 be connected in parallel to give an effective resistance of RP2.",R4 R-P-2 LET SIMILARLY CONNECT PARALLEL GIVE EFFECTIVE RESISTANCE PAST
"Then, both of these parallel segments are connected in series (Figure 4.8).",BOTH SERIES CONNECT THEN PARALLEL SEGMENT FIGURE PAST
"Using equation (4.18), you get = + = + Finally, using equation (4.12), the net effective resistance is given by Rtotal = RP1 + RP2 4.7.4 Parallel Connection of Series Resistors If you consider a connection of a set of series resistors connected in a parallel circuit, you get a parallel-series circuit.",YOU CIRCUIT GET USE EQUATION FINALLY NET EFFECTIVE RESISTANCE GIVE RTOTAL PARALLEL CONNECTION SERIES RESISTORS CONSIDER SET CONNECT PRESENT PAST
Let R1 and R2 be connected in series to give an effective resistance of RS1.,R1 R-S-1 LET CONNECT SERIES GIVE EFFECTIVE RESISTANCE PAST
"Similarly, let R3 and R4 be connected in series to give an effective resistance of RS2.",SIMILARLY LET CONNECT SERIES GIVE EFFECTIVE RESISTANCE PAST
"Then, both of these serial segments are connected in parallel (Figure 4.9).",BOTH PARALLEL CONNECT THEN SERIAL SEGMENT FIGURE PAST
"Figure 4.9 Parallel-series combination of resistors Using equation (4.12), you get RS1 = R1 + R2, RS2 = R3 + R4 Finally, using equation (4.18), the net effective resistance is given by = + 4.7.5 Difference between series and parallel connections The difference between series and parallel circuits may be summed as follows in Table 4.3 Figure 4.8 Series-parallel combination of resistors 10th_Science_Unit-4.indd 49 12/2/2022 5:04:07 PM 50 10 th Standard Science 4.8 HEATING EFFECT OF CURRENT Have you ever touched the motor casing of a fan, which has been used for a few hours continuously?",WHICH HOUR GET FIGURE PARALLEL SERIES COMBINATION RESISTORS USE EQUATION FINALLY NET EFFECTIVE RESISTANCE GIVE DIFFERENCE CONNECTIONS CIRCUIT SUM FOLLOW TABLE PM STANDARD SCIENCE HEAT EFFECT CURRENT EVER TOUCH MOTOR CASE FAN FEW HOURS CONTINUOUSLY PRESENT PAST
What do you observe?,YOU WHAT OBSERVE
The motor casing is warm.,MOTOR CASE WARM
This is due to the heating effect of current.,DUE HEAT EFFECT CURRENT
"The same can be observed by touching a bulb, which was used for a long duration.",WHICH DURATION OBSERVE SAME TOUCH BULB USE LONG PAST
"Generally, a source of electrical energy can develop a potential difference across a resistor, which is connected to that source.",WHICH SOURCE DEVELOP GENERALLY ELECTRICAL ENERGY POTENTIAL DIFFERENCE RESISTOR CONNECT PAST
This potential difference constitutes a current through the resistor.,DIFFERENCE RESISTOR CONSTITUTE POTENTIAL CURRENT PRESENT
"For continuous drawing of current, the source has to continuously spend its energy.",SOURCE ENERGY HAVE CONTINUOUS DRAW CURRENT CONTINUOUSLY SPEND PRESENT
A part of the energy from the source can be converted into useful work and the rest will be converted into heat energy.,REST ENERGY CONVERT PART SOURCE USEFUL WORK HEAT PAST
"Thus, the passage of electric current through a wire, results in the production of heat.",PASSAGE HEAT RESULT THUS ELECTRIC CURRENT WIRE PRODUCTION PRESENT
This phenomenon is called heating effect of current.,PHENOMENON CURRENT CALL HEAT EFFECT PAST
"This heating effect of current is used in devices like electric heater, electric iron, etc. 4.8.1 Joule’s Law of Heating Let ‘I’ be the current flowing through a resistor of resistance ‘R’, and ‘V’ be the potential difference across the resistor.",V RESISTOR USE HEAT EFFECT CURRENT DEVICES ELECTRIC HEATER IRON JOULE LAW LET FLOW RESISTANCE R POTENTIAL DIFFERENCE PAST
The charge flowing through the circuit for a time interval ‘t’ is ‘Q’.,CHARGE FLOW CIRCUIT TIME INTERVAL T Q
The work done in moving the charge Q across the ends of the resistor with a potential difference of V is VQ.,WORK MOVE CHARGE Q END RESISTOR POTENTIAL DIFFERENCE V VQ PAST
This energy spent by the source gets dissipated in the resistor as heat.,ENERGY HEAT DISSIPATE SPEND SOURCE RESISTOR PAST
"Thus, the heat produced in the resistor is: H = W = VQ You know that the relation between the charge and current is Q = I t.",I CHARGE KNOW THUS HEAT PRODUCE RESISTOR H W VQ RELATION CURRENT Q PAST PRESENT
"Using this, you get H = V I t (4.19) From Ohm’s Law, V = I R.",YOU LAW GET USE H V T OHM PRESENT
"Hence, you have H = I 2 R t (4.20) This is known as Joule’s law of heating.",THIS HEAT KNOW HENCE H R T JOULE LAW PRESENT PAST
Joule’s law of heating states that the heat produced in any resistor is: • directly proportional to the square of the current passing through the resistor. • directly proportional to the resistance of the resistor. • directly proportional to the time for which the current is passing through the resistor. 4.8.2 Applications of Heating Effect 1.,CURRENT EFFECT • JOULE LAW HEAT STATE PRODUCE RESISTOR DIRECTLY PROPORTIONAL SQUARE PASS RESISTANCE TIME APPLICATIONS PAST
"Electric Heating Device: The heating effect of electric current is used in many home appliances such as electric iron, electric toaster, electric oven, electric heater, geyser, etc.",ELECTRIC HEAT DEVICE EFFECT CURRENT USE MANY HOME APPLIANCES SUCH IRON TOASTER OVEN HEATER GEYSER PAST
"In these appliances Nichrome, which is an alloy of Nickel and Chromium is used as the heating element.",WHICH ELEMENT USE APPLIANCES NICHROME ALLOY NICKEL CHROMIUM HEAT PAST
Why?,WHY
"Because: (i) it has high resistivity, (ii) it has a high melting point, (iii) it is not easily oxidized. 2.",IT POINT OXIDIZE I HIGH RESISTIVITY II MELT III EASILY PRESENT PAST NOT
"Fuse Wire: The fuse wire is connected in series, in an electric circuit.",WIRE CIRCUIT CONNECT FUSE SERIES ELECTRIC PAST
"When a large current passes through the circuit, the fuse wire melts due to Joule’s heating effect and hence the circuit gets disconnected.",CIRCUIT EFFECT DISCONNECT LARGE CURRENT PASS FUSE WIRE MELT DUE JOULE HEAT HENCE PAST
"Therefore, the circuit and the S.",THEREFORE CIRCUIT
No.,NOT
CRITERIA SERIES PARALLEL 1 Equivalent resistance More than the highest resistance.,CRITERIA SERIES PARALLEL EQUIVALENT RESISTANCE MORE HIGHEST
Less than the lowest resistance. 2 Amount of current Current is less as effective resistance is more.,LESS LOWEST RESISTANCE AMOUNT CURRENT EFFECTIVE MORE
"Current is more as effective re- sistance is less. 3 Switching ON/OFF If one appliance is disconnected, others also do not work.",OTHER OFF WORK CURRENT MORE EFFECTIVE SISTANCE LESS SWITCH ONE APPLIANCE DISCONNECT OTHERS ALSO PAST NOT
"If one appliance is disconnected, others will work independently.",ONE APPLIANCE DISCONNECT OTHERS WORK INDEPENDENTLY PAST
Table 4.3 Difference between series and parallel circuit 10th_Science_Unit-4.indd 50 12/2/2022 5:04:07 PM 51 Electricity electric appliances are saved from any damage.,APPLIANCE DAMAGE SAVE TABLE DIFFERENCE SERIES PARALLEL CIRCUIT PM ELECTRICITY ELECTRIC APPLIANCES PAST
The fuse wire is made up of a material whose melting point is relatively low. 3.,POINT MATERIAL MAKE FUSE WIRE MELT RELATIVELY LOW PAST
"Filament in bulbs: In electric bulbs, a small wire is used, known as filament.",WIRE FILAMENT USE BULBS ELECTRIC SMALL KNOW PAST
The filament is made up of a material whose melting point is very high.,POINT MATERIAL MAKE FILAMENT MELT VERY HIGH PAST
"When current passes through this wire, heat is produced in the filament.",HEAT FILAMENT PRODUCE CURRENT PASS WIRE PRESENT PAST
"When the filament is heated, it glows and gives out light.",IT LIGHT GLOW FILAMENT HEAT GIVE PAST PRESENT
Tungsten is the commonly used material to make the filament in bulbs.,TUNGSTEN COMMONLY USE MATERIAL MAKE FILAMENT BULBS PAST
Solved Problem-6 An electric heater of resistance 5 Ω is connected to an electric source.,HEATER SOURCE CONNECT SOLVE ELECTRIC RESISTANCE Ω PAST
"If a current of 6 A flows through the heater, then find the amount of heat produced in 5 minutes.",CURRENT MINUTE FIND FLOW HEATER THEN AMOUNT HEAT PRODUCE MINUTES PAST
"Solution: Given resistance R = 5 Ω, Current I = 6 A, Time t = 5 minutes = 5 × 60 s = 300 s Amount of heat produced, H = I 2Rt, H = 6 2 × 5 × 300.",SOLUTION GIVE RESISTANCE R Ω CURRENT TIME T MINUTES S AMOUNT HEAT PRODUCE H PAST
"Hence, H = 54000 J 4.9 ELECTRIC POWER In general, power is defined as the rate of doing work or rate of spending energy.",POWER ENERGY DEFINE HENCE H J ELECTRIC GENERAL RATE DO WORK SPEND PAST
"Similarly, the electric power is defined as the rate of consumption of electrical energy.",POWER ENERGY DEFINE SIMILARLY ELECTRIC RATE CONSUMPTION ELECTRICAL PAST
It represents the rate at which the electrical energy is converted into some other form of energy.,ENERGY REPRESENT RATE ELECTRICAL CONVERT OTHER FORM PRESENT PAST
"Suppose a current ‘I’ flows through a conductor of resistance ‘R’ for a time ‘t’, then the potential difference across the two ends of the conductor is ‘V’.",DIFFERENCE CONDUCTOR SUPPOSE CURRENT FLOW RESISTANCE R TIME T THEN POTENTIAL TWO END V PRESENT
"The work done ‘W’ to move the charge across the ends of the conductor is given by the equation (4.19) as follows: W = V I t, Power P = = P = V I (4.21) Thus, the electric power is the product of the electric current and the potential difference due to which the current passes in a circuit. 4.9.1 Unit of Electric Power The SI unit of electric power is watt.",UNIT POWER DO WORK W MOVE CHARGE END CONDUCTOR GIVE EQUATION FOLLOW V I T P THUS ELECTRIC PRODUCT CURRENT POTENTIAL DIFFERENCE PASS CIRCUIT SI WATT PAST PRESENT
"When a current of 1 ampere passes across the ends of a conductor, which is at a potential difference of 1 volt, then the electric power is P = 1 volt × 1 ampere = 1 watt Thus, one watt is the power consumed when an electric device is operated at a potential difference of one volt and it carries a current of one ampere.",CURRENT AMPERE PASS END CONDUCTOR POTENTIAL DIFFERENCE VOLT THEN ELECTRIC POWER P WATT THUS ONE CONSUME DEVICE OPERATE CARRY PRESENT PAST
"A larger unit of power, which is more commonly used is kilowatt.",LARGER UNIT POWER MORE COMMONLY USE KILOWATT PAST
"HORSE POWER: The horse power (hp) is a unit in the foot-pound-second (fps) or English system, sometimes used to express the electric power.",HORSE POWER HP UNIT FOOT POUND SECOND FPS ENGLISH SYSTEM SOMETIMES USE EXPRESS ELECTRIC OCCASIONAL PAST
It is equal to 746 watt. 4.9.2 Consumption of electrical energy Electricity is consumed both in houses and industries.,CONSUMPTION HOUSE CONSUME EQUAL WATT ELECTRICAL ENERGY ELECTRICITY INDUSTRIES PAST
Consumption of electricity is based on two factors: (i) Amount of electric power and (ii) Duration of usage.,CONSUMPTION USAGE BASE ELECTRICITY TWO FACTOR I AMOUNT ELECTRIC POWER II DURATION PAST
Electrical energy consumed is taken as the product of electric power and time of usage.,ENERGY USAGE TAKE ELECTRICAL CONSUME PRODUCT ELECTRIC POWER TIME PAST
"For example, if 100 watt of electric power is consumed for two hours, then the power consumed is 100 × 2 = 200 watt hour.",EXAMPLE WATT ELECTRIC POWER CONSUME TWO HOURS THEN HOUR PAST
"Consumption of electrical energy is measured and expressed in watt hour, though its SI unit is watt second.",UNIT HOUR MEASURE CONSUMPTION ELECTRICAL ENERGY EXPRESS WATT SI SECOND PAST
"In practice, a larger unit of electrical energy is needed.",UNIT ENERGY NEED PRACTICE LARGER ELECTRICAL PAST
This larger unit is kilowatt hour (kWh).,LARGER UNIT KILOWATT HOUR KWH
One kilowatt hour is otherwise known as one unit of electrical energy.,HOUR ENERGY KNOW ONE KILOWATT OTHERWISE UNIT ELECTRICAL PAST
One kilowatt hour means that an electric power of 1000 watt has been utilized for an hour.,POWER HOUR MEAN ONE KILOWATT ELECTRIC WATT UTILIZE PRESENT PAST
"Hence, 1 kWh = 1000 watt hour = 1000 × (60 × 60) watt second = 3.6 × 10 6 J 4.10 DOMESTIC ELECTRIC CIRCUITS The electricity produced in power stations is distributed to all the domestic and industrial consumers through overhead and underground 10th_Science_Unit-4.indd 51 12/2/2022 5:04:07 PM 52 10 th Standard Science cables.",ELECTRICITY OVERHEAD DISTRIBUTE HENCE KWH WATT HOUR SECOND J DOMESTIC ELECTRIC CIRCUIT PRODUCE POWER STATION INDUSTRIAL CONSUMERS UNDERGROUND PM STANDARD SCIENCE CABLE PAST
"The diagram, which shows the general scheme of a domestic electric circuit, is given in Figure 4.10.",WHICH FIGURE GIVE DIAGRAM SHOW GENERAL SCHEME DOMESTIC ELECTRIC CIRCUIT PRESENT PAST
"In our homes, electricity is distributed through the domestic electric circuits wired by the electricians.",ELECTRICITY ELECTRICIAN DISTRIBUTE HOME DOMESTIC ELECTRIC CIRCUIT WIRE ELECTRICIANS PAST
"The first stage of the domestic circuit is to bring the power supply to the main-box from a distribution panel, such as a transformer.",FIRST STAGE DOMESTIC CIRCUIT BRING POWER SUPPLY MAIN BOX DISTRIBUTION PANEL SUCH TRANSFORMER
The important components of the main-box are: (i) a fuse box and (ii) a meter.,IMPORTANT COMPONENTS MAIN BOX I FUSE II METER
The meter is used to record the consumption of electrical energy.,METER ENERGY USE RECORD CONSUMPTION ELECTRICAL PAST
The fuse box contains either a fuse wire or a miniature circuit breaker (MCB).,BOX WIRE CONTAIN FUSE MINIATURE CIRCUIT BREAKER MCB PRESENT
The function of the fuse wire or a MCB is to protect the house hold electrical appliances from overloading due to excess current.,FUNCTION FUSE WIRE MCB PROTECT HOUSE HOLD ELECTRICAL APPLIANCES OVERLOAD EXCESS CURRENT
Figure 4.10 Domestic electric circuit You have learnt about a fuse wire in section 4.8.2.,YOU SECTION FIGURE DOMESTIC ELECTRIC CIRCUIT LEARN FUSE WIRE PAST
"An MCB is a switching device, which can be activated automatically as well as manually.",MCB SWITCH DEVICE ACTIVATE AUTOMATICALLY AS WELL MANUALLY PAST
"It has a spring attached to the switch, which is attracted by an electromagnet when an excess current passes through the circuit.",WHICH CIRCUIT HAVE SPRING ATTACH SWITCH ATTRACT ELECTROMAGNET EXCESS CURRENT PASS PRESENT PAST
"Hence, the circuit is broken and the protection of the appliance is ensured.",PROTECTION APPLIANCE BREAK HENCE CIRCUIT ENSURE PAST
Figure 4.11 represents a fuse and an MCB.,FIGURE FUSE REPRESENT MCB PRESENT
Figure 4.11 A fuse and an MCB The electricity is brought to houses by two insulated wires.,FIGURE WIRE BRING FUSE MCB ELECTRICITY HOUSE TWO INSULATE PAST
"Out of these two wires, one wire has a red insulation and is called the ‘live wire’.",WIRE INSULATION HAVE TWO ONE RED CALL LIVE PRESENT PAST
The other wire has a black insulation and is called the ‘neutral wire’.,WIRE INSULATION HAVE OTHER BLACK CALL NEUTRAL PRESENT PAST
The electricity supplied to your house is actually an alternating current having an electric potential of 220 V.,ELECTRICITY SUPPLY HOUSE ACTUALLY ALTERNATE CURRENT HAVE ELECTRIC POTENTIAL PAST
"Both, the live wire and the neutral wire enter into a box where the main fuse is connected with the live wire.",FUSE WIRE ENTER LIVE NEUTRAL BOX MAIN CONNECT PRESENT PAST
"After the electricity meter, these wires enter into the main switch, which is used to discontinue the electricity supply whenever required.",WHICH SUPPLY ENTER ELECTRICITY METER WIRE MAIN SWITCH USE DISCONTINUE REQUIRE PRESENT PAST
"After the main switch, these wires are connected to live wires of two separate circuits.",WIRE CIRCUIT CONNECT MAIN SWITCH LIVE TWO SEPARATE PAST
"Out of these two circuits, one circuit is of a 5 A rating, which is used to run the electric appliances with a lower power rating, such as tube lights, bulbs and fans.",TWO CIRCUIT ONE RAT USE RUN ELECTRIC APPLIANCES LOWER POWER SUCH TUBE LIGHT BULBS FAN PAST
"The other circuit is of a 15 A rating, which is used to run electric appliances with a high power rating, such as air-conditioners, refrigerators, electric iron and heaters.",OTHER CIRCUIT RAT USE RUN ELECTRIC APPLIANCES HIGH POWER SUCH AIR CONDITIONERS REFRIGERATORS IRON HEATERS PAST
"It should be noted that all the circuits in a house are connected in parallel, so that the disconnection of one circuit does not affect the other circuit.",DISCONNECTION CIRCUIT NOTE HOUSE CONNECT PARALLEL ONE AFFECT OTHER PAST NOT
One more advantage of the parallel connection of circuits is that each electric appliance gets an equal voltage.,ONE MORE ADVANTAGE PARALLEL CONNECTION CIRCUIT ELECTRIC APPLIANCE GET EQUAL VOLTAGE PRESENT
"In India, domestic circuits are supplied with an alternating current of potential 220/230V and frequency 50 Hz.",CIRCUIT HZ SUPPLY INDIA DOMESTIC ALTERNATE CURRENT POTENTIAL FREQUENCY PAST
"In countries like USA and UK, domestic circuits are supplied with an alternating current of potential 110/120 V and frequency 60 Hz. 4.10.1 Overloading and Short circuiting The fuse wire or MCB will disconnect the circuit in the event of an overloading and short circuiting.",CIRCUIT OVERLOAD DISCONNECT COUNTRIES USA UK DOMESTIC SUPPLY ALTERNATE CURRENT POTENTIAL V FREQUENCY HZ SHORT FUSE WIRE MCB EVENT PAST
Over loading happens when a large number of appliances are connected in series to 10th_Science_Unit-4.indd 52 12/2/2022 5:04:07 PM 53 Electricity the same source of electric power.,LOAD HAPPEN LARGE NUMBER APPLIANCES CONNECT SERIES PM ELECTRICITY SAME SOURCE ELECTRIC POWER PRESENT PAST
This leads to a flow of excess current in the electric circuit.,THIS CIRCUIT LEAD FLOW EXCESS CURRENT ELECTRIC PRESENT
"When the amount of current passing through a wire exceeds the maximum permissible limit, the wires get heated to such an extent that a fire may be caused.",AMOUNT CURRENT PASS WIRE EXCEED MAXIMUM PERMISSIBLE LIMIT HEAT EXTENT FIRE CAUSE PRESENT PAST
This is known as overloading.,KNOW OVERLOAD PAST
"When a live wire comes in contact with a neutral wire, it causes a ‘short circuit’.",IT CIRCUIT CAUSE LIVE WIRE COME CONTACT NEUTRAL SHORT PRESENT
This happens when the insulation of the wires get damaged due to temperature changes or some external force.,INSULATION CHANGE HAPPEN WIRE DAMAGE TEMPERATURE EXTERNAL FORCE PRESENT PAST
"Due to a short circuit, the effective resistance in the circuit becomes very small, which leads to the flow of a large current through the wires.",WHICH WIRE BECOME SHORT CIRCUIT EFFECTIVE RESISTANCE VERY SMALL LEAD FLOW LARGE CURRENT PRESENT
"This results in heating of wires to such an extent that a fire may be caused in the building. 4.10.2 Earthing In domestic circuits, a third wire called the earth wire having a green insulation is usually connected to the body of the metallic electric appliance.",WIRE APPLIANCE CONNECT RESULT HEAT EXTENT FIRE CAUSE BUILD EARTH DOMESTIC CIRCUIT THIRD CALL HAVE GREEN INSULATION USUALLY BODY METALLIC ELECTRIC PAST HABITUAL
"The other end of the earth wire is connected to a metal tube or a metal electrode, which is buried into the Earth.",WHICH EARTH CONNECT OTHER END WIRE METAL TUBE ELECTRODE BURY PAST
This wire provides a low resistance path to the electric current.,WIRE CURRENT PROVIDE LOW RESISTANCE PATH ELECTRIC PRESENT
"The earth wire sends the current from the body of the appliance to the Earth, whenever a live wire accidentally touches the body of the metallic electric appliance.",WIRE APPLIANCE SEND EARTH CURRENT BODY LIVE ACCIDENTALLY TOUCH METALLIC ELECTRIC PRESENT
"Thus, the earth wire serves as a protective conductor, which saves us from electric shocks. 4.11 LED BULB An LED bulb is a semiconductor device that emits visible light when an electric current passes through it.",CURRENT IT LEAD THUS EARTH WIRE SERVE PROTECTIVE CONDUCTOR SAVE ELECTRIC SHOCK BULB SEMICONDUCTOR DEVICE EMIT VISIBLE LIGHT PASS PRESENT PAST
The colour of the emitted light will depend on the type of materials used.,COLOUR MATERIAL DEPEND EMIT LIGHT TYPE MATERIALS USE PAST
"With the help of the chemical compounds like Gallium Arsenide and Gallium Phosphide, the manufacturer can produce LED bulbs that radiates red, green, yellow and orange colours.",THAT COLOUR PRODUCE HELP CHEMICAL COMPOUND GALLIUM ARSENIDE PHOSPHIDE MANUFACTURER LEAD BULBS RADIATE RED GREEN YELLOW ORANGE PRESENT
"Displays in digital watches and calculators, traffic signals, street lights, decorative lights, etc., are some examples for the use of LEDs. 4.11.1 Seven Segment Display Figure 4.12 Seven segment display A ‘Seven Segment Display’ is the display device used to give an output in the form of numbers or text.",DISPLAY DIGITAL WATCH CALCULATORS TRAFFIC SIGNAL STREET LIGHT DECORATIVE EXAMPLES USE LEDS SEVEN SEGMENT FIGURE DEVICE GIVE OUTPUT FORM NUMBER TEXT PRESENT PAST
"It is used in digital meters, digital clocks, micro wave ovens, etc.",IT METER USE DIGITAL CLOCK MICRO WAVE OVENS PAST
It consists of 7 segments of LEDs in the form of the digit 8.,IT DIGIT CONSIST SEGMENT LEDS FORM PRESENT
"These seven LEDs are named as a, b, c, d, e, f and g (Figure 4.12).",LEAD E NAME SEVEN LEDS B C D F G FIGURE PAST
An extra 8 th LED is used to display a dot. 4.11.2 Merits of a LED bulb 1.,LEAD BULB USE EXTRA TH DISPLAY DOT MERIT PAST
"As there is no filament, there is no loss of energy in the form of heat.",FILAMENT LOSS ENERGY FORM HEAT PRESENT NOT
It is cooler than the incandescent bulb. 2.,COOLER INCANDESCENT BULB
"In comparison with the fluorescent light, the LED bulbs have significantly low power requirement. 3.",BULB REQUIREMENT HAVE COMPARISON FLUORESCENT LIGHT LEAD BULBS SIGNIFICANTLY LOW POWER PAST PRESENT
It is not harmful to the environment. 4.,HARMFUL ENVIRONMENT NOT
A wide range of colours is possible here. 5.,WIDE RANGE COLOUR POSSIBLE HERE
It is cost-efficient and energy efficient. 6.,COST EFFICIENT ENERGY
Mercury and other toxic materials are not required.,MERCURY OTHER TOXIC MATERIALS REQUIRE PAST NOT
One way of overcoming the energy crisis is to use more LED bulbs. 4.12 LED TELEVISION LED Television is one of the most important applications of Light Emitting Diodes.,ONE WAY OVERCOME ENERGY CRISIS USE MORE LEAD BULBS TELEVISION MOST IMPORTANT APPLICATIONS LIGHT EMIT DIODES PAST
An LED TV is actually an LCD TV (Liquid Crystal Display) with LED display. 10th_Science_Unit-4.indd 53 12/2/2022 5:04:08 PM 54 10 th Standard Science An LED display uses LEDs for backlight and an array of LEDs act as pixels.,DISPLAY PIXEL USE LEAD TV ACTUALLY LCD LIQUID CRYSTAL PM TH STANDARD SCIENCE LEDS BACKLIGHT ARRAY ACT PIXELS PRESENT
"LEDs emitting white light are used in monochrome (black and white) TV; Red, Green and Blue (RGB) LEDs are used in colour television.",LEAD TELEVISION USE LEDS EMIT WHITE LIGHT MONOCHROME BLACK TV RED GREEN BLUE RGB COLOUR PAST
The first LED television screen was developed by James P.,SCREEN P. DEVELOP FIRST LEAD TELEVISION JAM PAST
Mitchell in 1977.,MITCHELL
It was a monochromatic display.,MONOCHROMATIC DISPLAY
"But, after about three decades, in 2009, SONY introduced the first commercial LED Television. 4.12.1 Advantages of LED television • It has brighter picture quality. • It is thinner in size. • It uses less power and consumes very less energy. • Its life span is more. • It is more reliable.",IT ENERGY • THREE DECADES SONY INTRODUCE FIRST COMMERCIAL LEAD TELEVISION ADVANTAGE BRIGHTER PICTURE QUALITY THINNER SIZE USE LESS POWER CONSUME VERY LIFE SPAN MORE RELIABLE PAST PRESENT
Points to Remember The magnitude of current is defined as the rate of flow of charges in a conductor.,POINT REMEMBER MAGNITUDE CURRENT DEFINE RATE FLOW CHARGE CONDUCTOR PAST
The SI unit of electric current is ampere (A).,SI UNIT ELECTRIC CURRENT AMPERE
The SI unit of electric potential and potential difference is volt (V).,SI UNIT ELECTRIC POTENTIAL DIFFERENCE VOLT V
"An electric circuit is a network of electrical components, which forms a continuous and closed path for an electric current to pass through it.",ELECTRIC CIRCUIT NETWORK ELECTRICAL COMPONENTS FORM CONTINUOUS CLOSE PATH CURRENT PASS PRESENT
"The parameters of conductors like its length, area of cross-section and material, affect the resistance of the conductor.",PARAMETER CONDUCTOR AFFECT PARAMETERS CONDUCTORS LENGTH AREA CROSS SECTION MATERIAL RESISTANCE
SI unit of electrical resistivity is ohm metre.,SI UNIT ELECTRICAL RESISTIVITY OHM METRE
The resistivity is a constant for a given material.,RESISTIVITY CONSTANT GIVE MATERIAL PAST
The reciprocal of electrical resistivity of a material is called its electrical conductivity. σ = 1 ρ The passage of electric current through a wire results in the production of heat.,RECIPROCAL HEAT CALL ELECTRICAL RESISTIVITY MATERIAL CONDUCTIVITY Σ Ρ PASSAGE ELECTRIC CURRENT WIRE RESULT PRODUCTION PAST
This phenomenon is called heating effect of current.,PHENOMENON CURRENT CALL HEAT EFFECT PAST
One horse power is equal to 746 watts.,ONE HORSE POWER EQUAL WATTS
The function of a fuse wire or a MCB is to protect the house hold electrical appliances from excess current due to overloading or a short circuit.,FUNCTION FUSE WIRE MCB PROTECT HOUSE HOLD ELECTRICAL APPLIANCES EXCESS CURRENT DUE OVERLOAD SHORT CIRCUIT
Solved Problems 1.,SOLVE PROBLEMS
"Two bulbs are having the ratings as 60 W, 220 V and 40 W, 220 V respectively.",BULB W HAVE TWO BULBS RATINGS V RESPECTIVELY
Which one has a greater resistance?,ONE RESISTANCE HAVE GREATER PRESENT WHICH
"Solution: Electric power P = V 2 R For the same value of V, R is inversely proportional to P.",SOLUTION ELECTRIC POWER P V R SAME VALUE INVERSELY PROPORTIONAL
"Therefore, lesser the power, greater the resistance Hence, the bulb with 40 W, 220 V rating has a greater resistance. 2.",RAT RESISTANCE HAVE THEREFORE LESSER POWER GREATER HENCE BULB W V PRESENT
"Calculate the current and the resistance of a 100 W, 200 V electric bulb in an electric circuit.",CALCULATE CURRENT RESISTANCE W V ELECTRIC BULB CIRCUIT
"Solution: Power P = 100 W and Voltage V = 200 V Power P = V I So, Current, I = = 100 200 = 0.5 A Resistance, R = = = 400 Ω 3.",I 0-.-5 = SOLUTION POWER P W VOLTAGE V CURRENT RESISTANCE R Ω PRESENT
"In the circuit diagram given below, three resistors R1, R2 and R3 of 5 Ω, 10 Ω and 20 Ω respectively are connected as shown.",R1 Ω CONNECT CIRCUIT DIAGRAM GIVE BELOW THREE RESISTORS RESPECTIVELY SHOW PAST
"Calculate: 10th_Science_Unit-4.indd 54 12/2/2022 5:04:08 PM 55 Electricity A) Current through each resistor B) Total current in the circuit C) Total resistance in the circuit Solution: A) Since the resistors are connected in parallel, the potential difference across each resistor is same (i.e.",CALCULATE PM ELECTRICITY CURRENT RESISTOR B TOTAL CIRCUIT C RESISTANCE SOLUTION RESISTORS CONNECT PARALLEL POTENTIAL DIFFERENCE SAME PAST
"V=10V) Therefore, the current through R1 is, I1 = = = 2 A Current through R2 = I2 = = = 1 A Current through R3 = I3 = = = 0.5 A B) Total current in the circuit, I = I1 + I2 + I3 = 2 + 1 + 0.5 = 3.5 A C) Total resistance in the circuit = + + = + + = = Hence, = = 2.857 Ω 4.",THEREFORE CURRENT B TOTAL CIRCUIT C RESISTANCE HENCE Ω PRESENT
"Three resistors of 1 Ω, 2 Ω and 4 Ω are connected in parallel in a circuit.",RESISTOR CIRCUIT CONNECT THREE RESISTORS Ω PARALLEL PAST
"If a 1 Ω resistor draws a current of 1 A, find the current through the other two resistors.",RESISTOR FIND Ω DRAW CURRENT OTHER TWO RESISTORS PRESENT
"Solution: R1 = 1 Ω, R2 = 2 Ω, R3 = 4 Ω Current I1 = 1 A The potential difference across the 1 Ω resistor = I1 R1 = 1 × 1 = 1 V Since, the resistors are connected in parallel in the circuit, the same potential difference will exist across the other resistors also.",DIFFERENCE RESISTOR EXIST SOLUTION Ω CURRENT POTENTIAL V RESISTORS CONNECT PARALLEL CIRCUIT SAME OTHER ALSO PAST
"So, the current in the 2 Ω resistor, = = 0.5 A Similarly, the current in the 4 Ω resistor, = = 0.25 A TEXTBOOK EVALUATION I.",CURRENT Ω RESISTOR SIMILARLY TEXTBOOK EVALUATION
Choose the best answer 1.,CHOOSE BEST ANSWER
Which of the following is correct? a) Rate of change of charge is electrical power. b) Rate of change of charge is current. c) Rate of change of energy is current. d) Rate of change of current is charge. 2.,FOLLOW CORRECT RATE CHANGE CHARGE ELECTRICAL POWER CURRENT ENERGY
SI unit of resistance is a) mho b) joule c) ohm d) ohm meter 3.,SI UNIT RESISTANCE MHO B JOULE C OHM METER
"In a simple circuit, why does the bulb glow when you close the switch? a) The switch produces electricity. b) Closing the switch completes the circuit. c) Closing the switch breaks the circuit. d) The bulb is getting charged. 4.",BULB CIRCUIT CHARGE SIMPLE GLOW CLOSE SWITCH PRODUCE ELECTRICITY COMPLETE BREAK PRESENT PAST
Kilowatt hour is the unit of a) resistivity b) conductivity c) electrical energy d) electrical power 10th_Science_Unit-4.indd 55 12/2/2022 5:04:08 PM 56 10 th Standard Science II.,KILOWATT HOUR UNIT RESISTIVITY B CONDUCTIVITY ELECTRICAL ENERGY D POWER PM STANDARD SCIENCE II
Fill in the blanks 1.,FILL BLANK
"When a circuit is open, _____________ cannot pass through it. 2.",_ IT PASS CIRCUIT OPEN NOT
The ratio of the potential difference to the current is known as ________. 3.,RATIO _ KNOW POTENTIAL DIFFERENCE CURRENT PAST
The wiring in a house consists of _________ circuits. 4.,WIRE CIRCUIT CONSIST HOUSE PRESENT
The power of an electric device is a product of _________ and __________. 5.,POWER ELECTRIC DEVICE PRODUCT
LED stands for ___________________.,LEAD _ STAND PRESENT
III.,III
State whether the following statements are true or false: If false correct the statement. 1.,STATE FOLLOW STATEMENTS TRUE FALSE CORRECT STATEMENT
Ohm’s law states the relationship between power and voltage. 2.,LAW POWER STATE OHM RELATIONSHIP VOLTAGE PRESENT
MCB is used to protect house hold electrical appliances. 3.,MCB APPLIANCE USE PROTECT HOUSE HOLD ELECTRICAL APPLIANCES PAST
The SI unit for electric current is the coulomb. 4.,SI UNIT ELECTRIC CURRENT COULOMB
One unit of electrical energy consumed is equal to 1000 kilowatt hour. 5.,ONE UNIT ELECTRICAL ENERGY CONSUME EQUAL KILOWATT HOUR PAST
The effective resistance of three resistors connected in series is lesser than the lowest of the individual resistances.,EFFECTIVE RESISTANCE THREE RESISTORS CONNECT SERIES LESSER LOWEST INDIVIDUAL RESISTANCES PAST
IV.,IV
Match the items in column-I to the items in column-II: Column - I Column - II (i) electric current (a) volt (ii) potential difference (b) ohm meter (iii) specific resistance (c) watt (iv) electrical power (d) joule (v) electrical energy (e) ampere V.,MATCH ITEMS COLUMN II I ELECTRIC CURRENT VOLT POTENTIAL DIFFERENCE B OHM METER III SPECIFIC RESISTANCE C WATT ELECTRICAL POWER D JOULE V ENERGY E AMPERE
"Assertion and reason type questions: Mark the correct choice as a) if both the assertion and the reason are true and the reason is the correct explanation of the assertion. b) if both the assertion and the reason are true, but the reason is not the correct explanation of the assertion. c) if the assertion is true, but the reason is false. d) if the assertion is false, but the reason is true. 1.",REASON ASSERTION MARK TYPE QUESTION CORRECT CHOICE TRUE EXPLANATION FALSE NOT
Assertion: Electric appliances with a metallic body have three wire connections.,APPLIANCE CONNECTION HAVE ASSERTION ELECTRIC APPLIANCES METALLIC BODY THREE WIRE CONNECTIONS PRESENT
Reason: Three pin connections reduce heating of the connecting wires 2.,REASON THREE PIN CONNECTIONS REDUCE HEAT CONNECT WIRE PRESENT
Assertion: In a simple battery circuit the point of highest potential is the positive terminal of the battery.,ASSERTION SIMPLE BATTERY CIRCUIT POINT HIGHEST POTENTIAL POSITIVE TERMINAL
Reason: The current flows towards the point of the highest potential 3.,CURRENT 3 FLOW REASON POINT HIGHEST POTENTIAL PRESENT
Assertion: LED bulbs are far better than incandescent bulbs.,ASSERTION LEAD BULBS FAR BETTER INCANDESCENT
Reason: LED bulbs consume less power than incandescent bulbs.,REASON LEAD BULBS CONSUME LESS POWER INCANDESCENT PAST PRESENT
VI.,VI
Very short answer questions. 1.,VERY SHORT ANSWER QUESTION
Define the unit of current. 2.,DEFINE UNIT CURRENT
"What happens to the resistance, as the conductor is made thicker? 3.",CONDUCTOR RESISTANCE HAPPEN MAKE THICKER PRESENT PAST
"Why is tungsten metal used in bulbs, but not in fuse wires? 4.",TUNGSTEN METAL USE BULBS FUSE WIRE PAST NOT
"Name any two devices, which are working on the heating effect of the electric current.",WHICH CURRENT NAME TWO DEVICES WORK HEAT EFFECT ELECTRIC
VII.,VII
Short answer questions 1.,SHORT ANSWER QUESTION PRESENT
Define electric potential and potential difference. 2.,DEFINE ELECTRIC POTENTIAL DIFFERENCE
What is the role of the earth wire in domestic circuits? 3.,ROLE EARTH WIRE DOMESTIC CIRCUIT
State Ohm’s law. 4.,STATE OHM LAW
Distinguish between the resistivity and conductivity of a conductor. 10th_Science_Unit-4.indd 56 12/2/2022 5:04:08 PM 57 Electricity 5.,DISTINGUISH RESISTIVITY CONDUCTIVITY CONDUCTOR PM ELECTRICITY
What connection is used in domestic appliances and why?,CONNECTION APPLIANCE USE DOMESTIC APPLIANCES PAST WHAT
VIII.,VIII
Long answer questions. 1.,LONG ANSWER QUESTION
With the help of a circuit diagram derive the formula for the resultant resistance of three resistances connected: a) in series and b) in parallel 2. a) What is meant by electric current? b) Name and define its unit. c) Which instrument is used to measure the electric current?,INSTRUMENT CURRENT USE HELP CIRCUIT DIAGRAM DERIVE FORMULA RESULTANT RESISTANCE THREE RESISTANCES CONNECT SERIES PARALLEL MEAN ELECTRIC NAME DEFINE UNIT MEASURE PRESENT PAST WHAT
How should it be connected in a circuit? 3. a) State Joule’s law of heating. b) An alloy of nickel and chromium is used as the heating element.,ALLOY ELEMENT USE CONNECT CIRCUIT STATE JOULE LAW HEAT NICKEL CHROMIUM PAST
Why? c) How does a fuse wire protect electrical appliances? 4.,WIRE APPLIANCE PROTECT FUSE ELECTRICAL APPLIANCES
Explain about domestic electric circuits. (circuit diagram not required) 5. a) What are the advantages of LED TV over the normal TV? b) List the merits of LED bulb.,ADVANTAGE BULB REQUIRE EXPLAIN DOMESTIC ELECTRIC CIRCUIT DIAGRAM LEAD TV NORMAL LIST MERIT PAST NOT
IX.,IX
Numerical problems: 1.,NUMERICAL PROBLEMS
An electric iron consumes energy at the rate of 420 W when heating is at the maximum rate and 180 W when heating is at the minimum rate.,ELECTRIC IRON CONSUME ENERGY RATE W HEAT MAXIMUM MINIMUM PRESENT
The applied voltage is 220 V.,APPLY VOLTAGE PAST
What is the current in each case? 2.,CURRENT CASE
A 100 watt electric bulb is used for 5 hours daily and four 60 watt bulbs are used for 5 hours daily.,BULB HOUR USE WATT ELECTRIC HOURS DAILY FOUR BULBS PAST
Calculate the energy consumed (in kWh) in the month of January. 3.,CALCULATE ENERGY CONSUME KWH MONTH JANUARY PAST
A torch bulb is rated at 3 V and 600 mA.,BULB V RATE TORCH RAT PAST
"Calculate it’s a) power b) resistance c) energy consumed if it is used for 4 hour. 4 A piece of wire having a resistance R is cut into five equal parts. a) How will the resistance of each part of the wire change compared with the original resistance? b) If the five parts of the wire are placed in parallel, how will the resistance of the combination change? c) What will be ratio of the effective resistance in series connection to that of the parallel connection?",WHAT CONNECTION COMPARE CALCULATE POWER B RESISTANCE ENERGY CONSUME USE HOUR PIECE WIRE HAVE R CUT FIVE EQUAL PART CHANGE ORIGINAL PLACE PARALLEL COMBINATION RATIO EFFECTIVE SERIES PRESENT PAST HOW
HOTS: 1.,HOTS
Two resistors when connected in parallel give the resultant resistance of 2 ohm; but when connected in series the effective resistance becomes 9 ohm.,RESISTANCE SERIES GIVE TWO RESISTORS CONNECT PARALLEL RESULTANT OHM EFFECTIVE BECOME PAST PRESENT
Calculate the value of each resistance. 2.,CALCULATE VALUE RESISTANCE
How many electrons are passing per second in a circuit in which there is a current of 5 A? 3.,ELECTRON 3 PASS MANY ELECTRONS SECOND CIRCUIT CURRENT PRESENT
A piece of wire of resistance 10 ohm is drawn out so that its length is increased to three times its original length.,LENGTH DRAW PIECE WIRE RESISTANCE OHM INCREASE THREE TIME ORIGINAL PAST
Calculate the new resistance.,CALCULATE NEW RESISTANCE
REFERENCE BOOKS 1.,REFERENCE BOOK
Electrodynamics by Griffiths 2.,ELECTRODYNAMICS GRIFFITHS
"Fundamentals of Electric Circuits by Charles Alexander INTERNET RESOURCES https://www.elprocus.com/basic-electrical- circuits-and-their-working-for-electrical- engineers/ https://www.physicsclassroom.com/calcpad/ circuits 10th_Science_Unit-4.indd 57 12/2/2022 5:04:08 PM 58 10 th Standard Science ICT CORNER Ohm’s Law Link URL:http://amrita.olabs.edu.in/?sub=1&brch=4&sim=99&cnt=4 Steps In this activity you will be able to (i) verify Ohm’s law (ii) understand the relation between current, voltage and resistance. • Open the browser and type “olabs.edu.in” in the address bar.",I BAR OPEN FUNDAMENTALS ELECTRIC CIRCUIT CHARLES ALEXANDER INTERNET RESOURCES WORK PM TH STANDARD SCIENCE ICT CORNER OHM LAW LINK URL STEP ACTIVITY ABLE VERIFY II UNDERSTAND RELATION CURRENT VOLTAGE RESISTANCE BROWSER TYPE ADDRESS PRESENT
Click physics tab and then click “Ohm’s law and resistance” under class 10 section.,CLICK PHYSICS TAB THEN OHM LAW RESISTANCE CLASS SECTION
Go to “simulator” tab to do the experiment. • Construct the electric circuit as per the connection diagram by clicking “show circuit diagram” tab.,GO SIMULATOR TAB EXPERIMENT CONSTRUCT ELECTRIC CIRCUIT CONNECTION DIAGRAM CLICK SHOW PAST
You can connect wires between electric component by dragging the mouse between the component. • Switch on the key and note down the voltage (V) and curren (I).,YOU VOLTAGE • CONNECT WIRE ELECTRIC COMPONENT DRAG MOUSE SWITCH KEY NOTE V CURREN I PAST
Find the value of resistance using the formula R = V I .,FIND VALUE RESISTANCE USE FORMULA R V
Repeat the experiment for different values of voltage and current.,REPEAT EXPERIMENT DIFFERENT VALUE VOLTAGE CURRENT
Check whether the resistance remains constant. • Find the value of Resistance/(length (in Cm)).,RESISTANCE CM FIND CHECK REMAIN CONSTANT VALUE PRESENT
Enter the value of resistance and resistance per unit length in the result.,ENTER VALUE RESISTANCE UNIT LENGTH RESULT
Verify the answer.,VERIFY ANSWER
Note: 1.,NOTE
One time sign up is needed to do simulation.,SIGN SIMULATION NEED ONE TIME PAST
Then login using that username and password. 2.,THEN LOGIN USE USERNAME PASSWORD
"Read theory, procedure and animation to get the theory by clicking the corresponding tab. 10th_Science_Unit-4.indd 58 12/2/2022 5:04:09 PM 59 Learning Objectives By the end of this section, the students will be able to: Understand how sound is produced and transmitted.",READ THEORY PROCEDURE ANIMATION GET CLICK CORRESPOND TAB PM LEARN OBJECTIVES END SECTION STUDENTS ABLE UNDERSTAND SOUND PRODUCE TRANSMIT PAST
"Relate the speed of sound, its frequency, and its wavelength.",RELATE SPEED SOUND FREQUENCY WAVELENGTH
Know the speed of sound in various media.,KNOW SPEED SOUND VARIOUS MEDIA
Explain the factors affecting the speed of sound in a gaseous medium.,EXPLAIN FACTOR AFFECT SPEED SOUND GASEOUS MEDIUM
Demonstrate the phenomenon of reflection of sound.,DEMONSTRATE PHENOMENON REFLECTION SOUND
Determine the speed of sound using the method of echo.,DETERMINE SPEED SOUND USE METHOD ECHO
Understand Doppler Effect.,UNDERSTAND DOPPLER EFFECT
Solve numerical problems related to the above topics.,SOLVE NUMERICAL PROBLEMS RELATE ABOVE TOPICS PAST
INTRODUCTION Sound plays a major role in our lives.,SOUND LIFE PLAY INTRODUCTION MAJOR ROLE LIVE PRESENT
We communicate with each other mainly through sound.,WE SOUND COMMUNICATE OTHER MAINLY PRESENT
"In our daily life, we hear a variety of sounds produced by different sources like humans, animals, vehicle horns, etc.",WE HUMAN HEAR DAILY LIFE VARIETY SOUND PRODUCE DIFFERENT SOURCE HUMANS ANIMALS VEHICLE HORN PRESENT PAST
"Hence, it becomes inevitable to understand how sound is produced, how it is propagated and how you hear the sound from various sources.",YOU SOURCE BECOME HENCE INEVITABLE UNDERSTAND SOUND PRODUCE PROPAGATE HEAR VARIOUS PRESENT PAST
It is sometimes misinterpreted that acoustics only deals with musical instruments and design of auditoria and concert halls.,ACOUSTIC AUDITORIA MISINTERPRET SOMETIMES ACOUSTICS ONLY DEAL MUSICAL INSTRUMENT DESIGN CONCERT HALLS OCCASIONAL PAST
"But, acoustics is a branch of physics that deals with production, transmission, reception, control, and effects of sound.",ACOUSTICS BRANCH PHYSICS DEAL PRODUCTION TRANSMISSION RECEPTION CONTROL EFFECT SOUND PRESENT
You have studied about propagation and properties of sound waves in IX standard.,YOU STANDARD STUDY PROPAGATION PROPERTIES SOUND WAVE IX PAST
"In this lesson we will study about reflection of sound waves, Echo and Doppler effect. 5.1 SOUND WAVES When you think about sound, the questions that arise in your minds are: How is sound produced?",SOUND MIND STUDY LESSON REFLECTION WAVE ECHO DOPPLER EFFECT THINK QUESTION ARISE PRODUCE PRESENT PAST WHEN
How does sound reach our ears from various sources?,SOUND SOURCE REACH EARS VARIOUS HOW
What is sound?,SOUND WHAT
Is it a force or energy?,FORCE ENERGY QUESTION
Let us answer all these questions.,WE QUESTION LET ANSWER
"By touching a ringing bell or a musical instrument while it is producing music, you can conclude that sound is produced by vibrations.",SOUND VIBRATION CONCLUDE TOUCH RING BELL MUSICAL INSTRUMENT PRODUCE MUSIC VIBRATIONS PAST
"The vibrating bodies produce energy in the form of waves, which are nothing but sound waves (Figure 5.1).",WHICH WAVE PRODUCE VIBRATE BODY ENERGY FORM SOUND FIGURE PRESENT NOT
Figure 5.1 Production of sound waves 60 10th Standard Science Suppose you and your friend are on the Moon.,YOU MOON FIGURE PRODUCTION SOUND WAVE STANDARD SCIENCE SUPPOSE FRIEND
Will you be able to hear any sound produced by your friend?,ABLE HEAR SOUND PRODUCE FRIEND PAST QUESTION
"As the Moon does not have air, you will not be able to hear any sound produced by your friend.",MOON AIR ABLE HEAR SOUND PRODUCE FRIEND PAST NOT
"Hence, you understand that the sound produced due to the vibration of different bodies needs a material medium like air, water, steel, etc, for its propagation.",SOUND PROPAGATION UNDERSTAND HENCE PRODUCE VIBRATION DIFFERENT BODY NEED MATERIAL MEDIUM AIR WATER STEEL PRESENT PAST
"Hence, sound can propagate through a gaseous medium or a liquid medium or a solid medium.",SOUND MEDIUM PROPAGATE HENCE GASEOUS LIQUID SOLID
ACTIVITY 1 Take a squeaky toy or old mobile phone and put it inside a plastic bag.,ACTIVITY BAG TAKE SQUEAKY TOY OLD MOBILE PHONE PUT PLASTIC PAST
Seal the bag with the help of a candle or with a thread.,SEAL BAG HELP CANDLE THREAD
Fill a bucket with water and place the bag in the water bucket and squeeze the toy or ring the mobile.,FILL BUCKET WATER PLACE BAG SQUEEZE TOY RING MOBILE
You will hear a low sound.,YOU SOUND HEAR LOW
Now place your ear against the side of the bucket and squeeze the toy or ring the mobile phone again.,NOW PLACE EAR SIDE BUCKET SQUEEZE TOY RING MOBILE PHONE AGAIN PRESENT
"You will hear a louder sound. 5.1.1 Longitudinal Waves Sound waves are longitudinal waves that can travel through any medium (solids, liquids, gases) with a speed that depends on the properties of the medium.",THAT MEDIUM HEAR LOUDER SOUND LONGITUDINAL WAVE TRAVEL SOLIDS LIQUIDS GAS SPEED DEPEND PROPERTIES PRESENT
"As sound travels through a medium, the particles of the medium vibrate along the direction of propagation of the wave.",SOUND TRAVEL MEDIUM PARTICLES VIBRATE DIRECTION PROPAGATION WAVE PRESENT
This displacement involves the longitudinal displacements of the individual molecules from their mean positions.,DISPLACEMENT POSITION INVOLVE LONGITUDINAL DISPLACEMENTS INDIVIDUAL MOLECULES MEAN PRESENT
This results in a series of high and low pressure regions called compressions and rarefactions as shown in figure 5.2.,RESULT SERIES HIGH LOW PRESSURE REGIONS CALL COMPRESSIONS RAREFACTIONS SHOW FIGURE PRESENT PAST
"Figure 5.2 Sound propagates as longitudinal waves 5.1.2 Categories of sound waves based on their frequencies (i) Audible waves – These are sound waves with a frequency ranging between 20 Hz and 20,000 Hz.",FIGURE SOUND PROPAGATE LONGITUDINAL WAVE CATEGORIES BASE FREQUENCIES I AUDIBLE FREQUENCY RANGE HZ PAST
"These are generated by vibrating bodies such as vocal cords, stretched strings etc. (ii) Infrasonic waves – These are sound waves with a frequency below 20 Hz that cannot be heard by the human ear. e.g., waves produced during earth quake, ocean waves, sound produced by whales, etc. (iii) Ultrasonic waves – These are sound waves with a frequency greater than 20 kHz, Human ear cannot detect these waves, but certain creatures like mosquito, dogs, bats, dolphins can detect these waves. e.g., waves produced by bats. 5.1.3 Difference between the sound and light waves S.No.",DOLPHIN WAVE DETECT GENERATE VIBRATE BODY SUCH VOCAL CORD STRETCH STRING II INFRASONIC SOUND FREQUENCY HZ HEAR HUMAN EAR PRODUCE EARTH QUAKE OCEAN WHALE III ULTRASONIC GREATER KHZ CERTAIN CREATURES MOSQUITO DOG BAT DOLPHINS DIFFERENCE LIGHT PAST NOT
SOUND LIGHT 1 Medium is required for the propagation.,MEDIUM PROPAGATION REQUIRE LIGHT PAST
Medium is not required for the propagation. 2 Sound waves are longitudinal.,WAVE PROPAGATION REQUIRE MEDIUM SOUND LONGITUDINAL PAST NOT
Light waves are transverse. 3 Wavelength ranges from 1.65 cm to 1.65 m.,WAVELENGTH M. RANGE LIGHT WAVE TRANSVERSE CM PRESENT
Wavelength ranges from 4 × 10–7 m to 7 × 10–7 m. 4 Sound waves travel in air with a speed of about 340 ms–1 at NTP.,WAVE NTP RANGE WAVELENGTH M SOUND TRAVEL AIR SPEED PRESENT
"Light waves travel in air with a speed of 3 × 108 ms–1. 5.1.4 Velocity of sound waves When you talk about the velocity associated with any wave, there are two velocities, namely particle velocity and wave velocity.",YOU VELOCITY BE LIGHT WAVE TRAVEL AIR SPEED SOUND TALK ASSOCIATE TWO VELOCITIES NAMELY PARTICLE PRESENT PAST
SI unit of velocity is ms-1 10th_Science_Unit-5.indd 60 12/3/2022 2:50:32 PM 61 Acoustics Particle velocity: The velocity with which the particles of the medium vibrate in order to transfer the energy in the form of a wave is called particle velocity.,SI UNIT VELOCITY PM ACOUSTICS PARTICLE PARTICLES MEDIUM VIBRATE ORDER TRANSFER ENERGY FORM WAVE CALL PRESENT PAST
Wave velocity: The velocity with which the wave travels through the medium is called wave velocity.,WAVE MEDIUM CALL VELOCITY TRAVEL PRESENT PAST
"In other words, the distance travelled by a sound wave in unit time is called the velocity of a sound wave. ∴ Velocity = Distance Time taken If the distance travelled by one wave is taken as one wavelength (λ) and, the time taken for this propagation is one time period (T), then, the expression for velocity can be written as ∴ V = λ T (5.1) Therefore, velocity can be defined as the distance travelled per second by a sound wave.",VELOCITY WAVE DEFINE OTHER WORD DISTANCE TRAVEL SOUND UNIT TIME CALL TAKE ONE WAVELENGTH PROPAGATION PERIOD T THEN EXPRESSION WRITE V THEREFORE SECOND PAST
"Since, Frequency (n) =1/T, equation (5.1) can be written as V = nλ (5.2) Velocity of a sound wave is maximum in solids because they are more elastic in nature than liquids and gases.",THEY LIQUID WRITE FREQUENCY N T EQUATION V VELOCITY SOUND WAVE MAXIMUM SOLIDS MORE ELASTIC NATURE LIQUIDS GAS PAST
"Since, gases are least elastic in nature, the velocity of sound is the least in a gaseous medium.",GAS LEAST ELASTIC NATURE VELOCITY SOUND GASEOUS MEDIUM
"So, vS > vL > vG 5.1.5 Factors affecting velocity of sound In the case of solids, the elastic properties and the density of the solids affect the velocity of sound waves.",FACTOR WAVE AFFECT VS VL VG VELOCITY SOUND CASE SOLIDS ELASTIC PROPERTIES DENSITY PRESENT
Elastic property of solids is characterized by their elastic moduli.,PROPERTY MODULUS CHARACTERIZE ELASTIC SOLIDS MODULI PAST
The speed of sound is directly proportional to the square root of the elastic modulus and inversely proportional to the square root of the density.,SPEED SOUND DIRECTLY PROPORTIONAL SQUARE ROOT ELASTIC MODULUS INVERSELY DENSITY
Thus the velocity of sound in solids decreases as the density increases whereas the velocity of sound increases when the elasticity of the material increases.,DENSITY INCREASE DECREASE THUS VELOCITY SOUND SOLIDS ELASTICITY MATERIAL PRESENT
"In the case of gases, the following factors affect the velocity of sound waves.",FACTOR WAVE AFFECT CASE GAS FOLLOW VELOCITY SOUND PRESENT
Effect of density: The velocity of sound in a gas is inversely proportional to the square root of the density of the gas.,EFFECT DENSITY VELOCITY SOUND GAS INVERSELY PROPORTIONAL SQUARE ROOT
"Hence, the velocity decreases as the density of the gas increases. v √ 1 d Effect of temperature: The velocity of sound in a gas is directly proportional to the square root of its temperature.",VELOCITY TEMPERATURE DECREASE HENCE DENSITY GAS INCREASE D EFFECT SOUND DIRECTLY PROPORTIONAL SQUARE ROOT PRESENT
The velocity of sound in a gas increases with the increase in temperature. v ∝ √T.,VELOCITY SOUND GAS INCREASE TEMPERATURE
"Velocity at temperature T is given by the following equation: vT = (vo + 0.61 T) ms–1 Here, vo is the velocity of sound in the gas at 0° C.",VO C. GIVE VELOCITY TEMPERATURE T FOLLOW EQUATION VT HERE SOUND GAS PAST
"For air, vo = 331 ms–1.",AIR VO
"Hence, the velocity of sound changes by 0.61 ms–1 when the temperature changes by one degree celsius.",HENCE VELOCITY SOUND CHANGE TEMPERATURE ONE DEGREE CELSIUS
"Effect of relative humidity: When humidity increases, the speed of sound increases.",EFFECT RELATIVE HUMIDITY INCREASE SPEED SOUND PRESENT
That is why you can hear sound from long distances clearly during rainy seasons.,HEAR SOUND LONG DISTANCE CLEARLY RAINY SEASON
Speed of sound waves in different media are given in table 5.1.,SPEED TABLE GIVE SOUND WAVE DIFFERENT MEDIA PAST
Table 5.1 Speed of sound in different media S.,TABLE SPEED SOUND DIFFERENT MEDIA
No.,NOT
Nature of the medium Name of the Medium Speed of sound (in ms–1) 1 Solid Copper 5010 2 Iron 5950 3 Aluminium 6420 4 Liquid Kerosene 1324 5 Water 1493 6 Sea water 1533 7 Gas Air (at 0o C) 331 8 Air (at 20o C) 343 Example Problem 5.1 1.,NATURE MEDIUM NAME SPEED SOUND SOLID COPPER IRON ALUMINIUM LIQUID KEROSENE WATER SEA GAS AIR C EXAMPLE PROBLEM
At what temperature will the velocity of sound in air be double the velocity of sound in air at 0o C? 10th_Science_Unit-5.indd 61 12/3/2022 2:50:32 PM 62 10th Standard Science Solution: Let To C be the required temperature.,C LET TEMPERATURE VELOCITY SOUND AIR PM STANDARD SCIENCE SOLUTION REQUIRE PAST
Let v1 and v2 be the velocity of sound at temperatures T1K and T2K respectively.,V1 TEMPERATURE LET VELOCITY SOUND TEMPERATURES K RESPECTIVELY
"T1 = 273K (0o C) and T2 = (To C + 273)K v2 v1 T2 T1 273 + T 273 √ √ = = = 2 Here, it is given that, v2 / v1 = 2.",IT THAT GIVE K C T HERE PAST
"So, 273 + T 273 = 4 T = (273 × 4) – 273 = 819o C 5.2 REFLECTION OF SOUND When you speak in an empty room, you hear a soft repetition of your voice.",YOU VOICE HEAR T C REFLECTION SOUND SPEAK EMPTY ROOM SOFT REPETITION PRESENT
This is nothing but the reflection of the sound waves that you produce.,REFLECTION SOUND WAVE PRODUCE PRESENT NOT
Let us discuss about the reflection of sound in detail through the following activity.,WE ACTIVITY LET DISCUSS REFLECTION SOUND DETAIL FOLLOW
"When sound waves travel in a given medium and strike the surface of another medium, they can be bounced back into the first medium.",THEY MEDIUM BOUNCE SOUND WAVE TRAVEL GIVE STRIKE SURFACE BACK FIRST PRESENT PAST
This phenomenon is known as reflection.,PHENOMENON REFLECTION KNOW PAST
In simple the reflection and refraction of sound is actually similar to the reflection of light.,SIMPLE REFLECTION REFRACTION SOUND ACTUALLY SIMILAR LIGHT
"Thus, the bouncing of sound waves from the interface between two media is termed as the reflection of sound.",BOUNCE SOUND TERM THUS WAVE INTERFACE TWO MEDIA REFLECTION PAST
"The waves that strike the interface are termed as the incident wave and the waves that bounce back are termed as the reflected waves, as shown in Figure 5.3 Figure 5.3 Reflection of sound 5.2.1 Laws of reflection Like light waves, sound waves also obey some fundamental laws of reflection.",WAVE REFLECTION TERM STRIKE INTERFACE INCIDENT BOUNCE BACK REFLECT SHOW FIGURE SOUND LAWS LIGHT ALSO OBEY FUNDAMENTAL PRESENT PAST
"The following two laws of reflection are applicable to sound waves as well.  The incident wave, the normal to the reflecting surface and the reflected wave at the point of incidence lie in the same plane.  The angle of incidence ∠i is equal to the angle of reflection ∠r.",FOLLOW TWO LAWS REFLECTION APPLICABLE SOUND WAVE AS WELL INCIDENT NORMAL REFLECT SURFACE POINT INCIDENCE LIE SAME PLANE ANGLE EQUAL PAST
These laws can be observed from Figure 5.4.,LAW FIGURE OBSERVE LAWS PAST
"Figure 5.4 Laws of reflection In the above Figure 5.4, the sound waves that travel towards the reflecting surface are called the incident waves.",THAT SURFACE CALL FIGURE LAWS REFLECTION ABOVE SOUND WAVE TRAVEL REFLECT INCIDENT PRESENT PAST
The sound waves bouncing back from the reflecting surface are called reflected waves.,WAVE SURFACE CALL SOUND BOUNCE BACK REFLECT PAST
"For all practical purposes, the point of incidence and the point of reflection is the same point on the reflecting surface.",PRACTICAL PURPOSE POINT INCIDENCE REFLECTION SAME REFLECT SURFACE
A perpendicular line drawn at the point of incidence is called the normal.,LINE INCIDENCE CALL PERPENDICULAR DRAW POINT NORMAL PAST
"The angle which the incident sound wave makes with the normal is called the angle of incidence, ‘i’.",WAVE INCIDENCE CALL ANGLE INCIDENT SOUND MAKE NORMAL PRESENT PAST
"The angle which the reflected wave makes with the normal is called the angle of reflection, ‘r’. 10th_Science_Unit-5.indd 62 12/3/2022 2:50:32 PM 63 Acoustics Acoustical wonder of Golconda fort (Hyderabad, Telangana) The Clapping portico in Golconda Fort is a series of arches on one side, each smaller than the preceding one.",PORTICO ONE CALL ANGLE REFLECT WAVE MAKE NORMAL REFLECTION R PM ACOUSTICS ACOUSTICAL WONDER GOLCONDA FORT HYDERABAD TELANGANA CLAP SERIES ARCH SIDE SMALLER PRECEDE PAST PRESENT
"So, a sound wave generated under the dome would get compressed and then bounce back amplified sufficiently to reach a considerable distance. 5.2.2 Reflection at the boundary of a denser medium A longitudinal wave travels in a medium in the form of compressions and rarefactions.",WAVE COMPRESSION TRAVEL SOUND GENERATE DOME COMPRESS THEN BOUNCE BACK AMPLIFY SUFFICIENTLY REACH CONSIDERABLE DISTANCE REFLECTION BOUNDARY DENSER MEDIUM LONGITUDINAL FORM COMPRESSIONS RAREFACTIONS PAST PRESENT
Suppose a compression travelling in air from left to right reaches a rigid wall.,COMPRESSION WALL SUPPOSE TRAVEL AIR LEAVE RIGHT REACH RIGID PRESENT
The compression exerts a force F on the rigid wall.,COMPRESSION EXERT FORCE F RIGID WALL PRESENT
"In turn, the wall exerts an equal and opposite reaction R = – F on the air molecules.",WALL MOLECULE EXERT TURN EQUAL OPPOSITE REACTION R F AIR MOLECULES PRESENT
This results in a compression near the rigid wall.,RESULT COMPRESSION RIGID WALL PRESENT
"Thus, a compression travelling towards the rigid wall is reflected back as a compression.",COMPRESSION REFLECT THUS TRAVEL RIGID WALL BACK PAST
That is the direction of compression is reversed (Figure 5.5).,DIRECTION COMPRESSION REVERSE FIGURE PAST
Figure 5.5 Reflection of sound at a denser medium 5.2.3 Reflection at the boundary of a rarer medium Consider a wave travelling in a solid medium striking on the interface between the solid and the air.,FIGURE REFLECTION SOUND DENSER MEDIUM BOUNDARY RARER CONSIDER WAVE TRAVEL SOLID STRIKE INTERFACE AIR
The compression exerts a force F on the surface of the rarer medium.,COMPRESSION EXERT FORCE F SURFACE RARER MEDIUM PRESENT
"As a rarer medium has smaller resistance for any deformation, the surface of separation is pushed backwards (Figure 5.6).",SURFACE SEPARATION PUSH RARER MEDIUM SMALLER RESISTANCE DEFORMATION BACKWARDS FIGURE PRESENT PAST
"As the particles of the rarer medium are free to move, a rarefaction is produced at the interface.",RAREFACTION INTERFACE PRODUCE PARTICLES RARER MEDIUM FREE MOVE PAST
"Thus, a compression is reflected as a rarefaction and a rarefaction travels from right to left. 5.6 Reflection of sound at a rarer medium More to know: What is meant by rarer and denser medium?",WHAT RARER REFLECT THUS COMPRESSION RAREFACTION TRAVEL RIGHT LEAVE REFLECTION SOUND MEDIUM MORE KNOW MEAN DENSER PAST PRESENT
The medium in which the velocity of sound increases compared to other medium is called rarer medium. (Water is rarer compared to air for sound).,MEDIUM VELOCITY SOUND INCREASE COMPARE OTHER CALL RARER WATER AIR PAST
"The medium in which the velocity of sound decreases compared to other medium is called denser medium. (Air is denser compared to water for sound) 5.2.4 Reflection of sound in plane and curved surfaces When sound waves are reflected from a plane surface, the reflected waves travel in a direction, according to the law of reflection.",MEDIUM VELOCITY SOUND DECREASE COMPARE OTHER CALL DENSER AIR WATER REFLECTION PLANE CURVE SURFACE WAVE REFLECT TRAVEL DIRECTION ACCORD LAW PAST PRESENT
The intensity of the reflected wave is neither decreased nor increased.,INTENSITY WAVE DECREASE REFLECT INCREASE PAST
"But, when the sound waves are reflected from the curved surfaces, the intensity of the reflected waves is changed.",INTENSITY WAVE CHANGE SOUND REFLECT CURVE SURFACE PAST
"When reflected from a convex surface, the reflected waves are diverged out and the intensity is decreased.",INTENSITY SURFACE DIVERGE REFLECT CONVEX WAVE DECREASE PAST
"When sound is reflected from a concave surface, the reflected waves are converged and focused at a point.",WAVE POINT CONVERGE SOUND REFLECT CONCAVE SURFACE FOCUS PAST
So the intensity of reflected waves is concentrated at a point.,INTENSITY POINT CONCENTRATE REFLECT WAVE PAST
Parabolic surfaces are used when it is required to focus the sound at a particular point.,IT POINT USE PARABOLIC SURFACE REQUIRE FOCUS SOUND PARTICULAR PAST
"Hence, many halls are designed with parabolic reflecting surfaces.",HALL SURFACE DESIGN HENCE MANY HALLS PARABOLIC REFLECT PAST
"In elliptical surfaces, sound from one focus will always be reflected to the other focus, no matter where it strikes the wall. 10th_Science_Unit-5.indd 63 12/3/2022 2:50:33 PM 64 10th Standard Science This principle is used in designing whispering halls.",PRINCIPLE HALL USE ELLIPTICAL SURFACE SOUND ONE FOCUS ALWAYS REFLECT OTHER NO MATTER STRIKE WALL PM STANDARD SCIENCE DESIGN WHISPER HALLS HABITUAL PAST PRESENT NOT
"In a whispering hall, the speech of a person standing in one focus can be heard clearly by a listener standing at the other focus.",SPEECH FOCUS HEAR WHISPER HALL PERSON STAND ONE CLEARLY LISTENER OTHER PAST
Whispering Gallery One of the famous whispering galleries is in St.,WHISPER GALLERY ONE FAMOUS GALLERIES
Paul’s cathedral church in London.,PAUL CATHEDRAL CHURCH LONDON
It is built with elliptically shaped walls.,IT WALL BUILD ELLIPTICALLY SHAPE PAST
"When a person is talking at one focus, his voice can be heard distinctly at the other focus.",VOICE FOCUS HEAR PERSON TALK ONE DISTINCTLY OTHER PAST
"It is due to the multiple reflections of sound waves from the curved walls. 5.3 ECHOES An echo is the sound reproduced due to the reflection of the original sound from various rigid surfaces such as walls, ceilings, surfaces of mountains, etc.",DUE MULTIPLE REFLECTIONS SOUND WAVE CURVE WALL ECHO REPRODUCE REFLECTION ORIGINAL VARIOUS RIGID SURFACE SUCH CEILINGS MOUNTAINS PAST
"If you shout or clap near a mountain or near a reflecting surface, like a building you can hear the same sound again.",YOU SOUND SHOUT CLAP MOUNTAIN REFLECT SURFACE BUILD HEAR SAME AGAIN PRESENT
"The sound, which you hear is called an echo.",YOU WHICH CALL SOUND HEAR ECHO PRESENT PAST
It is due to the reflection of sound.,DUE REFLECTION SOUND
One does not experience any echo sound in a small room.,ONE ROOM EXPERIENCE ECHO SOUND SMALL NOT
This does not mean that sound is not reflected in a small room.,SOUND ROOM MEAN REFLECT SMALL PAST NOT
This is because smaller rooms do not satisfy the basic conditions for hearing an echo. 5.3.1 Conditions necessary for hearing echo 1.,SMALLER ROOM SATISFY BASIC CONDITION HEAR ECHO NECESSARY NOT
The persistence of hearing for human ears is 0.1 second.,PERSISTENCE HEAR HUMAN EARS SECOND
"This means that you can hear two sound waves clearly, if the time interval between the two sounds is at least 0.1 s.",INTERVAL SOUND MEAN HEAR TWO WAVE CLEARLY TIME LEAST PRESENT
"Thus, the minimum time gap between the original sound and an echo must be 0.1 s. 2.",THUS MINIMUM TIME GAP ORIGINAL SOUND ECHO
"The above criterion can be satisfied only when the distance between the source of sound and the reflecting surface would satisfy the following equation: distance travelled by sound time taken 2d t vt 2 Velocity = v d = = Since, t = 0.1 second, then d v × 0.1 2 v 20 = = Thus the minimum distance required to hear an echo is 1/20th part of the magnitude of the velocity of sound in air.",ABOVE CRITERION SATISFY ONLY DISTANCE SOURCE SOUND REFLECT SURFACE FOLLOW EQUATION TRAVEL TIME TAKE T VELOCITY V D SECOND THEN THUS MINIMUM REQUIRE HEAR ECHO PART MAGNITUDE AIR PAST
"If you consider the velocity of sound as 344 ms–1, the minimum distance required to hear an echo is 17.2 m. 5.3.2 Applications of echo  Some animals communicate with each other over long distances and also locate objects by sending the sound signals and receiving the echo as reflected from the targets.  The principle of echo is used in obstetric ultrasonography, which is used to create real-time visual images of the developing embryo or fetus in the mother’s uterus.",WHICH UTERUS USE CONSIDER VELOCITY SOUND MINIMUM DISTANCE REQUIRE HEAR ECHO APPLICATIONS ANIMALS COMMUNICATE OTHER LONG ALSO LOCATE OBJECT SEND SIGNAL RECEIVE REFLECT TARGET PRINCIPLE OBSTETRIC ULTRASONOGRAPHY CREATE REAL TIME VISUAL IMAGE DEVELOP EMBRYO FETUS FEMALE PARENT PRESENT PAST
"This is a safe testing tool, as it does not use any harmful radiations.  Echo is used to determine the velocity of sound waves in any medium. 5.3.3 Measuring velocity of sound by echo method Apparatus required: A source of sound pulses, a measuring tape, a sound receiver, and a stop watch. 10th_Science_Unit-5.indd 64 12/3/2022 2:50:33 PM 65 Acoustics Procedure: 1.",APPARATUS PULSE REQUIRE SAFE TEST TOOL USE HARMFUL RADIATIONS ECHO DETERMINE VELOCITY SOUND WAVE MEDIUM MEASURE METHOD SOURCE TAPE RECEIVER STOP WATCH PM ACOUSTICS PROCEDURE PAST NOT
Measure the distance ‘d’ between the source of sound pulse and the reflecting surface using the measuring tape. 2.,MEASURE DISTANCE D SOURCE SOUND PULSE REFLECT SURFACE USE TAPE
The receiver is also placed adjacent to the source.,RECEIVER SOURCE PLACE ALSO ADJACENT PAST
A sound pulse is emitted by the source. 3.,PULSE SOURCE EMIT SOUND PAST
The stopwatch is used to note the time interval between the instant at which the sound pulse is sent and the instant at which the echo is received by the receiver.,ECHO RECEIVER USE STOPWATCH NOTE TIME INTERVAL INSTANT SOUND PULSE SEND RECEIVE PAST
Note the time interval as ‘t’. 4.,NOTE TIME INTERVAL T
Repeat the experiment for three or four times.,REPEAT EXPERIMENT THREE FOUR TIME
The average time taken for the given number of pulses is calculated.,TIME PULSE CALCULATE AVERAGE TAKE GIVE NUMBER PAST
Calculation of speed of sound: The sound pulse emitted by the source travels a total distance of 2d while travelling from the source to the wall and then back to the receiver.,PULSE RECEIVER TRAVEL CALCULATION SPEED SOUND EMIT SOURCE TOTAL DISTANCE WALL THEN BACK PAST PRESENT
The time taken for this has been observed to be ‘t’.,TIME THIS OBSERVE TAKE T PAST
"Hence, the speed of sound wave is given by: distance travelled time taken 2d t Speed of sound = = 5.4 APPLICATIONS REFLECTION OF SOUND 5.4.1 Sound board These are basically curved surfaces (concave), which are used in auditoria and halls to improve the quality of sound.",HENCE SPEED SOUND WAVE GIVE DISTANCE TRAVEL TIME TAKE T APPLICATIONS REFLECTION BOARD BASICALLY CURVE SURFACE CONCAVE USE AUDITORIA HALLS IMPROVE QUALITY PAST
This board is placed such that the speaker is at the focus of the concave surface.,SPEAKER SURFACE PLACE BOARD SUCH FOCUS CONCAVE PAST
"The sound of the speaker is reflected towards the audience thus improving the quality of sound heard by the audience. 5.4.2 Ear trumpet Ear trumpet is a hearing aid, which is useful by people who have difficulty in hearing.",WHO HEAR REFLECT SOUND SPEAKER AUDIENCE THUS IMPROVE QUALITY EAR TRUMPET AID USEFUL PEOPLE DIFFICULTY PAST PRESENT
"In this device, one end is wide and the other end is narrow.",DEVICE ONE END WIDE OTHER NARROW
The sound from the sources fall into the wide end and are reflected by its walls into the narrow part of the device.,SOUND DEVICE FALL SOURCE WIDE END REFLECT WALL NARROW PART PRESENT PAST
This helps in concentrating the sound and the sound enters the ear drum with more intensity.,SOUND INTENSITY HELP CONCENTRATE ENTER EAR DRUM MORE PRESENT
This enables a person to hear the sound better. 5.4.3 Mega phone A megaphone is a horn-shaped device used to address a small gathering of people.,MEGAPHONE PEOPLE ENABLE PERSON HEAR SOUND BETTER MEGA PHONE HORN SHAPE DEVICE USE ADDRESS SMALL GATHER PRESENT PAST
Its one end is wide and the other end is narrow.,ONE END WIDE OTHER NARROW
"When a person speaks at the narrow end, the sound of his speech is concentrated by the multiple reflections from the walls of the tube.",SOUND TUBE CONCENTRATE PERSON SPEAK NARROW END SPEECH MULTIPLE REFLECTIONS WALL PRESENT PAST
"Thus, his voice can be heard loudly over a long distance. 5.5 DOPPLER EFFECT The whistle of a fast moving train appears to increase in pitch as it approaches a stationary listener and it appears to decrease as the train moves away from the listener.",TRAIN LISTENER HEAR THUS VOICE LOUDLY LONG DISTANCE DOPPLER EFFECT WHISTLE FAST MOVE APPEAR INCREASE PITCH APPROACH STATIONARY DECREASE AWAY PAST PRESENT
"This apparent change in frequency was first observed and explained by Christian Doppler (1803-1853), an Austrian Mathematician and Physicist.",CHANGE DOPPLER OBSERVE APPARENT FREQUENCY FIRST EXPLAIN CHRISTIAN AUSTRIAN MATHEMATICIAN PHYSICIST PAST
He observed that the frequency of the sound as received by a listener is different from the original frequency produced by the source whenever there is a relative motion between the source and the listener.,FREQUENCY SOURCE OBSERVE SOUND RECEIVE LISTENER DIFFERENT ORIGINAL PRODUCE RELATIVE MOTION PAST PRESENT
"This is known as Doppler effect This relative motion could be due to various possibilities as follows: (i) The listener moves towards or away from a stationary source (ii) The source moves towards or away from a stationary listener 10th_Science_Unit-5.indd 65 12/3/2022 2:50:33 PM 66 10th Standard Science (iii) Both source and listener move towards or away from one other (iv) The medium moves when both source and listener are at rest DEFINITION When ever there is a relative motion between a source and a listener, the frequency of the sound heard by the listener is different from the original frequency of sound emitted by the source.",SOURCE MOVE KNOW DOPPLER EFFECT RELATIVE MOTION DUE VARIOUS POSSIBILITIES FOLLOW I LISTENER AWAY STATIONARY II PM STANDARD SCIENCE III ONE OTHER MEDIUM REST DEFINITION EVER FREQUENCY SOUND HEAR DIFFERENT ORIGINAL EMIT PAST PRESENT
This is known as “Doppler effect”.,THIS EFFECT KNOW DOPPLER PAST
"For simplicity of calculation, it is assumed that the medium is at rest.",MEDIUM REST ASSUME SIMPLICITY CALCULATION PAST
That is the velocity of the medium is zero.,VELOCITY MEDIUM ZERO
Let S and L be the source and the listener moving with velocities vS and vL respectively.,LISTENER VELOCITY LET S L SOURCE MOVE VELOCITIES VS VL RESPECTIVELY PRESENT
Consider the case of source and listener moving towards each other (Figure 5.7).,CONSIDER CASE SOURCE LISTENER MOVE OTHER FIGURE
"As the distance between them decreases, the apparent Table 5.2 Expression for apparent frequency due to Doppler effect Case No.",DISTANCE FREQUENCY DECREASE APPARENT TABLE EXPRESSION DOPPLER EFFECT CASE NO PRESENT NOT
Position of source and listener Note Expression for apparent frequency 1 Both source and listener move They move towards each other a) Distance between source and listener decreases. b) Apparent frequency is more than actual frequency. n' = v + vL v − vs n 2 Both source and listener move They move away from each other a) Distance between source and listener increases. b) Apparent frequency is less than actual frequency. c) vS and vL become opposite to that in case-1. n' = v − vL v + vs n 3 Both source and listener move They move one behind the other Source follows the listener a) Apparent frequency depends on the velocities of the source and the listener. b) vS becomes opposite to that in case-2. n' = v − vL v − vs n frequency will be more than the actual source frequency.,FREQUENCY BECOME POSITION SOURCE LISTENER NOTE EXPRESSION APPARENT MOVE OTHER DISTANCE DECREASE MORE ACTUAL V VL AWAY INCREASE LESS VS OPPOSITE N ONE FOLLOW DEPEND VELOCITIES PRESENT
Figure 5.7 Source and listener moving towards each other Let n and n' be the frequency of the sound produced by the source and the sound observed by the listener respectively.,N LISTENER FIGURE SOURCE MOVE OTHER LET FREQUENCY SOUND PRODUCE OBSERVE RESPECTIVELY PAST
"Then, the expression for the apparent frequency n' is n' = v + vL v − vs n Here, v is the velocity of sound waves in the given medium.",THEN EXPRESSION APPARENT FREQUENCY N V VL HERE VELOCITY SOUND WAVE GIVE MEDIUM PAST
Let us consider different possibilities of motions of the source and the listener.,WE SOURCE LET CONSIDER DIFFERENT POSSIBILITIES MOTION LISTENER
"In all such cases, the expression for the apparent frequency is given in table 5.2. 10th_Science_Unit-5.indd 66 12/3/2022 2:50:33 PM 67 Acoustics 4 Both source and listener move They move one behind the other Listener follows the source a) Apparent frequency depends on the velocities of the source and the listener. b) vS and vL become opposite to that in case-3. n' = v + vL v + vs n 5 Source at rest Listener moves towards the source a) Distance between source and listener decreases. b) Apparent frequency is more than actual frequency. c) vS = 0 in case-1. n' = v + vL v n 6 Source at rest Listener moves away from the source a) Distance between source and listener increases. b) Apparent frequency is less than actual frequency. c) vS = 0 in case-2. n' = v − vL v n 7 Listener at rest Source moves towards the listener a) Distance between source and listener decreases. b) Apparent frequency is more than actual frequency. c) vL = 0 in case-1. n' = v v − vs n 8 Listener at rest Source moves away from the listener a) Distance between source and listener increases. b) Apparent frequency is less than actual frequency. c) vL = 0 in case-2. n' = v v + vs n Suppose the medium (say wind) is moving with a velocity W in the direction of the propagation of sound.",MEDIUM SOUND SUPPOSE SUCH CASE EXPRESSION APPARENT FREQUENCY GIVE TABLE PM ACOUSTICS SOURCE LISTENER MOVE ONE OTHER FOLLOW DEPEND VELOCITIES VS VL BECOME OPPOSITE V N REST DISTANCE DECREASE MORE ACTUAL AWAY INCREASE LESS SAY WIND VELOCITY W DIRECTION PROPAGATION PAST PRESENT
"For this case, the velocity of sound, ‘v’ should be replaced with (v + W).",VELOCITY V REPLACE CASE SOUND W PAST
"If the medium moves in a direction opposite to the propagation of sound, then ‘v’ should be replaced with (v – W).",MOVE W REPLACE MEDIUM DIRECTION OPPOSITE PROPAGATION SOUND THEN V PAST
Solved problems 1.,SOLVE PROBLEMS
A source producing a sound of frequency 90 Hz is approaching a stationary listener with a speed equal to (1/10) of the speed of sound.,HZ SOUND APPROACH SOURCE PRODUCE FREQUENCY STATIONARY LISTENER SPEED EQUAL
What will be the frequency heard by the listener?,FREQUENCY HEAR LISTENER PAST WHAT
"Solution: When the source is moving towards the stationary listener, the expression for apparent frequency is n' = n v v − vs = = n n v v v − 1 10 10 9 = × 90 = 100 Hz 10 9 2.",SOLUTION SOURCE MOVE STATIONARY LISTENER EXPRESSION APPARENT FREQUENCY N HZ
A source producing a sound of frequency 500 Hz is moving towards a listener with a velocity of 30 ms–1.,HZ M-S-–-1 MOVE SOURCE PRODUCE SOUND FREQUENCY LISTENER VELOCITY
The speed of the sound is 330 ms–1.,SPEED SOUND
"What will be the frequency heard by listener? 10th_Science_Unit-5.indd 67 12/3/2022 2:50:33 PM 68 10th Standard Science Solution: When the source is moving towards the stationary listener, the expression for apparent frequency is n' = n v v − vs = n' ×500 330 330 − 30 = 550 Hz 3.",FREQUENCY HEAR LISTENER PM STANDARD SCIENCE SOLUTION SOURCE MOVE STATIONARY EXPRESSION APPARENT N HZ PAST
A source of sound is moving with a velocity of 50 ms–1 towards a stationary listener.,SOURCE LISTENER MOVE SOUND VELOCITY STATIONARY
"The listener measures the frequency of the source as 1000 Hz. what will be the apparent frequency of the source when it is moving away from the listener after crossing him? (velocity of sound in the medium is 330 m s–1) Solution: When the source is moving towards the stationary listener, the expression for apparent frequency is n' = n v v − vs = 1000 330 330 − 50 n = n 1000 × 280 330 n = 848.48 Hz.",EXPRESSION = MEASURE LISTENER FREQUENCY SOURCE HZ APPARENT MOVE AWAY CROSS VELOCITY SOUND MEDIUM SOLUTION STATIONARY N PRESENT
The actual frequency of the sound is 848.48 Hz.,ACTUAL FREQUENCY SOUND HZ
"When the source is moving away from the stationary listener, the expression for apparent frequency is n' = n v v + vs = × 848.48 330 330 + 50 = 736.84 Hz 4.",SOURCE MOVE AWAY STATIONARY LISTENER EXPRESSION APPARENT FREQUENCY N VS HZ
A source and listener are both moving towards each other with a speed v/10 where v is the speed of sound.,V SOUND MOVE SOURCE LISTENER OTHER SPEED
"If the frequency of the note emitted by the source is f, what will be the frequency heard by the listener?",FREQUENCY NOTE EMIT SOURCE F HEAR LISTENER PAST WHAT
"Solution: When source and listener are both moving towards each other, the apparent frequency is n' = .n v + vl v − vs n' = .n v + v − v 10 v 10 = n' .f 11 9 = 1.22 f 5.",SOLUTION SOURCE LISTENER MOVE OTHER APPARENT FREQUENCY N VL V F
At what speed should a source of sound move away from a stationary observer so that observer finds the apparent frequency equal to half of the original frequency?,FREQUENCY FIND SPEED SOURCE SOUND MOVE AWAY STATIONARY OBSERVER APPARENT EQUAL HALF ORIGINAL PRESENT WHAT
"Solution: When the source is moving away from the stationary listener, the expression for the apparent frequency is n' = .n v v + vs = .n v v + vs n 2 Vs = V 10th_Science_Unit-5.indd 68 12/3/2022 2:50:33 PM 69 Acoustics 5.5.1 Conditions for no Doppler effect Under the following circumstances, there will be no Doppler effect and the apparent frequency as heard by the listener will be the same as the source frequency. (i) When source (S) and listener (L) both are at rest. (ii) When S and L move in such a way that distance between them remains constant. (iii) When source S and L are moving in mutually perpendicular directions. (iv) If the source is situated at the center of the circle along which the listener is moving. 5.5.2 Applications of Doppler effect (a) To measure the speed of an automobile An electromagnetic wave is emitted by a source attached to a police car.",APPLICATIONS CAR EMIT SOLUTION SOURCE MOVE AWAY STATIONARY LISTENER EXPRESSION APPARENT FREQUENCY N V VS PM ACOUSTICS CONDITION DOPPLER EFFECT FOLLOW CIRCUMSTANCES HEAR SAME I S L REST II WAY DISTANCE REMAIN CONSTANT III MUTUALLY PERPENDICULAR DIRECTIONS SITUATE CENTER CIRCLE MEASURE SPEED AUTOMOBILE ELECTROMAGNETIC WAVE ATTACH POLICE PAST PRESENT NOT
"The wave is reflected by a moving vehicle, which acts as a moving source.",WHICH SOURCE REFLECT WAVE MOVE VEHICLE ACT PAST PRESENT
There is a shift in the frequency of the reflected wave.,SHIFT FREQUENCY REFLECT WAVE PRESENT PAST
"From the frequency shift, the speed of the car can be determined.",SPEED CAR DETERMINE FREQUENCY SHIFT PAST
This helps to track the over speeding vehicles. (b) Tracking a satellite The frequency of radio waves emitted by a satellite decreases as the satellite passes away from the Earth.,SATELLITE EARTH TRACK HELP SPEED VEHICLES FREQUENCY RADIO WAVE EMIT DECREASE PASS AWAY PRESENT PAST
"By measuring the change in the frequency of the radio waves, the location of the satellites is studied. (c) RADAR (RAdio Detection And Ranging) In RADAR, radio waves are sent, and the reflected waves are detected by the receiver of the RADAR station.",WAVE STATION SEND MEASURE CHANGE FREQUENCY RADIO LOCATION SATELLITE STUDY C RADAR DETECTION RANGE REFLECT DETECT RECEIVER PAST
"From the frequency change, the speed and location of the aeroplanes and aircrafts are tracked. (d) SONAR In SONAR, by measuring the change in the frequency between the sent signal and received signal, the speed of marine animals and submarines can be determined.",SPEED ANIMAL DETERMINE FREQUENCY CHANGE LOCATION AEROPLANES AIRCRAFTS TRACK SONAR MEASURE SEND SIGNAL RECEIVE MARINE ANIMALS SUBMARINE PAST
Points to Remember Wave velocity is the velocity with which the wave travels through the medium.,POINT REMEMBER WAVE VELOCITY TRAVEL MEDIUM PRESENT
Velocity of a sound wave is maximum in solids because they are more elastic in nature than liquids and gases.,VELOCITY SOUND WAVE MAXIMUM SOLIDS MORE ELASTIC NATURE LIQUIDS GAS
Since gases are least elastic in nature.,GAS LEAST ELASTIC NATURE
Infrasonic waves are sound wave with a frequency below 20 Hz.,INFRASONIC WAVE SOUND FREQUENCY HZ
A human ear cannot hear these waves.,EAR WAVE HEAR HUMAN NOT
"Ultrasonic waves are sound waves with frequency greater than 20 kHz, A human ear cannot detect these waves.",EAR WAVE DETECT ULTRASONIC SOUND FREQUENCY GREATER KHZ HUMAN NOT
"Reflection of sound waves obey the laws of reflection. when a compression hits the boundary of a rarer medium, it is reflected as a rarefaction.",IT RAREFACTION REFLECT REFLECTION SOUND WAVE OBEY LAWS COMPRESSION HIT BOUNDARY RARER MEDIUM PRESENT PAST
An echo is the sound reproduced due to the reflection of the original sound wave.,ECHO SOUND REPRODUCE REFLECTION ORIGINAL WAVE PAST
The minimum distance between the source and the reflecting surface should be 17.2 m to hear an echo clearly. “The apparent frequency” is the frequency of the sound as heard by the listener. 10th_Science_Unit-5.indd 69 12/3/2022 2:50:33 PM 70 10th Standard Science TEXTBOOK EVALUATION I.,MINIMUM DISTANCE SOURCE REFLECT SURFACE M HEAR ECHO CLEARLY APPARENT FREQUENCY SOUND LISTENER PM STANDARD SCIENCE TEXTBOOK EVALUATION PAST
Choose the correct answer 1.,CHOOSE CORRECT ANSWER
"When a sound wave travels through air, the air particles a) vibrate along the direction of the wave motion b) vibrate but not in any fixed direction c) vibrate perpendicular to the direction of the wave motion d) do not vibrate 2.",PARTICLE 2 VIBRATE SOUND WAVE TRAVEL AIR PARTICLES DIRECTION MOTION B FIX PERPENDICULAR D PRESENT PAST NOT
Velocity of sound in a gaseous medium is 330 ms–1.,VELOCITY SOUND GASEOUS MEDIUM
"If the pressure is increased by 4 times without causing a change in the temperature, the velocity of sound in the gas is a) 330 ms–1 b) 660 ms1 c) 156 ms–1 d) 990 ms–1 3.",PRESSURE INCREASE TIME CAUSE CHANGE TEMPERATURE VELOCITY SOUND GAS C PAST
"The frequency, which is audible to the human ear is a) 50 kHz b) 20 kHz c) 15000 kHz d) 10000 kHz 4.",FREQUENCY AUDIBLE HUMAN EAR KHZ
The velocity of sound in air at a particular temperature is 330 ms–1.,VELOCITY SOUND AIR PARTICULAR TEMPERATURE
What will be its value when temperature is doubled and the pressure is halved? a) 330 ms–1 b) 165 ms–1 c) 330 × √2 ms–1 d) 320 / √ 2 ms–1 5.,VALUE TEMPERATURE DOUBLE PRESSURE HALVE PAST
"If a sound wave travels with a frequency of 1.25 × 104 Hz at 344 ms–1, the wavelength will be a) 27.52 m b) 275.2 m c) 0.02752 m d) 2.752 m 6.",SOUND WAVE TRAVEL FREQUENCY HZ WAVELENGTH M C D PRESENT
The sound waves are reflected from an obstacle into the same medium from which they were incident.,THEY WHICH REFLECT SOUND WAVE OBSTACLE SAME MEDIUM INCIDENT PAST
Which of the following changes? a) speed b) frequency c) wavelength d) none of these 7.,FOLLOW CHANGE SPEED B FREQUENCY C WAVELENGTH NONE NOT
Velocity of sound in the atmosphere of a planet is 500 ms–1.,VELOCITY SOUND ATMOSPHERE PLANET
"The minimum distance between the sources of sound and the obstacle to hear the echo, should be a) 17 m b) 20 m c) 25 m d) 50 m II.",MINIMUM DISTANCE SOURCE SOUND OBSTACLE HEAR ECHO M B C II
Fill up the blanks 1.,FILL BLANK
Rapid back and forth motion of a particle about its mean position is called _____ 2.,POSITION PARTICLE CALL RAPID BACK FORTH MOTION MEAN PAST
"If the energy in a longitudinal wave travels from south to north, the particles of the medium would be vibrating in _____ 3.",PARTICLE _ VIBRATE ENERGY LONGITUDINAL WAVE TRAVEL SOUTH NORTH PARTICLES MEDIUM PRESENT
"A whistle giving out a sound of frequency 450 Hz, approaches a stationary observer at a speed of 33 ms–1.",WHISTLE M-S-–-1 APPROACH GIVE SOUND FREQUENCY HZ STATIONARY OBSERVER SPEED PRESENT
The frequency heard by the observer is (speed of sound = 330 ms–1) ______. 4.,FREQUENCY HEAR OBSERVER SPEED SOUND PAST
A source of sound is travelling with a velocity 40 km/h towards an observer and emits a sound of frequency 2000 Hz.,SOURCE FREQUENCY TRAVEL SOUND VELOCITY KM H OBSERVER EMIT HZ PRESENT
"If the velocity of sound is 1220 km/h, then the apparent frequency heard by the observer is ___________.",VELOCITY SOUND KM H THEN APPARENT FREQUENCY HEAR OBSERVER PAST
III.,III
True or false:- (If false give the reason) 1.,FALSE 1 GIVE TRUE REASON
"Sound can travel through solids, gases, liquids and even vacuum. 2.",SOUND SOLID TRAVEL SOLIDS GAS LIQUIDS EVEN VACUUM
Waves created by Earth Quake are Infrasonic. 3.,WAVE CREATE EARTH QUAKE INFRASONIC PAST
The velocity of sound is independent of temperature. 4.,VELOCITY SOUND INDEPENDENT TEMPERATURE
The Velocity of sound is high in gases than liquids.,VELOCITY SOUND HIGH GAS LIQUIDS
IV.,IV
Match the following 1.,MATCH FOLLOW
Infrasonic - (a) Compressions 2.,INFRASONIC COMPRESSIONS
Echo - (b) 22 kHz 3.,ECHO B KHZ
Ultrasonic - (c) 10 Hz 4.,ULTRASONIC C HZ
High pressure region - (d) Ultrasonography 10th_Science_Unit-5.indd 70 12/3/2022 2:50:33 PM 71 Acoustics V.,HIGH PRESSURE REGION ULTRASONOGRAPHY PM ACOUSTICS
Assertion and Reason Questions Mark the correct choice as a.,ASSERTION A. MARK REASON QUESTION CORRECT CHOICE PRESENT
If both the assertion and the reason are true and the reason is the correct explanation of the assertion. b.,ASSERTION REASON TRUE CORRECT EXPLANATION
If both the assertion and the reason are true but the reason is not the correct explanation of the assertion. c.,ASSERTION REASON TRUE CORRECT EXPLANATION NOT
"Assertion is true, but the reason is false. d.",ASSERTION TRUE REASON FALSE
"Assertion is false, but the reason is true. 1) Assertion: The change in air pressure affects the speed of sound.",ASSERTION FALSE REASON TRUE CHANGE AIR PRESSURE AFFECT SPEED SOUND PRESENT
Reason: The speed of sound in a gas is proportional to the square of the pressure 2) Assertion: Sound travels faster in solids than in gases.,SOUND GAS TRAVEL REASON SPEED PROPORTIONAL SQUARE PRESSURE ASSERTION FASTER SOLIDS PRESENT
Reason: Solid posses a greater density than that of gases.,REASON SOLID POSSES GREATER DENSITY GAS PRESENT
VI.,VI
Answer very briefly 1.,ANSWER VERY BRIEFLY
What is a longitudinal wave? 2.,LONGITUDINAL WAVE
What is the audible range of frequency? 3.,AUDIBLE RANGE FREQUENCY
What is the minimum distance needed for an echo? 4.,MINIMUM DISTANCE NEED ECHO PAST
"What will be the frequency sound having 0.20 m as its wavelength, when it travels with a speed of 331 ms–1? 5.",FREQUENCY SOUND HAVE M WAVELENGTH TRAVEL SPEED PRESENT
"Name three animals, which can hear ultrasonic vibrations.",WHICH VIBRATION NAME THREE ANIMALS HEAR ULTRASONIC VIBRATIONS
VII.,VII
Answer briefly 1.,ANSWER BRIEFLY
Why does sound travel faster on a rainy day than on a dry day? 2.,SOUND TRAVEL FASTER RAINY DAY DRY
Why does an empty vessel produce more sound than a filled one? 3.,VESSEL 3 PRODUCE EMPTY MORE SOUND FILL ONE PAST
Air temperature in the Rajasthan desert can reach 46°C.,TEMPERATURE C REACH AIR RAJASTHAN DESERT
What is the velocity of sound in air at that temperature? (V0 = 331 ms–1) 4.,VELOCITY SOUND AIR TEMPERATURE
"Explain why, the ceilings of concert halls are curved. 5.",CEILING HALL EXPLAIN CEILINGS CONCERT HALLS CURVE PAST
Mention two cases in which there is no Doppler effect in sound?,MENTION TWO CASE DOPPLER EFFECT SOUND PRESENT NOT WHICH
VIII.,VIII
Problem Corner 1.,PROBLEM CORNER
A sound wave has a frequency of 200 Hz and a speed of 400 ms–1 in a medium.,WAVE MEDIUM HAVE SOUND FREQUENCY HZ SPEED PRESENT
Find the wavelength of the sound wave. 2.,FIND WAVELENGTH SOUND WAVE
The thunder of cloud is heard 9.8 seconds later than the flash of lightning.,THUNDER LIGHTNING HEAR CLOUD SECOND LATER FLASH PAST FUTURE
"If the speed of sound in air is 330 ms–1, what will be the height of the cloud? 3.",SPEED SOUND AIR HEIGHT CLOUD
A person who is sitting at a distance of 400 m from a source of sound is listening to a sound of 600 Hz.,WHO HZ LISTEN PERSON SIT DISTANCE M SOURCE SOUND
Find the time period between successive compressions from the source? 4.,FIND TIME PERIOD SUCCESSIVE COMPRESSIONS SOURCE
An ultrasonic wave is sent from a ship towards the bottom of the sea.,WAVE SEA SEND ULTRASONIC SHIP BOTTOM PAST
It is found that the time interval between the transmission and reception of the wave is 1.6 seconds.,INTERVAL WAVE FIND TIME TRANSMISSION RECEPTION SECOND PAST
"What is the depth of the sea, if the velocity of sound in the seawater is 1400 ms–1? 5.",DEPTH SEA VELOCITY SOUND SEAWATER
A man is standing between two vertical walls 680 m apart.,MAN WALL STAND TWO VERTICAL M APART
He claps his hands and hears two distinct echoes after 0.9 seconds and 1.1 second respectively.,HE SECOND CLAP HAND HEAR TWO DISTINCT ECHO RESPECTIVELY PRESENT
What is the speed of sound in the air? 6.,SPEED SOUND AIR
Two observers are stationed in two boats 4.5 km apart.,OBSERVER BOAT STATION TWO OBSERVERS KM APART PAST
"A sound signal sent by one, under water, reaches the other after 3 seconds.",SIGNAL SECOND REACH SOUND SEND ONE WATER OTHER PAST PRESENT
What is the speed of sound in the water? 7.,SPEED SOUND WATER
A strong sound signal is sent from a ship towards the bottom of the sea.,SIGNAL SEA SEND STRONG SOUND SHIP BOTTOM PAST
It is received back after 1s.What is the depth of sea given that the speed of sound in water 1450 ms–1? 10th_Science_Unit-5.indd 71 12/3/2022 2:50:33 PM 72 10th Standard Science IX.,DEPTH WATER RECEIVE BACK SEA GIVE SPEED SOUND PM STANDARD SCIENCE IX PAST
Answer in Detail 1.,ANSWER DETAIL
What are the factors that affect the speed of sound in gases? 2.,FACTOR AFFECT SPEED SOUND GAS PRESENT
What is mean by reflection of sound?,MEAN REFLECTION SOUND WHAT
Explain: a) reflection at the boundary of a rarer medium b) reflection at the boundary of a denser medium c) Reflection at curved surfaces 3. a) What do you understand by the term ‘ultrasonic vibration’? b) State three uses of ultrasonic vibrations. c) Name three animals which can hear ultrasonic vibrations. 4.,WHICH VIBRATION UNDERSTAND EXPLAIN REFLECTION BOUNDARY RARER MEDIUM B DENSER C CURVE SURFACE TERM ULTRASONIC STATE THREE USE VIBRATIONS NAME ANIMALS HEAR
What is an echo? a) State two conditions necessary for hearing an echo. b) What are the medical applications of echo? c) How can you calculate the speed of sound using echo?,YOU ECHO CALCULATE STATE TWO CONDITION NECESSARY HEAR MEDICAL APPLICATIONS SPEED SOUND USE WHAT
HOT Questions 1.,HOT QUESTION
"Suppose that a sound wave and a light wave have the same frequency, then which one has a longer wavelength? a) Sound b) Light c) both a and b d) data not sufficient 2.",ONE WAVELENGTH SUPPOSE SOUND WAVE LIGHT SAME FREQUENCY THEN LONGER B C DATA SUFFICIENT PRESENT NOT
"When sound is reflected from a distant object, an echo is produced.",ECHO OBJECT PRODUCE SOUND REFLECT DISTANT PAST
Let the distance between the reflecting surface and the source of sound remain the same.,DISTANCE SOUND LET REFLECT SURFACE SOURCE REMAIN SAME PRESENT
Do you hear an echo sound on a hotter day?,YOU DAY HEAR ECHO SOUND HOTTER QUESTION
Justify your answer.,JUSTIFY ANSWER
REFERENCE BOOKS 1.,REFERENCE BOOK
Fundamental Physics by K.L.,FUNDAMENTAL PHYSICS
Gomber and K.L.,GOMBER
Gogia 2.,GOGIA
Fundamentals of sound and vibration by Franky Fahy and David Thombson 3.,FUNDAMENTALS SOUND VIBRATION FRANKY FAHY DAVID THOMBSON
The theory of sound by Rayleigh and John William Strutt INTERNET RESOURCE 1. http://people.bath.ac.uk/ensmjc/Notes/ acoustics.pdf 10th_Science_Unit-5.indd 72 12/3/2022 2:50:33 PM 73 Acoustics Link http://vlab.amrita.edu/?sub=1&brch=201&sim=368&cnt=4 ICT CORNER Doppler effect • Open the browser and type “vlab.amrita.edu” in the address bar.,ICT BAR OPEN THEORY SOUND RAYLEIGH JOHN WILLIAM STRUTT INTERNET RESOURCE PM ACOUSTICS LINK CORNER DOPPLER EFFECT BROWSER TYPE ADDRESS
Click ‘Physical Sciences’ and then click ‘Harmonic Motion and Waves Virtual Lab’.,CLICK PHYSICAL SCIENCES THEN HARMONIC MOTION WAVE VIRTUAL LAB
"Click ‘Doppler Effect’ and Go to “simulator” tab to do the experiment. sign up one time with your e-mail • Select medium of travel, detector direction and source direction by clicking the drop down menu. • Change relative motion between source and observer by adjusting the velocity of the source and observer using the slider. • Discuss how apparent frequency is changes with respect to actual frequency by changing position of source and listener.",FREQUENCY SOURCE • CLICK DOPPLER EFFECT GO SIMULATOR TAB EXPERIMENT SIGN ONE TIME E MAIL SELECT MEDIUM TRAVEL DETECTOR DIRECTION DROP MENU CHANGE RELATIVE MOTION OBSERVER ADJUST VELOCITY USE SLIDER DISCUSS APPARENT RESPECT ACTUAL POSITION LISTENER PAST
Also try for different source frequencies.,ALSO TRY DIFFERENT SOURCE FREQUENCIES
Steps In this activity you will be able to learn how the observed frequencies of a sound changes with the velocities of the source and the observer (Doppler effect).,STEP ACTIVITY ABLE LEARN OBSERVE FREQUENCIES SOUND CHANGE VELOCITIES SOURCE OBSERVER DOPPLER EFFECT
ACOUSTICS Reﬂection of sound wave At Denser Medium Doppler eﬀect Laws of Reﬂection Echo Applications Application Sound Board Ear Trumpet Megaphone Measuring velocity Diﬀerent conditions At Rarer medium SONAR Sound waves Longitudinal wave Velocity Characterstics Frequency Wavelength Amplitude Time period Pitch Loudness Quality Audible Properties 20-20kHz Ultrasonics >20000Hz <20 Hz Infrasonics Concept Map 10th_Science_Unit-5.indd 73 12/3/2022 2:50:34 PM 74 INTRODUCTION Humans are very much interested in knowing about atoms.,ACOUSTICS REFLECTION SOUND WAVE DENSER MEDIUM DOPPLER EFFECT LAWS ECHO APPLICATIONS APPLICATION BOARD EAR TRUMPET MEGAPHONE MEASURE VELOCITY DIFFERENT CONDITION RARER SONAR LONGITUDINAL CHARACTERSTICS FREQUENCY WAVELENGTH AMPLITUDE TIME PERIOD PITCH LOUDNESS QUALITY AUDIBLE PROPERTIES ULTRASONICS HZ INFRASONICS CONCEPT MAP PM INTRODUCTION HUMANS VERY MUCH INTEREST KNOW ATOMS PRESENT
Things around us are made up of atoms.,THING ATOM MAKE THINGS ATOMS PAST
A Greek Philosopher 'Democritus' in 400 BC(BCE) believed that matter is made up of tiny indestructible units called atoms.,MATTER UNIT BELIEVE GREEK PHILOSOPHER DEMOCRITUS MAKE TINY INDESTRUCTIBLE UNITS CALL ATOMS PAST
"Later, in 1803, John Dalton considered that elements consist of atoms, which are identical in nature.",WHICH NATURE CONSIDER LATER JOHN DALTON ELEMENTS CONSIST ATOMS IDENTICAL FUTURE PAST PRESENT
"J J Thomson discovered cathode rays, known as electrons, experimentally and Goldstein discovered positive rays, which were named as protons by Rutherford.",WHICH RUTHERFORD DISCOVER J THOMSON CATHODE RAY KNOW ELECTRONS EXPERIMENTALLY GOLDSTEIN POSITIVE NAME PROTONS PAST
"In 1932, James Chadwick discovered the chargeless particles called neutrons.",CHADWICK PARTICLE DISCOVER JAM CHARGELESS PARTICLES CALL NEUTRONS PAST
"Presently, a large number of elementary particles like photon, meson, positron and nutrino have been discovered.",NUMBER PHOTON DISCOVER PRESENTLY LARGE ELEMENTARY PARTICLES MESON POSITRON NUTRINO PAST
"In 1911, the British scientist, Ernest Rutherford explained that the mass of an atom is concentrated in its central part called Nucleus.",MASS PART EXPLAIN BRITISH SCIENTIST ERNEST RUTHERFORD ATOM CONCENTRATE CENTRAL CALL NUCLEUS PAST
"You have already learnt about the atomic structure in the earlier classes. 75 Nuclear physics 6.1 RADIOACTIVITY 6.1.1 Discovery of radioactivity In 1896, French physicist Henri Becquerel finished his research for the week and stored a certain amount of uranium compound away in a drawer for the week end.",BECQUEREL END FINISH ALREADY LEARN ATOMIC STRUCTURE EARLIER CLASS NUCLEAR PHYSICS RADIOACTIVITY DISCOVERY FRENCH PHYSICIST HENRI RESEARCH WEEK STORE CERTAIN AMOUNT URANIUM COMPOUND AWAY DRAWER PAST
"By chance, an unexposed photographic plate was also stored in the same drawer.",PLATE DRAWER STORE CHANCE UNEXPOSED PHOTOGRAPHIC ALSO SAME PAST
After a week he returned and noticed that the film had been exposed to some radiation.,FILM RADIATION RETURN WEEK NOTICE EXPOSE PAST
He discovered that he could reproduce the effect whenever he placed uranium near a photographic film.,HE FILM DISCOVER REPRODUCE EFFECT PLACE URANIUM PHOTOGRAPHIC PAST
"Apparently, uranium radiated something that could affect a photographic plate.",THAT PLATE RADIATE APPARENTLY URANIUM AFFECT PHOTOGRAPHIC PAST
This phenomenon was called as Radioactivity.,PHENOMENON RADIOACTIVITY CALL PAST
Uranium was identified to be a radioactive element.,URANIUM IDENTIFY RADIOACTIVE ELEMENT PAST
"Two years later, the Polish physicist Marie Curie and her husband Pierre Curie detected radioactivity in 'Pitchblende', a tiny black substance.",PHYSICIST PITCHBLENDE DETECT TWO YEARS LATER POLISH MARIE CURIE MALE SPOUSE PIERRE RADIOACTIVITY TINY BLACK SUBSTANCE FUTURE PAST
"They were not surprised at the radioactivity of pitchblende, which is known as an ore of uranium.",SURPRISE RADIOACTIVITY PITCHBLENDE KNOW ORE URANIUM PAST NOT
"Later, they discovered that the radiation was more intense from pure uranium.",RADIATION URANIUM DISCOVER LATER MORE INTENSE PURE FUTURE PAST
"Also, it was found that the pitchblende had less concentration of uranium.",PITCHBLENDE URANIUM FIND ALSO LESS CONCENTRATION PAST
They concluded that some other substance was present in pitchblende.,SUBSTANCE PITCHBLENDE CONCLUDE OTHER PRESENT PAST
"After separating this new substance, they discovered that it had unknown chemical properties and it also emitted radiations spontaneously like uranium.",IT URANIUM DISCOVER SEPARATE NEW SUBSTANCE UNKNOWN CHEMICAL PROPERTIES ALSO EMIT RADIATIONS SPONTANEOUSLY PAST
They named this new substance as 'Radium'.The radioactive elements emit harmful radioactive radiations like alpha rays or beta rays or gamma rays. 6.1.2 Definition of radioactivity The nucleus of some elements is unstable.,NUCLEUS ELEMENT EMIT NAME NEW SUBSTANCE RADIOACTIVE ELEMENTS HARMFUL RADIATIONS ALPHA RAY BETA GAMMA DEFINITION RADIOACTIVITY UNSTABLE PAST PRESENT
Such nuclei undergo nuclear decay and get converted into more stable nuclei.,NUCLEUS UNDERGO SUCH NUCLEI NUCLEAR DECAY CONVERT MORE STABLE PRESENT PAST
"During this nuclear reaction, these nuclei emit certain harmful radiations and elementary particles.",NUCLEUS RADIATION EMIT NUCLEAR REACTION NUCLEI CERTAIN HARMFUL RADIATIONS ELEMENTARY PARTICLES PRESENT
"The phenomenon of nuclear decay of certain elements with the emission of radiations like alpha, beta, and gamma rays is called 'radioactivity' and the elements, which undergo this phenomenon are called 'radioactive elements'. 6.1.3 Natural Radioactivity The elements such as uranium and radium undergo radioactivity and emit the radiations on their own without any human intervention.",ELEMENT INTERVENTION EMIT PHENOMENON NUCLEAR DECAY CERTAIN ELEMENTS EMISSION RADIATIONS ALPHA BETA GAMMA RAY CALL RADIOACTIVITY UNDERGO RADIOACTIVE NATURAL SUCH URANIUM RADIUM OWN HUMAN PAST PRESENT
This phenomenon of spontaneous emission of radiation from certain elements on their own is called 'natural radioactivity'.,PHENOMENON OWN CALL SPONTANEOUS EMISSION RADIATION CERTAIN ELEMENTS NATURAL RADIOACTIVITY PAST
The elements whose atomic number is more than 82 undergo spontaneous radioactivity.,ELEMENTS ATOMIC NUMBER MORE UNDERGO SPONTANEOUS RADIOACTIVITY
"Eg: uranium, radium, etc.",EG URANIUM RADIUM
"There are only two elements, which have been identified as radioactive substances with atomic number less than 82.",WHICH 82 BE ONLY TWO ELEMENTS IDENTIFY RADIOACTIVE SUBSTANCES ATOMIC NUMBER LESS PRESENT PAST
They are technetium (Tc) with atomic number 43 and promethium (Pm) with atomic number 61.,TECHNETIUM TC ATOMIC NUMBER PROMETHIUM PM
There have been 29 radioactive substances discovered so far.,RADIOACTIVE SUBSTANCES DISCOVER FAR PAST
"Most of them are rare earth metals and transition metals. 6.1.4 Artificial Radioactivity (or) Induced Radioactivity The phenomenon by which even light elements are made radioactive, by artificial or induced methods, is called 'artificial radioactivity' or 'man-made radioactivity'.",ELEMENT METHOD CALL MOST RARE EARTH METAL TRANSITION ARTIFICIAL RADIOACTIVITY INDUCE PHENOMENON EVEN LIGHT ELEMENTS MAKE RADIOACTIVE METHODS MAN PAST
This kind of radioactivity was discovered by Irene Curie and F.Joliot in 1934.,KIND 1-9-3-4 DISCOVER RADIOACTIVITY IRENE CURIE PAST
"Artificial radioactivity is induced in certain lighter elements like boron, aluminium etc., by bombarding them with radiations such as 'alpha particles' emitted during the natural radioactivity of uranium.",RADIOACTIVITY URANIUM INDUCE ARTIFICIAL CERTAIN LIGHTER ELEMENTS BORON ALUMINIUM BOMBARD RADIATIONS SUCH ALPHA PARTICLES EMIT NATURAL PAST
This also results in the emission of invisible radiations and elementary particles.,THIS RADIATION RESULT ALSO EMISSION INVISIBLE RADIATIONS ELEMENTARY PARTICLES PRESENT
"During such a disintegration, the nucleus which undergoes disintegration is called 'parent nucleus' and that which is produced after the disintegration is called a 'daughter nucleus'.",DISINTEGRATION CALL NUCLEUS UNDERGO PARENT PRODUCE FEMALE CHILD PRESENT PAST
"The particle, which 10th_Science_Unit-6.indd 75 12/2/2022 5:05:53 PM 76 10th Standard Science is used to induce the artificial disintegration is termed as projectile and the particle which is produced after the disintegration is termed as ejected particle.",DISINTEGRATION PARTICLE TERM PM STANDARD SCIENCE USE INDUCE ARTIFICIAL PROJECTILE PRODUCE EJECT PAST
"When the projectile hits the parent nucleus, it is converted into an unstable nucleus, which in turn decays spontaneously emitting the daughter nucleus along with an ejected particle.",DECAY PARTICLE CONVERT PROJECTILE HIT PARENT NUCLEUS UNSTABLE TURN SPONTANEOUSLY EMIT FEMALE CHILD EJECT PRESENT PAST
"Activity 6.1 Using the periodic table, list out the radioac- tive elements.",ACTIVITY ELEMENT LIST USE PERIODIC TABLE TIVE ELEMENTS PRESENT
Also identify the name of the groups in which they are present.,THEY WHICH IDENTIFY ALSO NAME GROUP PRESENT
"If you denote the parent and daughter nuclei as X and Y respectively, then the nuclear disintegration is represented as follows: X (P,E) Y.",DISINTEGRATION X REPRESENT DENOTE PARENT FEMALE CHILD NUCLEI Y RESPECTIVELY THEN NUCLEAR FOLLOW P E PRESENT PAST
"Here, P and E represent the projectile particle and ejected particle respectively.",P PARTICLE REPRESENT HERE E PROJECTILE EJECT RESPECTIVELY PRESENT PAST
"Example: 4Be9 + 2 He 4 6C13* 6C13* 6C12 + 0n1 In the above nuclear reaction, 6C13* is unstable and is radioactive.",EXAMPLE ABOVE NUCLEAR REACTION UNSTABLE RADIOACTIVE
"This reaction can be represented as 4Be9 (α, n) 6C12 4Be9 + 2He4 6C12 + 0n1 6.1.5 Units of Radioactivity Curie: It is the traditional unit of radioactivity.",IT RADIOACTIVITY REPRESENT REACTION Α UNITS CURIE TRADITIONAL UNIT PAST
It is defined as the quantity of a radioactive substance which undergoes 3.7 × 1010 disintegrations in one second.,WHICH SECOND DEFINE QUANTITY RADIOACTIVE SUBSTANCE UNDERGO DISINTEGRATIONS ONE PAST PRESENT
This is actually close to the activity of 1 g of radium 226. 1 curie = 3.7 × 1010 disintegrations per second.,ACTUALLY CLOSE ACTIVITY G RADIUM CURIE DISINTEGRATIONS SECOND
Rutherford (Rd): It is another unit of radioactivity.,RUTHERFORD RD UNIT RADIOACTIVITY
"It is defined as the quantity of a radioactive substance, which produces 106 disintegrations in one second. 1 Rd = 106 disintegrations per second.",WHICH SECOND DEFINE QUANTITY RADIOACTIVE SUBSTANCE PRODUCE DISINTEGRATIONS ONE RD PAST PRESENT
Becquerel (Bq) : It is The SI unit of radioactivity is becquerel.,BECQUEREL BQ SI UNIT RADIOACTIVITY
It is defined as the quantity of one disintegration per second.,IT SECOND DEFINE QUANTITY ONE DISINTEGRATION PAST
Roentgen (R): It is The radiation exposure of γ and x-rays is measured by another unit called roentgen.,ROENTGEN R RADIATION EXPOSURE Γ X RAY MEASURE UNIT CALL PAST
"One roentgen is defined as the quantity of radioactive substance which produces a charge of 2.58 × 10-4 coulomb in 1 kg of air under standard conditions of pressure, temperature and humidity.",WHICH PRESSURE DEFINE ONE ROENTGEN QUANTITY RADIOACTIVE SUBSTANCE PRODUCE CHARGE COULOMB KG AIR STANDARD CONDITION TEMPERATURE HUMIDITY PAST PRESENT
Table 6.1 Comparison between Natural and Artificial Radioactivity S.No.,TABLE COMPARISON NATURAL ARTIFICIAL RADIOACTIVITY
Natural radioactivity Artificial radioactivity 1 Emission of radiation due to self- disintegration of a nucleus.,NATURAL RADIOACTIVITY ARTIFICIAL EMISSION RADIATION DISINTEGRATION NUCLEUS
"Emission of radiation due to disintegration of a nucleus through induced process. 2 Alpha, beta and gamma radiations are emitted.",ALPHA PROCESS EMIT EMISSION RADIATION DISINTEGRATION NUCLEUS INDUCE BETA GAMMA RADIATIONS PAST
"Mostly elementary particles such as neutron, positron, etc. are emitted. 3 It is a spontaneous process.",IT NEUTRON EMIT MOSTLY ELEMENTARY PARTICLES SUCH POSITRON SPONTANEOUS PROCESS PAST
It is an induced process. 4 Exhibited by elements with atomic number more than 82.,INDUCE PROCESS EXHIBIT ELEMENTS ATOMIC NUMBER MORE PAST
Exhibited by elements with atomic number less than 82. 5 This cannot be controlled.,THIS 82 CONTROL EXHIBIT ELEMENTS ATOMIC NUMBER LESS PAST NOT
"This can be controlled. 10th_Science_Unit-6.indd 76 12/2/2022 5:05:54 PM 77 Nuclear physics 6.2.2 Radioactive displacement law In 1913, Soddy and Fajan framed the displacement laws governing the daughter nucleus produced during an alpha and beta decay.",SODDY ALPHA CONTROL PM NUCLEAR PHYSICS RADIOACTIVE DISPLACEMENT LAW FAJAN FRAME LAWS GOVERN FEMALE CHILD NUCLEUS PRODUCE BETA DECAY PAST
"They are stated below: (i) When a radioactive element emits an alpha particle, a daughter nucleus is formed whose mass number is less by 4 units and the atomic number is less by 2 units, than the mass number and atomic number of the parent nucleus. (ii) When a radioactive element emits a beta particle, a daughter nucleus is formed whose mass number is the same and the atomic number is more by 1 unit, than the atomic number of the parent nucleus. 6.2 ALPHA, BETA AND GAMMA RAYS When a radioactive nucleus undergoes radioactivity, it emits harmful radiations.",IT RADIATION EMIT STATE I RADIOACTIVE ELEMENT ALPHA PARTICLE FEMALE CHILD NUCLEUS FORM MASS NUMBER LESS UNITS ATOMIC PARENT II BETA SAME MORE UNIT GAMMA RAY UNDERGO RADIOACTIVITY HARMFUL RADIATIONS PAST PRESENT
These radiations are usually comprised of any of the three types of particles.,RADIATION PARTICLE COMPRISE RADIATIONS USUALLY THREE TYPE PARTICLES HABITUAL PAST
"They are alpha(α), beta (β) and gamma(γ) rays.",BETA Β RAY
"Uranium, named after the planet Uranus, was discovered by Martin Klaproth, a German chemist in a mineral called pitchblende. 6.2.1 Properties of Alpha, Beta and Gamma rays These three particles possess certain similarities and dissimilarities in their properties as listed below in Table 6.2.",PARTICLE TABLE RAY URANIUM NAME PLANET URANUS DISCOVER MARTIN KLAPROTH GERMAN CHEMIST MINERAL CALL PITCHBLENDE PROPERTIES ALPHA BETA GAMMA THREE PARTICLES POSSESS CERTAIN SIMILARITIES DISSIMILARITIES LIST BELOW PAST PRESENT
"Table 6.2 Properties of alpha, beta and gamma rays Properties α rays β rays γ rays What are they?",THEY RAY TABLE PROPERTIES ALPHA BETA GAMMA Α Β Γ PRESENT WHAT
Helium nucleus (2He4) consisting of two protons and two neutrons.,HELIUM NUCLEUS CONSIST TWO PROTONS NEUTRONS
"They are electrons (–1e0), basic elementary particle in all atoms.",ELECTRONS BASIC ELEMENTARY PARTICLE ATOMS
They are electromagnetic waves consisting of photons.,ELECTROMAGNETIC WAVE CONSIST PHOTONS
Charge Positively charged particles.,CHARGE PARTICLE POSITIVELY PARTICLES PAST
Charge of each alpha particle = +2e Negatively charged particles.,CHARGE PARTICLE ALPHA NEGATIVELY PARTICLES PAST
Charge of each beta particle = –e Neutral particles.,CHARGE BETA PARTICLE NEUTRAL PARTICLES
"Charge of each gamma particle = zero Ionising power 100 time greater than β rays and 10,000 times greater than γ rays Comparatively low Very less ionization power Penetrating power Low penetrating power (even stopped by a thick paper) Penetrating power is greater than that of α rays.",POWER RAY STOP CHARGE GAMMA PARTICLE ZERO IONISE TIME GREATER Β Γ COMPARATIVELY LOW VERY LESS IONIZATION PENETRATE EVEN THICK PAPER PAST
They can penetrate through a thin metal foil.,THEY FOIL PENETRATE THIN METAL
They have a very high penetrating power greater than that of β rays.,THEY RAY HAVE VERY HIGH PENETRATE POWER GREATER PRESENT
They can penetrate through thick metal blocks.,THEY BLOCK PENETRATE THICK METAL
Effect of electric and magnetic field Deflected by both the fields. (in accordance with Fleming’s left hand rule) Deflected by both the fields; but the direction of deflection is opposite to that for alpha rays. (in accordance with Fleming’s left hand rule) They are not deflected by both the fields.,THEY FIELD DEFLECT EFFECT ELECTRIC MAGNETIC ACCORDANCE FLEMING LEAVE HAND RULE DIRECTION DEFLECTION OPPOSITE ALPHA RAY PAST NOT
Speed Their speed ranges from 1/10 to 1/20 times the speed of light.,SPEED LIGHT RANGE TIME PRESENT
Their speed can go up to 9/10 times the speed of light.,SPEED LIGHT GO UP TIME
"They travel with the speed of light. 10th_Science_Unit-6.indd 77 12/2/2022 5:05:54 PM 78 10th Standard Science 6.2.3 Alpha decay A nuclear reaction in which an unstable parent nucleus emits an alpha particle and forms a stable daughter nucleus, is called 'alpha decay'.",NUCLEUS CALL TRAVEL SPEED LIGHT PM STANDARD SCIENCE ALPHA DECAY NUCLEAR REACTION UNSTABLE PARENT EMIT PARTICLE FORM STABLE FEMALE CHILD PRESENT PAST
"E.g.: Decay of uranium (U238) to thorium (Th234) with the emission of an alpha particle. 92 U 238 90 Th234 +2 He 4 ( α - decay ) In α - decay, the parent nucleus emits an α particle and so it is clear that for the daughter nucleus, the mass number decreases by four and the atomic number decreases by two as illustrated in Figure 6.1 Figure 6.1 Alpha decay 6.2.4 Beta decay A nuclear reaction, in which an unstable parent nucleus emits a beta particle and forms a stable daughter nucleus, is called 'beta decay'.",NUCLEUS CALL DECAY URANIUM THORIUM EMISSION ALPHA PARTICLE U Α PARENT EMIT CLEAR FEMALE CHILD MASS NUMBER DECREASE FOUR ATOMIC TWO AS ILLUSTRATE FIGURE BETA NUCLEAR REACTION UNSTABLE FORM STABLE PRESENT PAST
E.g.: Beta decay of phosphorous. 15P32 16S32 + -1e0 (β - decay) In β - decay there is no change in the mass number of the daughter nucleus but the atomic number increases by one.,NUMBER ONE BE BETA DECAY PHOSPHOROUS Β CHANGE MASS FEMALE CHILD NUCLEUS ATOMIC INCREASE PRESENT NOT
"Note: In a nuclear reaction, the element formed as the product nucleus is identified by the atomic number of the resulting nucleus and not by its mass number. 6.2.5 Gamma decay In a γ - decay, only the energy level of the nucleus changes.",NUCLEUS CHANGE NOTE NUCLEAR REACTION ELEMENT FORM PRODUCT IDENTIFY ATOMIC NUMBER RESULT MASS GAMMA DECAY Γ ONLY ENERGY LEVEL PAST NOT
"The atomic number and mass number of the radioactive nucleus remain the same. 6.3 NUCLEAR FISSION 6.3.1 Definition In 1939, German Scientist Otto Hahn and F.Strassman discovered that when a uranium nucleus is bombarded with a neutron, it breaks up into two smaller nuclei of comparable mass along with the emission of a few neutrons and energy.",IT NEUTRON DISCOVER ATOMIC NUMBER MASS RADIOACTIVE NUCLEUS REMAIN SAME NUCLEAR FISSION DEFINITION GERMAN SCIENTIST OTTO HAHN URANIUM BOMBARD BREAK TWO SMALLER NUCLEI COMPARABLE EMISSION FEW NEUTRONS ENERGY PRESENT PAST
This process of breaking (splitting) up of a heavier nucleus into two smaller nuclei with the release of a large amount of energy and a few neutrons is called 'nuclear fission'.,PROCESS NEUTRON CALL BREAK SPLIT HEAVIER NUCLEUS TWO SMALLER NUCLEI RELEASE LARGE AMOUNT ENERGY FEW NEUTRONS NUCLEAR FISSION PAST
E.g.: Nuclear fission of a uranium nucleus (U235) 92U235 + 0n1 56Ba141 + 36Kr92 + 30n1 + Q (energy) The average energy released in each fission process is about 3.2 × 10 -11 J.,NUCLEAR FISSION URANIUM NUCLEUS Q ENERGY AVERAGE RELEASE PROCESS PAST
Nuclear fission is pictorially represented in Figure 6.2.,FISSION FIGURE REPRESENT NUCLEAR PICTORIALLY PAST
"Figure 6.2 Nuclear fission 6.3.2 Fissionable materials A fissionable material is a radioactive element, which undergoes fission in a sustained manner when it absorbs a neutron.",IT NEUTRON FIGURE NUCLEAR FISSION FISSIONABLE MATERIALS MATERIAL RADIOACTIVE ELEMENT UNDERGO SUSTAIN MANNER ABSORB PRESENT
It is also termed as 'fissile material'.,IT MATERIAL TERM ALSO FISSILE PAST
"E.g.: U235, plutonium (Pu239 and Pu241) All isotopes of uranium do not undergo nuclear fission when they absorb a neutron.",THEY NEUTRON UNDERGO PLUTONIUM ISOTOPES URANIUM NUCLEAR FISSION ABSORB PRESENT NOT
"For example, natural uranium consists of 99.28 % of 92U 238 and 0.72 % of 92U 235.",URANIUM 9-2-U CONSIST EXAMPLE NATURAL PRESENT
"Of these two, U238 does not undergo fission 10th_Science_Unit-6.indd 78 12/2/2022 5:05:54 PM 79 Nuclear physics material.",U-2-3-8 MATERIAL UNDERGO TWO FISSION PM NUCLEAR PHYSICS NOT
This results in the release of a huge amount of energy within a fraction of a second.,RESULT RELEASE HUGE AMOUNT ENERGY FRACTION SECOND PRESENT
This kind of chain reaction is used in the atom bomb to produce an explosion.,KIND EXPLOSION USE CHAIN REACTION ATOM BOMB PRODUCE PAST
"Figure 6.3 represents an uncontrolled chain reaction. 36Kr90 92U235 56Ba144 0n1 0n1 0n1 Figure 6.3 Uncontrolled chain reaction 6.3.4 Critical Mass During a nuclear fission process, about 2 to 3 neutrons are released.",NEUTRON PROCESS RELEASE FIGURE REPRESENT UNCONTROLLED CHAIN REACTION CRITICAL MASS NUCLEAR FISSION NEUTRONS PRESENT PAST
"But, all these neutrons may not be available to produce further fission.",NEUTRONS AVAILABLE PRODUCE FURTHER FISSION NOT
"Some of them may escape from the system, which is termed as 'leakage of neutrons' and some may be absorbed by the non-fissionable materials present in the system.",SOME SYSTEM ESCAPE TERM LEAKAGE NEUTRONS ABSORB NON FISSIONABLE MATERIALS PRESENT PAST
These two factors lead to the loss of neutrons.,FACTOR NEUTRON LEAD TWO LOSS NEUTRONS PRESENT
"To sustain the chain reaction, the rate of production of neutrons due to nuclear fission must be more than the rate of its loss.",SUSTAIN CHAIN REACTION RATE PRODUCTION NEUTRONS NUCLEAR FISSION MORE LOSS
"This can be achieved only when the size (i.e., mass) of the fissionable material is equal to a certain optimum value.",SIZE VALUE ACHIEVE ONLY MASS FISSIONABLE MATERIAL EQUAL CERTAIN OPTIMUM PAST
This is known as 'critical mass'.,THIS MASS KNOW CRITICAL PAST
The minimum mass of a fissile material necessary to sustain the chain reaction is called 'critical mass (mc)'.,MINIMUM MASS FISSILE MATERIAL NECESSARY SUSTAIN CHAIN REACTION CALL CRITICAL MC PAST
"It depends on the nature, density and the size of the fissile material.",IT MATERIAL DEPEND NATURE DENSITY SIZE FISSILE PRESENT
"If the mass of the fissile material is less than the critical mass, it is termed as 'subcritical'.",IT MASS TERM FISSILE MATERIAL LESS CRITICAL SUBCRITICAL PAST
"If the mass of the fissile material is more than the critical mass, it is termed as 'supercritical'.",IT MASS TERM FISSILE MATERIAL MORE CRITICAL SUPERCRITICAL PAST
Activity 6.2 Using beads make a chain reaction model whereas U235 undergoes fission.,BEAD MODEL MAKE ACTIVITY USE CHAIN REACTION UNDERGO FISSION PRESENT
"Hence, U235 is a fissionable material and U238 is non- fissionable.",HENCE FISSIONABLE MATERIAL
"There are some radioactive elements, which can be converted into fissionable material.",WHICH MATERIAL BE RADIOACTIVE ELEMENTS CONVERT FISSIONABLE PRESENT PAST
They are called as fertile materials.,THEY MATERIAL CALL FERTILE MATERIALS PAST
"E.g.: Uranium-238, Thorium-232, Plutonium-240. 6.3.3 Chain Reaction A uranium nucleus (U-235) when bombarded with a neutron undergoes fission producing three neutrons.",CHAIN REACTION URANIUM NUCLEUS BOMBARD NEUTRON UNDERGO FISSION PRODUCE THREE NEUTRONS PAST
"These three neutrons in turn can cause fission in three other uranium nuclei present in the sample, thus producing nine neutrons.",NEUTRON CAUSE THREE NEUTRONS TURN FISSION OTHER URANIUM NUCLEI PRESENT SAMPLE THUS PRODUCE NINE
These nine neutrons in turn may produce twenty seven neutrons and so on.,NEUTRON PRODUCE NINE NEUTRONS TURN TWENTY SEVEN
This is known as 'chain reaction'.,THIS REACTION KNOW CHAIN PAST
A chain reaction is a self- propagating process in which the number of neutrons goes on multiplying rapidly almost in a geometrical progression.,CHAIN REACTION PROPAGATE PROCESS NUMBER NEUTRONS GO MULTIPLY RAPIDLY ALMOST GEOMETRICAL PROGRESSION PRESENT
Two kinds of chain reactions are possible.,TWO KINDS CHAIN REACTIONS POSSIBLE
They are: (i) controlled chain reaction and (ii)uncontrolled chain reaction. (a) Controlled chain reaction In the controlled chain reaction the number of neutrons released is maintained to be one.,NUMBER NEUTRON MAINTAIN I CONTROL CHAIN REACTION NEUTRONS RELEASE ONE PAST
This is achieved by absorbing the extra neutrons with a neutron absorber leaving only one neutron to produce further fission.,ABSORBER FISSION ACHIEVE ABSORB EXTRA NEUTRONS NEUTRON LEAVE ONLY ONE PRODUCE FURTHER PAST
"Thus, the reaction is sustained in a controlled manner.",REACTION MANNER SUSTAIN THUS CONTROL PAST
The energy released due to a controlled chain reaction can be utilized for constructive purposes.,ENERGY PURPOSE UTILIZE RELEASE CONTROL CHAIN REACTION CONSTRUCTIVE PAST
Controlled chain reaction is used in a nuclear reactor to produce energy in a sustained and controlled manner. (b) Uncontrolled chain reaction In the uncontrolled chain reaction the number of neutrons multiplies indefinitely and causes fission in a large amount of the fissile 10th_Science_Unit-6.indd 79 12/2/2022 5:05:54 PM 80 10th Standard Science 6.3.5 Atom bomb The atom bomb is based on the principle of uncontrolled chain reaction.,BOMB REACTION UNCONTROLLE CONTROL CHAIN USE NUCLEAR REACTOR PRODUCE ENERGY SUSTAIN MANNER UNCONTROLLED NUMBER NEUTRONS MULTIPLY INDEFINITELY CAUSE FISSION LARGE AMOUNT FISSILE PM STANDARD SCIENCE ATOM BASE PRINCIPLE PAST PRESENT
"In an uncontrolled chain reaction, the number of neutrons and the number of fission reactions multiply almost in a geometrical progression.",NUMBER PROGRESSION MULTIPLY UNCONTROLLED CHAIN REACTION NEUTRONS FISSION REACTIONS ALMOST GEOMETRICAL PRESENT
This releases a huge amount of energy in a very small time interval and leads to an explosion.,THIS EXPLOSION RELEASE HUGE AMOUNT ENERGY VERY SMALL TIME INTERVAL LEAD PRESENT
Structure: An atom bomb consists of a piece of fissile material whose mass is subcritical.,MASS MATERIAL CONSIST STRUCTURE ATOM BOMB PIECE FISSILE SUBCRITICAL PRESENT
This piece has a cylindrical void.,PIECE VOID HAVE CYLINDRICAL PRESENT
It has a cylindrical fissile material which can fit into this void and its mass is also subcritical.,MASS VOID HAVE CYLINDRICAL FISSILE MATERIAL FIT ALSO SUBCRITICAL PRESENT
"When the bomb has to be exploded, this cylinder is injected into the void using a conventional explosive.",CYLINDER EXPLOSIVE INJECT BOMB EXPLODE VOID USE CONVENTIONAL PRESENT PAST
"Now, the two pieces of fissile material join to form the supercritical mass, which leads to an explosion.",NOW TWO PIECE FISSILE MATERIAL JOIN FORM SUPERCRITICAL MASS LEAD EXPLOSION PRESENT
"The structure of an atom bomb is shown in Figure 6.4 U235 U235 U235 Chemical Substance explosion by remote control method Moving cylinder Less than the critical mass Figure 6.4 Atom bomb During this explosion tremendous amount of energy in the form of heat, light and radiation is released.",STRUCTURE HEAT SHOW ATOM BOMB FIGURE CHEMICAL SUBSTANCE EXPLOSION REMOTE CONTROL METHOD MOVE CYLINDER LESS CRITICAL MASS TREMENDOUS AMOUNT ENERGY FORM LIGHT RADIATION RELEASE PAST
"A region of very high temperature and pressure is formed in a fraction of a second along with the emission of hazardous radiation like γ rays, which adversely affect the living creatures.",WHICH CREATURE FORM REGION VERY HIGH TEMPERATURE PRESSURE FRACTION SECOND EMISSION HAZARDOUS RADIATION Γ RAY ADVERSELY AFFECT LIVE CREATURES PAST PRESENT
This type of atom bombs were exploded in 1945 at Hiroshima and Nagasaki in Japan during the World War II. 6.4 NUCLEAR FUSION You have learnt that energy can be produced when a heavy nucleus is split up into two smaller nuclei.,NUCLEUS LEARN TYPE ATOM BOMB EXPLODE HIROSHIMA NAGASAKI JAPAN WORLD WAR II NUCLEAR FUSION ENERGY PRODUCE HEAVY SPLIT TWO SMALLER NUCLEI PAST
"Similarly, energy can be produced when two lighter nuclei combine to form a heavier nucleus.",NUCLEUS PRODUCE SIMILARLY ENERGY TWO LIGHTER NUCLEI COMBINE FORM HEAVIER PAST PRESENT
This phenomenon is known as nuclear fusion. 6.4.1 Definition The process in which two lighter nuclei combine to form a heavier nucleus is termed as 'nuclear fusion'.,NUCLEUS FUSION TERM PHENOMENON KNOW NUCLEAR DEFINITION PROCESS TWO LIGHTER NUCLEI COMBINE FORM HEAVIER PAST PRESENT
"E.g.: 1H2 + 1H2 2He4 + Q (Energy) Here, 1H2 represents an isotope of hydrogen known as 'deuterium'.",1-H-2 DEUTERIUM REPRESENT Q ENERGY HERE ISOTOPE HYDROGEN KNOW PRESENT PAST
The average energy released in each fusion reaction is about 3.84 × 10-12 J.,AVERAGE ENERGY RELEASE FUSION REACTION PAST
Figure 6.5 represents this.,FIGURE THIS REPRESENT PRESENT
Figure 6.5 Nuclear fusion Electron Volt (eV) is the unit used in nuclear physics to measure the energy of small particles.,FIGURE NUCLEAR FUSION ELECTRON VOLT EV UNIT USE PHYSICS MEASURE ENERGY SMALL PARTICLES PAST
It is nothing but the energy of one electron when it is accelerated using an electric potential of one volt. 1eV = 1.602 × 10-19 joule. 1 million electron volt = 1 MeV = 106 eV (mega electron volt) The energy released in a nuclear fission process is about 200 MeV. 10th_Science_Unit-6.indd 80 12/2/2022 5:05:54 PM 81 Nuclear physics The mass of the daughter nucleus formed during a nuclear reaction (fission and fusion) is lesser than the sum of the masses of the two parent nuclei.,ENERGY ONE ELECTRON ACCELERATE USE ELECTRIC POTENTIAL VOLT JOULE MILLION MEV EV MEGA RELEASE NUCLEAR FISSION PROCESS PM PHYSICS MASS FEMALE CHILD NUCLEUS FORM REACTION FUSION LESSER SUM TWO PARENT NUCLEI PAST NOT
This difference in mass is called mass defect.,DIFFERENCE MASS CALL DEFECT PAST
"This mass is converted into energy, according to the mass-energy equivalence.",MASS EQUIVALENCE CONVERT ENERGY ACCORD PAST
This concept of mass-energy equivalence was proposed by Einstein in 1905.,CONCEPT 1-9-0-5 PROPOSE MASS ENERGY EQUIVALENCE EINSTEIN PAST
It stated that mass can be converted into energy and vice versa.,MASS ENERGY STATE CONVERT VICE VERSA PAST
The relation between mass and energy proposed by Einstein is E = mc2 where c is the velocity of light in vacuum and is equal to 3 × 108 ms–1.,RELATION MASS ENERGY PROPOSE EINSTEIN E C VELOCITY LIGHT VACUUM EQUAL PAST
The nuclear bomb that was dropped in Hiroshima during World War II was called as 'Little boy'.,THAT BOY CALL NUCLEAR BOMB DROP HIROSHIMA WORLD WAR II LITTLE PAST
It was a gun-type bomb which used a uranium core.,GUN TYPE BOMB USE URANIUM CORE PAST
"The bomb, which was subsequently dropped over Nagasaki was called as 'Fat man'.",WHICH MAN CALL BOMB SUBSEQUENTLY DROP NAGASAKI FAT PAST
"It was an explosion type bomb, which used a plutonium core. 6.4.2 Conditions necessary for nuclear fusion Earth’s atmosphere contains a small trace of hydrogen.",ATMOSPHERE HYDROGEN CONTAIN EXPLOSION TYPE BOMB USE PLUTONIUM CORE CONDITION NECESSARY NUCLEAR FUSION EARTH SMALL TRACE PAST PRESENT
"If nuclear fusion is a spontaneous process at normal temperature and pressure, then a number of fusion processes would happen in the atmosphere which may lead to explosions.",WHICH EXPLOSION HAPPEN NUCLEAR FUSION SPONTANEOUS PROCESS NORMAL TEMPERATURE PRESSURE THEN NUMBER ATMOSPHERE LEAD EXPLOSIONS
"But, we do not encounter any such explosions.",WE EXPLOSION ENCOUNTER SUCH EXPLOSIONS NOT
Can you explain why?,EXPLAIN WHY
The answer is that nuclear fusion can take place only under certain conditions.,ANSWER NUCLEAR FUSION TAKE PLACE ONLY CERTAIN CONDITION
Nuclear fusion is possible only at an extremly high temperature of the order of 107 to 109 K and a high pressure to push the hydrogen nuclei closer to fuse with each other.,NUCLEAR FUSION POSSIBLE ONLY EXTREMLY HIGH TEMPERATURE ORDER K PRESSURE PUSH HYDROGEN NUCLEI CLOSER FUSE OTHER
"Hence, it is named as 'Thermonuclear reaction'.",IT REACTION NAME HENCE THERMONUCLEAR PAST
Nuclear fusion is the combination of two lighter nuclei.,NUCLEAR FUSION COMBINATION TWO LIGHTER NUCLEI
The charge of both nuclei is positive.,CHARGE NUCLEI POSITIVE
"According to electrostatic theory, when they come closer they tend to repel each other.",THEY OTHER TEND ACCORD ELECTROSTATIC THEORY COME CLOSER REPEL PRESENT
This repulsive force will be overcome by the kinetic energy of the nuclei at higher temperature of the order of 107 to 109 K. 6.4.3 Stellar Energy The stars like our Sun emit a large amount of energy in the form of light and heat.,STAR LIGHT EMIT REPULSIVE FORCE OVERCOME KINETIC ENERGY NUCLEI HIGHER TEMPERATURE ORDER STELLAR SUN LARGE AMOUNT FORM HEAT PAST PRESENT
This energy is termed as the stellar energy.,ENERGY TERM STELLAR PAST
Where does this high energy come from?,ENERGY WHERE COME HIGH
All stars contain a large amount of hydrogen.,STAR HYDROGEN CONTAIN LARGE AMOUNT PRESENT
The surface temperature of the stars is very high which is sufficient to induce fusion of the hydrogen nuclei.,SURFACE TEMPERATURE STAR VERY HIGH SUFFICIENT INDUCE FUSION HYDROGEN NUCLEI
"Fusion reaction that takes place in the cores of the Sun and other stars results in an enormous amount of energy, which is called as 'stellar energy.",FUSION REACTION TAKE PLACE CORE SUN OTHER STAR RESULT ENORMOUS AMOUNT ENERGY CALL STELLAR PRESENT PAST
"Thus, nuclear fusion or thermonuclear reaction is the source of light and heat energy in the Sun and other stars. 6.4.4 Hydrogen Bomb Hydrogen bomb is based on the principle of nuclear fusion.",BOMB FUSION BASE THUS NUCLEAR THERMONUCLEAR REACTION SOURCE LIGHT HEAT ENERGY SUN OTHER STAR HYDROGEN PRINCIPLE PAST
A hydrogen bomb is always designed to have an inbuilt atom bomb which creates the high temperature and pressure required for fusion when it explodes.,IT FUSION DESIGN HYDROGEN BOMB ALWAYS INBUILT ATOM CREATE HIGH TEMPERATURE PRESSURE REQUIRE EXPLODE HABITUAL PAST PRESENT
"Then, fusion takes place in the hydrogen core and leads to the release of a very large amount of energy in an uncontrolled manner.",FUSION MANNER TAKE THEN PLACE HYDROGEN CORE LEAD RELEASE VERY LARGE AMOUNT ENERGY UNCONTROLLED PRESENT
The energy released in a hydrogen bomb (or fusion bomb) is much higher than that released in an atom bomb (or fission bomb). 10th_Science_Unit-6.indd 81 12/2/2022 5:05:54 PM 82 10th Standard Science Sun fuses about 620 million metric tons of hydrogen each second and radiates about 3.8 × 1026 joule of energy per second.,SUN SECOND FUSE ENERGY RELEASE HYDROGEN BOMB FUSION MUCH HIGHER ATOM FISSION PM STANDARD SCIENCE MILLION METRIC TONS RADIATE JOULE PAST PRESENT
"When this energy is radiated towards the Earth, it decreases in its intensity.",IT INTENSITY DECREASE ENERGY RADIATE EARTH PAST PRESENT
When it reaches the Earth its value is about 1.4 kilo joule per unit area in unit time. 6.5 USES OF RADIOACTIVITY Many radio isotopes can be obtained from radioactivity.,ISOTOPE RADIOACTIVITY OBTAIN REACH EARTH VALUE KILO JOULE UNIT AREA TIME USE MANY RADIO ISOTOPES PRESENT PAST
"These radio isotopes have found wide variety of applications in the fields of medicine, agriculture, industry and archeological research. 6.5.1 Agriculture The radio isotope of phosphorous (P-32) helps to increase the productivity of crops.",ISOTOPE CROP HELP RADIO ISOTOPES FIND WIDE VARIETY APPLICATIONS FIELD MEDICINE AGRICULTURE INDUSTRY ARCHEOLOGICAL RESEARCH PHOSPHOROUS INCREASE PRODUCTIVITY PAST PRESENT
The radiations from the radio isotopes can be used to kill the insects and parasites and prevent the wastage of agricultural products.,RADIATION PRODUCT USE RADIATIONS RADIO ISOTOPES KILL INSECTS PARASITES PREVENT WASTAGE AGRICULTURAL PRODUCTS PAST
"Certain perishable cereals exposed to radiations remain fresh beyond their normal life, enhancing the storage time.",CEREAL TIME REMAIN CERTAIN PERISHABLE CEREALS EXPOSE RADIATIONS FRESH NORMAL LIFE ENHANCE STORAGE PAST PRESENT
"Very small doses of radiation prevent sprouting and spoilage of onions, potatoes and gram. 6.5.2 Medicine Medical applications of radio isotopes can be divided into two parts: i) Diagnosis ii) Therapy Radio isotopes are used as tracers to diagnose the nature of circulatory disorders of blood, defects of bone metabolism, to locate tumors, etc.",ISOTOPE TUMOR DIVIDE VERY SMALL DOSE RADIATION PREVENT SPROUT SPOILAGE ONIONS POTATOES GRAM MEDICINE MEDICAL APPLICATIONS RADIO ISOTOPES TWO PART DIAGNOSIS II THERAPY USE TRACERS DIAGNOSE NATURE CIRCULATORY DISORDER BLOOD DEFECT BONE METABOLISM LOCATE TUMORS PAST
"Some of the radio isotopes which are used as tracers are: hydrogen, carbon, nitrogen, sulphur, etc. • Radio sodium (Na24) is used for the effective functioning of heart. • Radio – Iodine (I131) is used to cure goiter. • Radio-iron is (Fe59) is used to diagnose anaemia and also to provide treatment for the same. • Radio phosphorous (P32) is used in the treatment of skin diseases.",P-3-2 DISEASE USE RADIO ISOTOPES TRACERS HYDROGEN CARBON NITROGEN SULPHUR SODIUM EFFECTIVE FUNCTION HEART IODINE CURE GOITER IRON DIAGNOSE ANAEMIA ALSO PROVIDE TREATMENT SAME PHOSPHOROUS SKIN DISEASES PAST
Table 6.3 Features of Nuclear fission and nuclear fusion S.No.,TABLE FEATURE NUCLEAR FISSION FUSION
NUCLEAR FISSION NUCLEAR FUSION 1 The process of breaking up (splitting) of a heavy nucleus into two smaller nuclei is called 'nuclear fission'.,PROCESS NUCLEUS CALL NUCLEAR FISSION FUSION BREAK SPLIT HEAVY TWO SMALLER NUCLEI PAST
Nuclear fusion is the combination of two lighter nuclei to form a heavier nucleus. 2 Can be performed at room temperature.,2 TEMPERATURE PERFORM NUCLEAR FUSION COMBINATION TWO LIGHTER NUCLEI FORM HEAVIER NUCLEUS ROOM PAST
"Extremely high temperature and pressure is needed. 3 Alpha, beta and gamma radiations are emitted.",EXTREMELY HIGH TEMPERATURE PRESSURE NEED ALPHA BETA GAMMA RADIATIONS EMIT PAST
"Alpha rays, positrons, and neutrinos are emitted. 4 Fission leads to emission of gamma radiation.",FISSION RADIATION LEAD ALPHA RAY POSITRONS NEUTRINOS EMIT EMISSION GAMMA PAST PRESENT
This triggers the mutation in the human gene and causes genetic transform diseases.,THIS DISEASE TRIGGER MUTATION HUMAN GENE CAUSE GENETIC TRANSFORM DISEASES PRESENT
"Only light and heat energy is emitted. 10th_Science_Unit-6.indd 82 12/2/2022 5:05:54 PM 83 Nuclear physics • Radio cobalt (Co60) and radio-gold (Au198) are used in the treatment of skin cancer. • Radiations are used to sterilize the surgical devices as they can kill the germs and microbes. 6.5.3 Industries In industries, radioactive isotopes are used as tracers to detect any manufacturing defects such as cracks and leaks.",TRACER CRACK USE ONLY LIGHT HEAT ENERGY EMIT PM NUCLEAR PHYSICS RADIO COBALT GOLD TREATMENT SKIN CANCER RADIATIONS STERILIZE SURGICAL DEVICES KILL GERMS MICROBES INDUSTRIES RADIOACTIVE ISOTOPES TRACERS DETECT MANUFACTURE DEFECT SUCH LEAK PAST
Packaging faults can also be identified through radio activity.,FAULT ACTIVITY IDENTIFY PACKAGE ALSO RADIO PAST
"Gauges, which have radioactive sources are used in many industries to check the level of gases, liquids and solids. • An isotope of californium (Cf 252) is used in the airlines to detect the explosives in the luggage. • An isotope of Americium (Am241) is used in many industries as a smoke detector. 6.5.4.",ISOTOPE DETECTOR USE GAUGE RADIOACTIVE SOURCE MANY INDUSTRIES CHECK LEVEL GAS LIQUIDS SOLIDS CALIFORNIUM CF AIRLINES DETECT EXPLOSIVES LUGGAGE AMERICIUM SMOKE PRESENT PAST
"Archeological research Using the technique of radio carbon dating, the age of the Earth, fossils, old paintings and monuments can be determined.",RESEARCH EARTH DETERMINE ARCHEOLOGICAL USE TECHNIQUE RADIO CARBON DATE AGE FOSSILS OLD PAINTINGS MONUMENTS PAST
"In radio carbon dating, the existing amount of radio carbon is determined and this gives an estimate about the age of these things. 6.6 SAFETY MEASURES In day to day life, you do receive some natural radiation from the Sun.",YOU SUN RECEIVE RADIO CARBON DATE EXIST AMOUNT DETERMINE GIVE ESTIMATE AGE THINGS SAFETY MEASURE DAY LIFE NATURAL RADIATION PAST PRESENT
"The radioactive elements present in the soil and rocks, the house hold appliances like television, microwave ovens, cell phones and the X-rays used in hospitals.",HOUSE HOSPITAL HOLD RADIOACTIVE ELEMENTS PRESENT SOIL ROCK APPLIANCES TELEVISION MICROWAVE OVENS CELL PHONE X RAY USE HOSPITALS PAST
These radiations do not produce any severe effects as they are very low in intensity.,THEY INTENSITY PRODUCE RADIATIONS SEVERE EFFECT VERY LOW NOT
The second source of radiation exposure is man-made.,SECOND SOURCE RADIATION EXPOSURE MAN MAKE PAST
These are due to nuclear reactors and during the testing of the nuclear devices in the atmosphere or in the ground.,DUE NUCLEAR REACTORS TEST DEVICES ATMOSPHERE GRIND
Improper and careless handling of radioactive materials release harmful radiations in our environment.,HANDLE ENVIRONMENT RELEASE IMPROPER CARELESS RADIOACTIVE MATERIALS HARMFUL RADIATIONS PRESENT
These radiations are very harmful to the human body.,RADIATIONS VERY HARMFUL HUMAN BODY
"A person who is exposed to radiations very closely or for a longer duration, is at a greater health risk and can be affected genetically.",PERSON EXPOSE RADIATIONS VERY CLOSELY LONGER DURATION GREATER HEALTH RISK AFFECT GENETICALLY PAST
How old is our mother Earth?,OLD FEMALE PARENT EARTH HOW
Any guess??,GUESS QUESTION
It is nearly 4.54 × 109 years (around 45 Crore 40 lakh years).,NEARLY YEARS AROUND CRORE LAKH
Wow!! 6.6.1 Permitted range The International Commission on Radiological Protection (ICRP) has recommended certain maximum permissible exposure limits to radiation that is believed to be safe without producing any appreciable injury to a person.,THAT PERSON RECOMMEND PERMIT RANGE INTERNATIONAL COMMISSION RADIOLOGICAL PROTECTION ICRP CERTAIN MAXIMUM PERMISSIBLE EXPOSURE LIMIT RADIATION BELIEVE SAFE PRODUCE APPRECIABLE INJURY PAST
Safe limit of overall exposure to radiation is given as 20 milli sievert per year.,LIMIT YEAR GIVE SAFE OVERALL EXPOSURE RADIATION MILLI SIEVERT PAST
"In terms of roentgen, the safe limit of receiving the radiation is about 100 mR per week.",TERM ROENTGEN SAFE LIMIT RECEIVE RADIATION MR WEEK
"If the exposure is 100 R, it may cause fatal diseases like leukemia (death of red blood corpuscle in the blood) or cancer.",IT BLOOD CAUSE EXPOSURE R FATAL DISEASES LEUKEMIA DEATH RED CORPUSCLE CANCER
"When the body is exposed to about 600 R, it leads to death. *Dosimeter is a device used to detect the levels of exposure to an ionizing radiation.",DOSIMETER RADIATION LEAD BODY EXPOSE R DEATH DEVICE USE DETECT LEVEL EXPOSURE IONIZE PAST PRESENT
It is frequently used in the environments where exposure to radiation may occur such as nuclear power plants and medical imaging facilities.,EXPOSURE PLANT USE FREQUENTLY ENVIRONMENTS RADIATION OCCUR SUCH NUCLEAR POWER MEDICAL IMAGE FACILITIES PAST
Pocket dosimeter is used to provide the wearer with an immediate reading of his/her exposure to X-rays and γ rays. 10th_Science_Unit-6.indd 83 12/2/2022 5:05:54 PM 84 10th Standard Science 6.6.2 Preventive measures Figure. 6.6 Lead coated aprons model. • Radioactive materials should be kept in a thick walled lead container. • Lead coated aprons and lead gloves should be used while working with hazardous radioactive materials. • You should avoid eating while handling radioactive materials. • The radioactive materials should be handled only by tongs or by a remote control device. • Dosimeters should be worn by the users to check the level of radiation. 6.7 NUCLEAR REACTOR A Nuclear reactor is a device in which the nuclear fission reaction takes place in a self-sustained and controlled manner to produce electricity.,REACTION ELECTRICITY WEAR POCKET DOSIMETER USE PROVIDE WEARER IMMEDIATE READ EXPOSURE X RAY Γ PM STANDARD SCIENCE PREVENTIVE MEASURE FIGURE LEAD COAT APRONS MODEL RADIOACTIVE MATERIALS KEEP THICK WALL CONTAINER GLOVES WORK HAZARDOUS AVOID EAT HANDLE ONLY TONGS REMOTE CONTROL DEVICE DOSIMETERS USERS CHECK LEVEL RADIATION NUCLEAR REACTOR FISSION TAKE PLACE SELF SUSTAIN MANNER PRODUCE PAST PRESENT
"The first nuclear reactor was built in 1942 at Chicago, USA. 6.7.1 Types of nuclear reactors Breeder reactor, fast breeder reactor, pressurized water reactor, pressurized heavy water reactor, boiling water reactor, water- cooled reactor, gas-cooled reactor, fusion reactor and thermal reactor are some types of nuclear reactors, which are used in different places world-wide. 6.7.2 Components of a nuclear reactors The essential components of a nuclear reactor are (i) fuel, (ii) moderator, (iii) control rod, (iv) coolant and (v) protection wall. i.",COMPONENT REACTOR BUILD FIRST NUCLEAR CHICAGO USA TYPE REACTORS BREEDER FAST PRESSURIZE WATER HEAVY BOIL COOL GAS FUSION THERMAL USE DIFFERENT PLACE WORLD WIDE COMPONENTS ESSENTIAL I FUEL II MODERATOR III CONTROL ROD COOLANT V PROTECTION WALL PAST
Fuel: A fissile material is used as the fuel.,FUEL FISSILE MATERIAL USE PAST
The commonly used fuel material is uranium. ii.,COMMONLY USE FUEL MATERIAL URANIUM II PAST
Moderator: A moderator is used to slow down the high energy neutrons to provide slow neutrons.,MODERATOR NEUTRON USE SLOW HIGH ENERGY NEUTRONS PROVIDE PAST
Graphite and heavy water are the commonly used moderators. iii.,GRAPHITE HEAVY WATER COMMONLY USE MODERATORS III PAST
Control rod: Control rods are used to control the number of neutrons in order to have sustained chain reaction.,ROD REACTION USE CONTROL RODS NUMBER NEUTRONS ORDER SUSTAIN CHAIN PAST
Mostly boron or cadmium rods are used as control rods.,BORON ROD USE MOSTLY CADMIUM RODS CONTROL PAST
They absorb the neutrons. iv.,THEY NEUTRON ABSORB NEUTRONS PRESENT
"Coolant: A coolant is used to remove the heat produced in the reactor core, to produce steam.",COOLANT USE REMOVE HEAT PRODUCE REACTOR CORE STEAM PAST
This steam is used to run a turbine in order to produce electricity.,STEAM ELECTRICITY USE RUN TURBINE ORDER PRODUCE PAST
"Water, air and helium are some of the coolants. v.",WATER AIR HELIUM COOLANTS
Protection wall: A thick concrete lead wall is built around the nuclear reactor in order to prevent the harmful radiations from escaping into the environment.,PROTECTION WALL THICK CONCRETE LEAD BUILD NUCLEAR REACTOR ORDER PREVENT HARMFUL RADIATIONS ESCAPE ENVIRONMENT PAST
"Control rod Figure 6.7 Schematic diagram of a nuclear reactor 6.7.3 Uses of a nuclear reactor • Nuclear reactors are widely used in power generation. • They are also used to produce radio isotopes, which are used in a variety of applications. • Some reactors help us to do research in the field of nuclear physics. • Breeder reactors are used to convert non- fissionable materials into fissionable materials. 6.7.4 Nuclear power plants in India Indian Atomic Energy Commission (AEC) was established in August 1948 by the 10th_Science_Unit-6.indd 84 12/2/2022 5:05:54 PM 85 Nuclear physics Department of Indian Scientific Research committee at Bombay (now Mumbai) in Maharashtra.",PLANT MAHARASHTRA ESTABLISH CONTROL ROD FIGURE SCHEMATIC DIAGRAM NUCLEAR REACTOR USE REACTORS WIDELY POWER GENERATION ALSO PRODUCE RADIO ISOTOPES VARIETY APPLICATIONS HELP RESEARCH FIELD PHYSICS BREEDER CONVERT FISSIONABLE MATERIALS INDIA INDIAN ATOMIC ENERGY COMMISSION AEC AUGUST PM DEPARTMENT SCIENTIFIC COMMITTEE BOMBAY NOW MUMBAI PRESENT PAST
It is the nodal agency for all the research done in the field of atomic energy.,NODAL AGENCY RESEARCH FIELD ATOMIC ENERGY PAST
Homi Jahangir Bhaba was the first chairman of Indian Atomic Energy Commission.,HOMI JAHANGIR BHABA FIRST CHAIRMAN INDIAN ATOMIC ENERGY COMMISSION
"Now, it is known as Bhaba Atomic Research Centre (BARC).",IT CENTRE KNOW NOW BHABA ATOMIC RESEARCH BARC PRESENT PAST
Nuclear power is the fifth largest source of power in India.,NUCLEAR POWER FIFTH LARGEST SOURCE INDIA
Tarapur Atomic Power Station is India’s first nuclear power station.,TARAPUR ATOMIC POWER STATION INDIA FIRST NUCLEAR
"Now, there are a total of seven power stations, one each in Maharashtra, Rajasthan, Gujarat, Uttar Pradesh and two in Tamilnadu.",NOW TOTAL SEVEN POWER STATION ONE MAHARASHTRA RAJASTHAN GUJARAT UTTAR PRADESH TWO TAMILNADU PRESENT
"In Tamilnadu, we have nuclear power stations in Kalpakkam and Kudankulam.",WE KALPAKKAM HAVE TAMILNADU NUCLEAR POWER STATION KUDANKULAM PRESENT
Apsara was the first nuclear reactor built in India and Asia.,APSARA FIRST NUCLEAR REACTOR BUILD INDIA ASIA PAST
"Now, there are 22 nuclear reactors which are operating in India.",WHICH INDIA BE NOW NUCLEAR REACTORS OPERATE PRESENT
"Some other operating reactors are • Cirus • Dhuruva • Purnima Solved problem 6.1 Identify A, B, C, and D from the following nuclear reactions. (i) 13Al27 + A --------> 15P30 + B (ii) 12Mg24 + B --------> 11Na24 + C (iii) 92U238 + B --------> 93Np239 + D Solution: (i) 13Al27 + 2He4 --------> 15P30 + 0n1 (ii) 12Mg24 + 0n1 --------> 11Na24 + 1H1 (iii) 92U238 + 0n1 --------> 93Np239 + –1e0 A is alpha particle, B is neutron, C is proton, and D is electron.",OTHER OPERATE REACTORS CIRUS DHURUVA PURNIMA SOLVE PROBLEM IDENTIFY B C D FOLLOW NUCLEAR REACTIONS I II III SOLUTION ALPHA PARTICLE NEUTRON PROTON ELECTRON PAST
Solved problem 6.2 A radon specimen emits radiation of 3.7 × 103 GBq per second.,SPECIMEN SECOND EMIT SOLVE PROBLEM RADON RADIATION GBQ PRESENT
Convert this disintegration in terms of curie. (one curie = 3.7 × 1010 disintegration per second) 1 Bq = one disintegration per second one curie = 3.7 × 1010 Bq 1 Bq = curie ∴ 3.7 × 103 G Bq = 3.7 × 103 × 10 9 × 1 3.7 × 1010 = 100 curie Solved problem 6.3 92U235 experiences one α - decay and one β - decay.,PROBLEM DECAY EXPERIENCE CONVERT DISINTEGRATION TERM CURIE ONE SECOND BQ G SOLVE Α Β PRESENT
Find number of neutrons in the final daughter nucleus that is formed.,THAT DAUGHTER FIND NUMBER NEUTRONS FINAL FEMALE CHILD NUCLEUS FORM PAST
Solution: Let X and Y be the resulting nucleus after the emission of the alpha and beta particles respectively. 92U235 α decay 90X231 + 2 He4 90X231 β decay 91Y231 + -1 e 0 Number of neutrons = Mass number – Atomic number = 231 – 91 = 140 Solved problem 6.4 Calculate the amount of energy released when a radioactive substance undergoes fusion and results in a mass defect of 2 kg.,SUBSTANCE KG DECAY SOLUTION LET X Y RESULT NUCLEUS EMISSION ALPHA BETA PARTICLES RESPECTIVELY Α NUMBER NEUTRONS MASS ATOMIC SOLVE PROBLEM CALCULATE AMOUNT ENERGY RELEASE RADIOACTIVE UNDERGO FUSION DEFECT PRESENT PAST
"Solution: Mass defect in the reaction (m) = 2 kg Velocity of light (c) = 3 × 108 m s-1 By Einstein’s equation, Energy released E = mc2 So E = 2 × (3 × 108)2 = 1.8 × 1017 J Points to Remember This phenomenon of spontaneous emission of radiation from certain elements on its own is called 'natural radioactivity'.",× OWN CALL SOLUTION MASS DEFECT REACTION M VELOCITY LIGHT C EINSTEIN EQUATION ENERGY RELEASE E J POINT REMEMBER PHENOMENON SPONTANEOUS EMISSION RADIATION CERTAIN ELEMENTS NATURAL RADIOACTIVITY PAST
"Curie is defined as the quantity of a radioactive substance, which undergoes 3.7 × 1010 disintegrations in one second.",WHICH SECOND DEFINE CURIE QUANTITY RADIOACTIVE SUBSTANCE UNDERGO DISINTEGRATIONS ONE PAST PRESENT
This is actually close to the activity of 1 g of radium-226. 1 3.7 × 1010 10th_Science_Unit-6.indd 85 12/2/2022 5:05:54 PM 86 10th Standard Science Rutherford (Rd) is defined as the quantity of a radioactive substance which produces 106 disintegrations in one second. 1 Rd = 106 disintegrations per second.,WHICH SECOND DEFINE ACTUALLY CLOSE ACTIVITY G PM STANDARD SCIENCE RUTHERFORD RD QUANTITY RADIOACTIVE SUBSTANCE PRODUCE DISINTEGRATIONS ONE PAST PRESENT
The SI unit of radioactivity is becquerel.,SI UNIT RADIOACTIVITY BECQUEREL
It is defined as the quantity of one disintegration per second.,IT SECOND DEFINE QUANTITY ONE DISINTEGRATION PAST
Helium nucleus (2He4) consisting of two protons and two neutrons is known as alpha particle.,NEUTRON PARTICLE KNOW HELIUM NUCLEUS CONSIST TWO PROTONS NEUTRONS ALPHA PAST
"Beta particles are electrons (-1e0), which are the basic elementary particles present in all atoms.",BETA PARTICLES ELECTRONS BASIC ELEMENTARY PRESENT ATOMS
Gamma rays are electromagnetic waves consisting of photons.,GAMMA RAY ELECTROMAGNETIC WAVE CONSIST PHOTONS
A nuclear reaction in which an unstable parent nucleus emits an alpha particle and forms a stable daughter nucleus is called as 'alpha decay'.,NUCLEUS DECAY CALL NUCLEAR REACTION UNSTABLE PARENT EMIT ALPHA PARTICLE FORM STABLE FEMALE CHILD PRESENT PAST
A nuclear reaction in which an unstable parent nucleus emits a beta particle and forms a stable daughter nucleus is called as 'beta decay'.,NUCLEUS DECAY CALL NUCLEAR REACTION UNSTABLE PARENT EMIT BETA PARTICLE FORM STABLE FEMALE CHILD PRESENT PAST
The process of breaking (splitting) up of a heavier nucleus into two smaller nuclei with the release of a large amount of energy is called 'nuclear fission'.,PROCESS ENERGY CALL BREAK SPLIT HEAVIER NUCLEUS TWO SMALLER NUCLEI RELEASE LARGE AMOUNT NUCLEAR FISSION PAST
The energy released in a nuclear fission process is about 200 MeV.,ENERGY RELEASE NUCLEAR FISSION PROCESS PAST
There are some radioactive elements which can be converted into a fissionable material.,WHICH MATERIAL BE RADIOACTIVE ELEMENTS CONVERT FISSIONABLE PRESENT PAST
They are called as 'fertile materials'. e.g.,THEY MATERIAL CALL FERTILE MATERIALS PAST
Controlled chain reaction is used in a nuclear reactor to produce energy in a sustained and controlled manner.,REACTION MANNER USE CONTROL CHAIN NUCLEAR REACTOR PRODUCE ENERGY SUSTAIN PAST
The process in which two lighter nuclei combine to form a heavier nucleus is termed as 'nuclear fusion'.,NUCLEUS FUSION TERM PROCESS TWO LIGHTER NUCLEI COMBINE FORM HEAVIER NUCLEAR PRESENT PAST
Nuclear fusion or thermonuclear reaction is the source of light and heat energy in the Sun and other stars.,NUCLEAR FUSION THERMONUCLEAR REACTION SOURCE LIGHT HEAT ENERGY SUN OTHER STAR
The safe limit of receiving the radiation is about 100 mR per week.,SAFE LIMIT RECEIVE RADIATION MR WEEK
Choose the correct answer 1.,CHOOSE CORRECT ANSWER
Man-made radioactivity is also known as _____________ a.,RADIOACTIVITY A. KNOW MAN MAKE ALSO PAST
Induced radioactivity b.,INDUCE RADIOACTIVITY
Spontaneous radioactivity c.,SPONTANEOUS RADIOACTIVITY
Artificial radioactivity d. a & c 2.,ARTIFICIAL RADIOACTIVITY C
Unit of radioactivity is _____________ a. roentgen b. curie c. becquerel d. all the above 3.,UNIT RADIOACTIVITY ROENTGEN CURIE BECQUEREL ABOVE
Artificial radioactivity was discovered by ____________ TEXTBOOK EVALUATION a.,RADIOACTIVITY _ DISCOVER ARTIFICIAL TEXTBOOK EVALUATION PAST
Bequerel b.,BEQUEREL
Irene Curie c.,IRENE CURIE
Roentgen d.,ROENTGEN
Neils Bohr 4.,NEILS BOHR
"In which of the following, no change in mass number of the daughter nuclei takes place i) α decay ii) β decay iii) γ decay iv) neutron decay a. (i) is correct b. (ii) and (iii) are correct c. (i) & ( iv) are correct d. (ii) & (iv) are correct 5. ____________ isotope is used for the treatment of cancer. 10th_Science_Unit-6.indd 86 12/2/2022 5:05:55 PM 87 Nuclear physics iv.",FOLLOW CHANGE MASS NUMBER FEMALE CHILD NUCLEI TAKE PLACE Α DECAY II Β III Γ NEUTRON I CORRECT IV ISOTOPE USE TREATMENT CANCER PM NUCLEAR PHYSICS PRESENT PAST NOT
No chain reaction takes place in an atom bomb a. (i) only correct b. (i) & (ii) are correct c. (iv) only correct d. (iii) & (iv) are correct II.,CHAIN REACTION TAKE PLACE ATOM BOMB I ONLY CORRECT II IV III PRESENT NOT
Fill in the blanks 1.,FILL BLANK
One roentgen is equal to ____________ disintegrations per second 2.,ONE ROENTGEN EQUAL DISINTEGRATIONS SECOND
Positron is an____________. 3.,POSITRON
Anemia can be cured by ____________ isotope 4.,ANEMIA _ CURE ISOTOPE PAST
Abbreviation of ICRP______ 5. _________is used to measure exposure rate of radiation in humans. 6. ________ has the greatest penetration power. 7.,_ POWER HAVE ABBREVIATION ICRP USE MEASURE EXPOSURE RATE RADIATION HUMANS GREATEST PENETRATION PAST PRESENT
"ZYA → Z+1YA + X ; Then, X is __________ 8.",ZYA X THEN
ZXA → ZYA This reaction is possible in ______________ decay. 9.,ZXA ZYA REACTION POSSIBLE DECAY
The average energy released in each fusion reaction is about ________ J. 10.,AVERAGE ENERGY RELEASE FUSION REACTION PAST
Nuclear fusion is possible only at an extremely high temperature of the order of ____ K. 11.,NUCLEAR FUSION POSSIBLE ONLY EXTREMELY HIGH TEMPERATURE ORDER
The radio isotope of ________ helps to increase the productivity of crops. 12.,ISOTOPE CROP HELP RADIO INCREASE PRODUCTIVITY PRESENT
"If the radiation exposure is 100 R, it may cause ______________.",IT _ CAUSE RADIATION EXPOSURE R
"III State whether the following statements are true or false: If false, correct the statement 1.",STATEMENT CORRECT III STATE FOLLOW STATEMENTS TRUE FALSE
Plutonium -239 is a fissionable material. 2.,PLUTONIUM FISSIONABLE MATERIAL
Elements having atomic number greater than 83 can undergo nuclear fusion. 3.,ELEMENT FUSION UNDERGO ELEMENTS HAVE ATOMIC NUMBER GREATER NUCLEAR
Nuclear fusion is more dangerous than nuclear fission. 4.,NUCLEAR FUSION MORE DANGEROUS FISSION
Natural uranium U-238 is the core fuel used in a nuclear reactor. 5.,NATURAL URANIUM CORE FUEL USE NUCLEAR REACTOR PAST
"If a moderator is not present, then a nuclear reactor will behave as an atom bomb. 6.",REACTOR BOMB BEHAVE MODERATOR PRESENT THEN NUCLEAR ATOM NOT
"During one nuclear fission on an average, 2 to 3 neutrons are produced. 7.",NEUTRON AVERAGE PRODUCE ONE NUCLEAR FISSION NEUTRONS PAST
Einstein’s theory of mass energy equivalence is used in nuclear fission and fusion. a.,THEORY FISSION USE EINSTEIN MASS ENERGY EQUIVALENCE NUCLEAR FUSION PAST
Radio Iodine b.,RADIO IODINE
Radio Cobalt c.,RADIO COBALT
Radio Carbon d.,RADIO CARBON
Radio Nickel 6.,RADIO NICKEL
Gamma radiations are dangerous because a. it affects eyes & bones b. it affects tissues c. it produces genetic disorder d. it produces enormous amount of heat 7. _____________ aprons are used to protect us from gamma radiations a.,APRON A. USE GAMMA RADIATIONS DANGEROUS AFFECT EYE BONE TISSUE PRODUCE GENETIC DISORDER ENORMOUS AMOUNT HEAT APRONS PROTECT PRESENT PAST
Lead oxide b.,LEAD OXIDE
Iron c.,IRON
Lead d.,LEAD
Aluminium 8.,ALUMINIUM
Which of the following statements is/are correct? i. α particles are photons ii.,FOLLOW STATEMENTS CORRECT Α PARTICLES PHOTONS II
Penetrating power of γ radiation is very low iii.,PENETRATE POWER Γ RADIATION VERY LOW III
Ionization power is maximum for α rays iv.,IONIZATION POWER MAXIMUM Α RAY IV
Penetrating power of γ radiation is very high a. (i) & (ii) are correct b. (ii) & (iii) are correct c. (iv) only correct d. (iii) & (iv) are correct 9.,PENETRATE POWER Γ RADIATION VERY HIGH I II CORRECT III IV ONLY PRESENT
Proton - Proton chain reaction is an example of __________________ a.,PROTON CHAIN REACTION EXAMPLE
Nuclear fission b. α - decay c.,NUCLEAR FISSION Α DECAY
Nuclear fusion d. β - decay 10.,NUCLEAR FUSION Β DECAY
"In the nuclear reaction 6X12 α decay ZYA, the value of A & Z. a. 8, 6 b. 8, 4 c. 4, 8 d. cannot be determined with the given data 11.",VALUE DATUM DETERMINE NUCLEAR REACTION Α DECAY ZYA GIVE DATA PAST NOT
Kamini reactor is located at __________ a.,REACTOR _ LOCATE KAMINI PAST
Kalpakkam b.,KALPAKKAM
Koodankulam c.,KOODANKULAM
Mumbai d.,MUMBAI
Rajasthan 12.,RAJASTHAN
Which of the following is/are correct? i.,FOLLOW CORRECT
Chain reaction takes place in a nuclear reactor and an atomic bomb. ii.,REACTION REACTOR TAKE CHAIN PLACE NUCLEAR ATOMIC BOMB II PRESENT
The chain reaction in a nuclear reactor is controlled iii.,CHAIN REACTION NUCLEAR REACTOR CONTROL III PAST
The chain reaction in a nuclear reactor is not controlled 10th_Science_Unit-6.indd 87 12/2/2022 5:05:55 PM 88 10th Standard Science IV.,REACTION IV CONTROL CHAIN NUCLEAR REACTOR PM STANDARD SCIENCE PAST NOT
Match the following Match: I a.,I MATCH A. FOLLOW PRESENT
BARC Kalpakkam b.,BARC KALPAKKAM
India’s first atomic power Apsara station c.,INDIA FIRST ATOMIC POWER APSARA STATION
IGCAR Mumbai d.,IGCAR MUMBAI
First nuclear reactor in India Tarapur Match: II a.,FIRST NUCLEAR REACTOR INDIA TARAPUR MATCH II
Fuel lead b.,FUEL LEAD
Moderator heavy water c.,MODERATOR HEAVY WATER
Control rods cadmium rods d.,CONTROL RODS CADMIUM
Shield uranium Match: III a.,SHIELD URANIUM MATCH III
Soddy Fajan Natural radioactivity b.,SODDY FAJAN NATURAL RADIOACTIVITY
Irene Curie Displacement law c.,IRENE CURIE DISPLACEMENT LAW
Henry Bequerel Mass energy equivalence d.,HENRY BEQUEREL MASS ENERGY EQUIVALENCE
Albert Einstein Artificial Radioactivity Match: IV a.,ALBERT EINSTEIN ARTIFICIAL RADIOACTIVITY MATCH IV
Uncontrolled fission Hydrogen Bomb reaction b.,UNCONTROLLED FISSION HYDROGEN BOMB REACTION
Fertile material Nuclear Reactor c.,FERTILE MATERIAL NUCLEAR REACTOR
Controlled fission Breeder reactor reaction d.,CONTROL FISSION BREEDER REACTOR REACTION PAST
Fusion reaction Atom bomb Match: V a.,FUSION REACTION ATOM BOMB MATCH V
Fe - 59 Age of fossil b.,FE AGE FOSSIL
I - 131 Function of Heart c.,FUNCTION HEART
Na - 24 Leukemia d.,NA LEUKEMIA
C - 14 Thyroid disease V.,C THYROID DISEASE
Arrange the following in the correct sequence: 1.,ARRANGE FOLLOW CORRECT SEQUENCE
"Arrange in descending order, on the basis of their penetration power Alpha rays, beta rays, gamma rays, cosmic rays 2.",ARRANGE DESCEND ORDER BASIS PENETRATION POWER ALPHA RAY BETA GAMMA COSMIC
"Arrange the following in the chronological order of discovery Nuclear reactor, radioactivity, artificial radioactivity, discovery of radium.",ARRANGE FOLLOW CHRONOLOGICAL ORDER DISCOVERY NUCLEAR REACTOR RADIOACTIVITY ARTIFICIAL RADIUM
VI.,VI
Use the analogy to fill in the blank 1.,USE ANALOGY FILL BLANK
"Spontaneous process : Natural Radioactivity, Induced process : ________ 2.",SPONTANEOUS PROCESS NATURAL RADIOACTIVITY INDUCE
"Nuclear Fusion : Extreme temperature, Nuclear Fission : ___________ 3.",NUCLEAR FUSION EXTREME TEMPERATURE FISSION
"Increasing crops : Radio phosphorous, Effective functioning of heart : _____ 4.",INCREASE CROP RADIO PHOSPHOROUS EFFECTIVE FUNCTION HEART
"Deflected by electric field : α ray, Null Deflection : __________ VII.",DEFLECT ELECTRIC FIELD RAY NULL DEFLECTION VII PAST
Numerical problems: 1. 88 Ra226 experiences three α - decay.,R-A-2-2-6 DECAY EXPERIENCE NUMERICAL PROBLEMS THREE Α PRESENT
Find the number of neutrons in the daughter element. 2.,FIND NUMBER NEUTRONS FEMALE CHILD ELEMENT
A cobalt specimen emits induced radiation of 75.6 millicurie per second.,COBALT SPECIMEN EMIT INDUCE RADIATION MILLICURIE SECOND
Convert this disintegration in to becquerel (one curie = 3.7 × 1010 Bq) VIII.,CONVERT DISINTEGRATION BECQUEREL ONE CURIE BQ VIII
"Assertion and reason type questions: Mark the correct choice as (a) If both the assertion and the reason are true and the reason is the correct explanation of the assertion. (b) If both the assertion and the reason are true, but the reason is not the correct explanation of the assertion. (c) Assertion is true, but the reason is false. (d) Assertion is false, but the reason is true. 1.",REASON ASSERTION MARK TYPE QUESTION CORRECT CHOICE TRUE EXPLANATION C FALSE NOT
"Assertion: A neutron impinging on U235, splits it to produce Barium and Krypton.",NEUTRON BARIUM SPLIT ASSERTION IMPINGE PRODUCE KRYPTON PRESENT
Reason: U - 235 is a fissile material. 2.,REASON U FISSILE MATERIAL
"Assertion: In a β - decay, the neutron number decreases by one.",ASSERTION Β DECAY NEUTRON NUMBER DECREASE ONE PRESENT
Reason: In β - decay atomic number increases by one. 3.,REASON Β DECAY ATOMIC NUMBER INCREASE ONE PRESENT
Assertion: Extreme temperature is necessary to execute nuclear fusion.,ASSERTION EXTREME TEMPERATURE NECESSARY EXECUTE NUCLEAR FUSION
"Reason: In a nuclear fusion, the nuclei of the reactants combine releasing high energy. 10th_Science_Unit-6.indd 88 12/2/2022 5:05:55 PM 89 Nuclear physics 4.",NUCLEUS ENERGY COMBINE REASON NUCLEAR FUSION NUCLEI REACTANTS RELEASE HIGH PM PHYSICS PRESENT
Assertion: Control rods are known as 'neu- tron seeking rods' Reason: Control rods are used to perform sustained nuclear fission reaction IX.,ROD REACTION USE ASSERTION CONTROL RODS KNOW TRON SEEK REASON PERFORM SUSTAIN NUCLEAR FISSION IX PAST
Answer in one or two word (VSA) 1.,ANSWER ONE TWO WORD VSA
Who discovered natural radioactivity? 2.,WHO RADIOACTIVITY DISCOVER NATURAL PAST
Which radioactive material is present in the ore of pitchblende? 3.,RADIOACTIVE MATERIAL PRESENT ORE PITCHBLENDE
Write any two elements which are used for inducing radioactivity? 4.,WHICH RADIOACTIVITY WRITE TWO ELEMENTS USE INDUCE PAST
Write the name of the electromagnetic radiation which is emitted during a natural radioactivity. 5.,WHICH RADIOACTIVITY WRITE NAME ELECTROMAGNETIC RADIATION EMIT NATURAL PAST
If A is a radioactive element which emits an α - particle and produces 104Rf 259.,RADIOACTIVE ELEMENT EMIT Α PARTICLE PRODUCE PRESENT
Write the atomic number and mass number of the element A. 6.,WRITE ATOMIC NUMBER MASS ELEMENT
What is the average energy released from a single fission process? 7.,AVERAGE ENERGY RELEASE SINGLE FISSION PROCESS PAST
Which hazardous radiation is the cause for the genetic disease? 8.,HAZARDOUS RADIATION CAUSE GENETIC DISEASE
What is the amount of radiation that may cause death of a person when exposed to it? 9.,AMOUNT RADIATION CAUSE DEATH PERSON EXPOSE PAST
When and where was the first nuclear reactor built? 10.,FIRST NUCLEAR REACTOR BUILD PAST
Give the SI unit of radioactivity. 11.,GIVE SI UNIT RADIOACTIVITY
Which material protects us from radiation?,MATERIAL RADIATION PROTECT PRESENT WHICH
Answer the following questions in few sentences. 1.,ANSWER FOLLOW QUESTION FEW SENTENCE
Write any three features of natural and artificial radioactivity. 2.,WRITE THREE FEATURE NATURAL ARTIFICIAL RADIOACTIVITY
Define critical mass. 3.,DEFINE CRITICAL MASS
Define one roentgen. 4.,DEFINE ONE ROENTGEN
State Soddy and Fajan’s displacement law. 5.,STATE SODDY FAJAN DISPLACEMENT LAW
Give the function of control rods in a nuclear reactor. 6.,GIVE FUNCTION CONTROL RODS NUCLEAR REACTOR
"In Japan, some of the new born children are having congenital diseases.",SOME DISEASE HAVE JAPAN NEW BEAR CHILDREN CONGENITAL DISEASES PAST
Ramu is working as an X - ray technician in a hospital.,RAMU HOSPITAL WORK X RAY TECHNICIAN
"But, he does not wear the lead aprons.",HE APRON WEAR LEAD APRONS NOT
What suggestion will you give to Mr.,YOU M-R-. GIVE SUGGESTION
Ramu? 8.,RAMU
What is stellar energy? 9.,STELLAR ENERGY
Give any two uses of radio isotopes in the field of agriculture?,GIVE TWO USE RADIO ISOTOPES FIELD AGRICULTURE QUESTION
XI.,XI
Answer the following questions in detail. 1.,ANSWER FOLLOW QUESTION DETAIL
Explain the process of controlled and uncontrolled chain reactions. 2.,EXPLAIN PROCESS CONTROL UNCONTROLLED CHAIN REACTIONS PAST
"Compare the properties of alpha, beta and gamma radiations. 3.",COMPARE PROPERTIES ALPHA BETA GAMMA RADIATIONS
What is a nuclear reactor?,NUCLEAR REACTOR WHAT
Explain its essential parts with their functions.,EXPLAIN ESSENTIAL PART FUNCTION
XII.,XII
HOT Questions: 1.,HOT QUESTION
Mass number of a radioactive element is 232 and its atomic number is 90.,MASS NUMBER RADIOACTIVE ELEMENT ATOMIC
"When this element undergoes certain nuclear reactions, it transforms into an isotope of lead with a mass number 208 and an atomic number 82.",IT NUMBER TRANSFORM ELEMENT UNDERGO CERTAIN NUCLEAR REACTIONS ISOTOPE LEAD MASS ATOMIC PRESENT
Determine the number of alpha and beta decay that can occur. 2. 'X – rays should not be taken often'.,RAY ALPHA TAKE DETERMINE NUMBER BETA DECAY OCCUR X OFTEN PAST HABITUAL NOT
Give the reason. 3.,GIVE REASON
Cell phone towers should be placed far away from the residential area – why?,TOWER AREA PLACE CELL PHONE FAR AWAY RESIDENTIAL PAST WHY
REFERENCE BOOKS 1.,REFERENCE BOOK
Physics concepts and connections – by Art Hobson Edition: Pearson education 2.,PHYSICS CONCEPTS CONNECTIONS ART HOBSON EDITION PEARSON EDUCATION
Modern Physics – by Dr.,MODERN PHYSICS
R Murugesan & Er.,R MURUGESAN ER
Kiruthiga Sivaprasath – S.,KIRUTHIGA SIVAPRASATH
Chand publications INTERNET RESOURCES 1. https://physics.columbia.edu/research/nu- clear-physics 2. http://www.newworldencyclopedia.org/ entry/Nuclear_physics 10th_Science_Unit-6.indd 89 12/2/2022 5:05:55 PM 90 10th Standard Science Cells alive URL: https://play.google.com/store/apps/details?id=com.CowboyBebop.,PUBLICATIONS INTERNET RESOURCES CLEAR PHYSICS ENTRY PM STANDARD SCIENCE CELLS ALIVE URL
AtomPhys&hl=en or Scan the QR Code.,SCAN QR CODE
"ICT CORNER Modern Atomic Theory • Access and download the application ‘atom.phys’ in your mobile by using the provided URL or QR code. • Click ‘Modeling’ to build the structure of an element by making changes in electron, proton and neutron. • Click ‘Nuclear decays’ to know how new elements are formed because of the decay/ destruction of atoms. • Finally click ‘Tests’ to check your knowledge by answering the questions.",ELEMENT QUESTION CLICK ICT MODERN ATOMIC THEORY ACCESS DOWNLOAD APPLICATION MOBILE USE PROVIDE URL QR CODE MODEL BUILD STRUCTURE MAKE CHANGE ELECTRON PROTON NEUTRON NUCLEAR DECAY KNOW NEW ELEMENTS FORM DESTRUCTION ATOMS FINALLY TEST CHECK KNOWLEDGE ANSWER PAST
"Steps To enable the students to build structure of different elements with electrons, protons and neutrons.",STEP ENABLE STUDENTS BUILD STRUCTURE DIFFERENT ELEMENTS ELECTRONS PROTONS NEUTRONS
"They also know how new elements are formed as a result of Nuclear decays. 10th_Science_Unit-6.indd 90 12/2/2022 5:05:55 PM 91 INTRODUCTION You have learnt, in your lower classes that matter is around us everywhere.",THAT WE LEARN ALSO KNOW NEW ELEMENTS FORM RESULT NUCLEAR DECAY PM INTRODUCTION LOWER CLASS MATTER EVERYWHERE PRESENT PAST
Matter is made of atoms.,MATTER ATOM MAKE ATOMS PAST
Curiously the idea of atom was first proposed by the Greek philosophers in the fifth century BC (BCE).,IDEA BC PROPOSE CURIOUSLY ATOM FIRST GREEK PHILOSOPHERS FIFTH CENTURY BCE PAST
"But, their theory was more philosophical than scientific.",THEORY MORE PHILOSOPHICAL SCIENTIFIC
The first scientific theory of the atom was proposed by John Dalton.,THEORY DALTON PROPOSE FIRST SCIENTIFIC ATOM JOHN PAST
Few of the postulates of Dalton’s theory about an atom were found incorrect by the later on studies made by J.J.,FEW J-.-J-. FIND POSTULATE DALTON THEORY ATOM INCORRECT LATER STUDY MAKE PAST FUTURE
"Thomson, Rutherford, Neils Bohr and Schrodinger.",THOMSON RUTHERFORD NEILS BOHR SCHRODINGER
"In the light of the result of the researches most of the limitations of the Dalton’s theory were removed and a new theory known as the modern atomic theory was put forward. ‘The main postulates of modern atomic theory’ are as follows: An atom is no longer indivisible (after the discovery of the electron, proton, and neutron).  Atoms of the same element may have different atomic mass. (discovery of isotopes 17Cl 35, 17Cl 37).  Atoms of different elements may have same atomic masses (discovery of Isobars 18Ar 40, 20Ca 40).  Atoms of one element can be transmuted into atoms of other elements.",ATOM ELEMENT TRANSMUTE LIGHT RESULT RESEARCH MOST LIMITATIONS DALTON THEORY REMOVE NEW KNOW MODERN ATOMIC PUT FORWARD MAIN POSTULATE FOLLOW NO LONGER INDIVISIBLE DISCOVERY ELECTRON PROTON NEUTRON ATOMS SAME DIFFERENT MASS ISOTOPES ELEMENTS ISOBARS ONE OTHER PAST PRESENT NOT
"In other words, atom is no longer indestructible (discovery of artificial transmutation).",OTHER WORD ATOM LONGER INDESTRUCTIBLE DISCOVERY ARTIFICIAL TRANSMUTATION NOT
Learning Objectives At the end of the lesson the students will be able to:  acquire the ability to learn about the atoms and molecules.  comprehend atomic mass and molecular mass.  have information about gram atomic mass and gram molecular mass.  perceive the intended meaning of Avogadro’s hypothesis of gases.  interpret the application of Avogadro’s hypothesis.  determine the atomicity of a molecule.  interpret the relation between vapour density and relative molecular mass.  have the facts about the relationship between the volume of a gas and the number of molecules present in it.  grasp the idea of mole concept and solve many problems using it.  calculate the percentage of composition of a compund. 92 10 th Standard Science  Atoms may not always combine in a simple whole number ratio (E.g.,ATOM RATIO COMBINE LEARN OBJECTIVES END LESSON STUDENTS ABLE ACQUIRE ABILITY ATOMS MOLECULES COMPREHEND ATOMIC MASS MOLECULAR INFORMATION GRAM PERCEIVE INTEND MEAN AVOGADRO HYPOTHESIS GAS INTERPRET APPLICATION DETERMINE ATOMICITY MOLECULE RELATION VAPOUR DENSITY RELATIVE FACTS RELATIONSHIP VOLUME NUMBER PRESENT GRASP IDEA MOLE CONCEPT SOLVE MANY PROBLEMS USE CALCULATE PERCENTAGE COMPOSITION COMPUND STANDARD SCIENCE ALWAYS SIMPLE WHOLE HABITUAL NOT
Glucose C6H12O6 C:H:O = 6:12:6 or 1:2:1 and Sucrose C12H22O11 C:H:O = 12:22:11).  Atom is the smallest particle that takes part in a chemical reaction.  The mass of an atom can be converted into energy (E = mc 2).,E MC CONVERT GLUCOSE C H SUCROSE ATOM SMALLEST PARTICLE TAKE PART CHEMICAL REACTION MASS ENERGY PRESENT PAST
The modern atomic theory is the basis for all the studies of chemical and physical processes that involve atoms.,MODERN ATOMIC THEORY BASIS STUDY CHEMICAL PHYSICAL PROCESS INVOLVE ATOMS PRESENT
You have studied the most fundamental ideas about an atom in your lower classes.,YOU CLASS STUDY MOST FUNDAMENTAL IDEAS ATOM LOWER PAST
"Let us discuss some more concepts about atoms in this lesson. 7.1 ATOM AND ATOMIC MASS As you know, anything that has mass and occupies space is called matter.",THAT SPACE CALL LET DISCUSS MORE CONCEPTS ATOMS LESSON ATOM ATOMIC MASS KNOW OCCUPY MATTER PRESENT PAST
Atoms are the building blocks of matter.,ATOMS BUILD BLOCK MATTER
"Since matter has mass, it must be due to its atoms.",MATTER MASS DUE ATOMS PAST
"According to the modern atomic theory, an atom contains subatomic particles such as protons, neutrons and electrons.",ATOM PROTON CONTAIN ACCORD MODERN ATOMIC THEORY SUBATOMIC PARTICLES SUCH PROTONS NEUTRONS ELECTRONS PRESENT
"Protons and neutrons have considerable mass, but electrons don't have such a considerable mass.",ELECTRON MASS HAVE PROTONS NEUTRONS CONSIDERABLE ELECTRONS PRESENT
"Thus, the mass of an atom is mainly contributed by its protons and neutrons and hence the sum of the number of protons and neutrons of an atom is called its mass number.",MASS ATOM CONTRIBUTE THUS MAINLY PROTONS NEUTRONS HENCE SUM NUMBER CALL PAST
Individual atoms are very small and it is difficult to measure their masses.,INDIVIDUAL ATOMS VERY SMALL DIFFICULT MEASURE MASS
You can measure the mass of macroscopic materials in gram or kilogram.,YOU GRAM MEASURE MASS MACROSCOPIC MATERIALS KILOGRAM
The mass of an atom is measured in atomic mass unit (amu).,MASS UNIT MEASURE ATOM ATOMIC AMU PAST
"Atomic mass unit is one-twelfth of the mass of a carbon-12 atom; an isotope of carbon, which contains 6 protons and 6 neutrons. (Note: The symbol ‘amu’ is no longer used in the modern system and instead, it uses the symbol ‘U’ to denote unified atomic mass.",ATOMIC MASS UNIT ONE TWELFTH ATOM ISOTOPE CARBON CONTAIN PROTONS NEUTRONS NOTE SYMBOL AMU NO LONGER USE MODERN SYSTEM INSTEAD U DENOTE UNIFY PRESENT PAST NOT
"The mass of a proton or neutron is approximately 1 amu). 7.1.1 Relative Atomic Mass (RAM) As an atom is very small, its absolute mass cannot be determined directly.",MASS ATOM DETERMINE PROTON NEUTRON APPROXIMATELY AMU RELATIVE ATOMIC RAM VERY SMALL ABSOLUTE DIRECTLY PAST NOT
The early pioneers of chemistry used to measure the atomic mass of an atom relative to an atom of another element.,PIONEER ELEMENT USE EARLY CHEMISTRY MEASURE ATOMIC MASS ATOM RELATIVE PAST
"They measured the masses of equal number of atoms of two or more elements at a time, to determine their relative masses.",THEY MASSE MEASURE MASS EQUAL NUMBER ATOMS TWO MORE ELEMENTS TIME DETERMINE RELATIVE PAST
"They established one element as a standard, gave it an arbitrary value of atomic mass and using this value they measured the relative mass of other elements.",THEY ELEMENT ESTABLISH ONE STANDARD GIVE ARBITRARY VALUE ATOMIC MASS USE MEASURE RELATIVE OTHER ELEMENTS PAST
The mass obtained by this way is called relative atomic mass.,MASS WAY CALL OBTAIN RELATIVE ATOMIC PAST
"In the beginning, the mass of hydrogen atom was chosen as a standard and masses of other atoms were compared with it, because of the existence of isotopic character of hydrogen (1H 1, 1H 2, 1H 3).",MASS HYDROGEN CHOOSE BEGIN ATOM STANDARD OTHER ATOMS COMPARE EXISTENCE ISOTOPIC CHARACTER PAST
Later hydrogen atom was replaced by oxygen atom as the standard.,ATOM STANDARD REPLACE LATER HYDROGEN OXYGEN FUTURE PAST
"Now, the stable isotope of carbon (C-12) with atomic mass 12 is used as the standard for measuring the relative atomic mass of an element.",12 ELEMENT USE NOW STABLE ISOTOPE CARBON ATOMIC MASS STANDARD MEASURE RELATIVE PRESENT PAST
Relative atomic mass of an element is the ratio between the average mass of its isotopes to 1 12th part of the mass of a carbon-12 atom.,RELATIVE ATOMIC MASS ELEMENT RATIO AVERAGE ISOTOPES PART ATOM
It is denoted as Ar.,IT AR DENOTE PAST
It is otherwise called “Standard Atomic Weight”.,OTHERWISE CALL STANDARD ATOMIC WEIGHT PAST
Relative Atomic Mass (Ar) = Average mass of the isotopes of the element of the mass of one Carbon-12 atom 1 12th Modern methods of determination of atomic mass by Mass Spectrometry uses C-12 as standard.,METHOD STANDARD USE RELATIVE ATOMIC MASS AR AVERAGE ISOTOPES ELEMENT ONE ATOM MODERN METHODS DETERMINATION SPECTROMETRY PRESENT
"For most of the elements, the relative atomic mass is very closer to a whole number and it is rounded off to a whole number, to make calculations easier.",MOST ELEMENTS RELATIVE ATOMIC MASS VERY CLOSER WHOLE NUMBER ROUND MAKE CALCULATIONS EASIER PAST
"Table 7.1 lists some of the elements of periodic table and their Ar values. 10th_Science_Unit-7.indd 92 12/3/2022 2:51:48 PM 93 Atoms and molecules Element Symbol Ar Hydrogen H 1 Carbon C 12 Nitrogen N 14 Oxygen O 16 Sodium Na 23 Magnesium Mg 24 Sulphur S 32 Table 7.1 Relative atomic mass of elements (C-12 Scale) Relative Atomic Mass is only a ratio, so it has no unit.",IT UNIT HAVE TABLE LIST ELEMENTS PERIODIC AR VALUE PM ATOMS MOLECULES ELEMENT SYMBOL HYDROGEN H CARBON C NITROGEN N OXYGEN O SODIUM NA MAGNESIUM MG SULPHUR S RELATIVE ATOMIC MASS SCALE ONLY RATIO PRESENT NOT
"If the atomic mass of an element is expressed in grams, it is called as Gram Atomic Mass Gram Atomic Mass of hydrogen = 1 g Gram Atomic Mass of carbon = 12 g Gram Atomic Mass of nitrogen = 14 g Gram Atomic Mass of oxygen = 16 g 7.1.2 Average Atomic Mass (AAM) How can one measure the atomic mass of an element?",ONE ELEMENT MEASURE ATOMIC MASS EXPRESS GRAMS CALL GRAM HYDROGEN G CARBON NITROGEN OXYGEN AVERAGE AAM PAST HOW
"It is somewhat more complicated because most of the naturally occuring elements exist as a mixture of isotopes, each of which has its own mass.",SOMEWHAT MORE COMPLICATE MOST NATURALLY OCCUR ELEMENTS EXIST MIXTURE ISOTOPES OWN MASS PRESENT
"Thus, it is essential to consider this isotopic mixture while calculating the atomic mass of an element.",THUS ESSENTIAL CONSIDER ISOTOPIC MIXTURE CALCULATE ATOMIC MASS ELEMENT
The average atomic mass of an element is the weighted average of the masses of its naturally occurring isotopes.,AVERAGE ATOMIC MASS ELEMENT WEIGHT NATURALLY OCCUR ISOTOPES
"But, the abundance of isotopes of each element may differ.",ABUNDANCE ELEMENT DIFFER ISOTOPES
"So, the abundancy of all these isotopes are taken into consideration while calculating the atomic mass.",ABUNDANCY MASS TAKE ISOTOPES CONSIDERATION CALCULATE ATOMIC PAST
"Then, what do we mean by a weighted average?",WE AVERAGE MEAN THEN WEIGHT WHAT
"Let us consider an element which exists as a mixture of 50% of an isotope having a mass of 9 amu, and 50% of another isotope having a mass of 10 amu.",% AMU LET CONSIDER ELEMENT EXIST MIXTURE ISOTOPE HAVE MASS PRESENT
"Then, its average atomic mass is calculated by the following equation: Average atomic mass = (Mass of 1st isotope × % abundance of 1st isotope) + (Mass of 2nd isotope × % abundance of 2nd isotope) Thus, for the given element the average atomic mass = (9 × ) 50 100 (10 × ) 50 100 + = 4.5 + 5 = 9.5 amu (Note: In the calculations involving percentages, you need to convert percentage abundance into fractional abundance.",YOU ABUNDANCE CALCULATE THEN AVERAGE ATOMIC MASS FOLLOW EQUATION ISOTOPE THUS GIVE ELEMENT AMU NOTE CALCULATIONS INVOLVE PERCENTAGES NEED CONVERT PERCENTAGE FRACTIONAL PAST PRESENT
"For example, 50 percent is converted into 50/100 or 0.50 as shown in the a foresaid calculation.) The atomic masses of elements, given in the periodic table, are average atomic masses.",MASSE TABLE CONVERT EXAMPLE PERCENT SHOW FORESAID CALCULATION ATOMIC MASS ELEMENTS GIVE PERIODIC AVERAGE PAST
"Sometimes, the term atomic weight is used to mean average atomic mass.",WEIGHT MASS USE SOMETIMES TERM ATOMIC MEAN AVERAGE OCCASIONAL PAST
"It is observed, from the periodic table that atomic masses of most of the elements are not whole numbers.",MASSE ELEMENT OBSERVE PERIODIC TABLE ATOMIC MASS MOST ELEMENTS WHOLE NUMBER PAST NOT
"For instance, the atomic mass of carbon given in the periodic table is 12.01 amu, not 12.00 amu.",INSTANCE ATOMIC MASS CARBON GIVE PERIODIC TABLE AMU PAST NOT
"The reason is that while calculating the atomic mass of carbon, both of its natural isotopes such as carbon-12. and carbon-13 are considered.",REASON CALCULATE ATOMIC MASS CARBON NATURAL ISOTOPES SUCH CONSIDER PAST
The natural abundance of C-12 and C-13 are 98.90 % and 1.10 % respectively.,NATURAL ABUNDANCE RESPECTIVELY
"The average of the atomic mass of carbon is calculated as follows: Average atomic mass of carbon = (12 × ) 98.9 100 + (13 × ) 1.1 100 = (12 × 0.989) + (13 × 0.011) = 11.868 + 0.143 = 12.011 amu So it is important to understand that if it is mentioned that the atomic mass of carbon is 12 amu, it refers to the average atomic mass of the carbon isotopes, not the mass of the individual atoms of carbon. 10th_Science_Unit-7.indd 93 12/3/2022 2:51:48 PM 94 10 th Standard Science Table 7.2 Atomic mass of some elements Atomic Number Name Symbol Atomic Mass (amu) 1 Hydrogen H 1.008 2 Helium He 4.003 3 Lithium Li 6.941 4 Beryllium Be 9.012 5 Boron B 10.811 Calculation of average atomic mass – Solved Examples Example 1: Oxygen is the most abundant element in both the Earth’s crust and the human body.",OXYGEN CRUST = AVERAGE ATOMIC MASS CARBON CALCULATE FOLLOW AMU IMPORTANT UNDERSTAND MENTION REFER ISOTOPES INDIVIDUAL ATOMS PM STANDARD SCIENCE TABLE ELEMENTS NUMBER NAME SYMBOL HYDROGEN H HELIUM LITHIUM LI BERYLLIUM BORON B CALCULATION SOLVE EXAMPLES EXAMPLE MOST ABUNDANT ELEMENT EARTH HUMAN BODY PAST PRESENT NOT
It exists as a mixture of three stable isotopes in nature as shown in Table 7.3: Table 7.3 Isotopes of oxygen Isotope Mass (amu) % abundance 8O 16 15.9949 99.757 8O 17 16.9991 0.038 8O 18 17.9992 0.205 The atomic mass of oxygen = (15.9949 × 0.99757) + (16.9991 × 0.00038) + (17.9992 × 0.00205) = 15.999 amu.,MASS = EXIST MIXTURE THREE STABLE ISOTOPES NATURE SHOW TABLE OXYGEN ISOTOPE AMU ABUNDANCE ATOMIC PRESENT PAST
Example 2: Boron naturally occurs as a mixture of boron-10 (5 protons + 5 neutrons) and boron-11 (5 protons + 6 neutrons) isotopes.,BORON boron-10 OCCUR EXAMPLE NATURALLY MIXTURE PROTONS NEUTRONS ISOTOPES PRESENT
The percentage abundance of B-10 is 20 and that of B-11 is 80.,PERCENTAGE ABUNDANCE
"Then, the atomic mass of boron is calculated as follows: Atomic mass of boron = (10 × ) 20 100 + (11 × ) 80 100 = (10 × 0.20) + (11 × 0.80) = 2 + 8.8 = 10.8 amu 7.2 MOLECULE AND MOLECULAR MASS Except noble gases, atoms of most of the elements are found in the combined form with itself or atoms of other elements.",GAS ELEMENT FIND THEN ATOMIC MASS BORON CALCULATE FOLLOW AMU MOLECULE MOLECULAR NOBLE ATOMS MOST ELEMENTS COMBINE FORM OTHER PAST PRESENT
It is called as a molecule.,IT MOLECULE CALL PAST
"A molecule is a combination of two or more atoms held together by strong chemical forces of attraction, i.e. chemical bonds.",MOLECULE COMBINATION TWO MORE ATOMS HOLD TOGETHER STRONG CHEMICAL FORCE ATTRACTION BOND PAST
"Conceptual Thoughts All compounds are molecules; but,all molecules are not compounds why? 7.2.1 Classification of molecules A molecule may contain atoms of the same element or may contain atoms of two or more elements joined in a fixed ratio, in accordance with the law of definite proportions.",MOLECULE PROPORTION CONTAIN CONCEPTUAL THOUGHTS COMPOUND MOLECULES CLASSIFICATION ATOMS SAME ELEMENT TWO MORE ELEMENTS JOIN FIX RATIO ACCORDANCE LAW DEFINITE PAST NOT
"Thus, a molecule may be an element or a compound.",THUS MOLECULE ELEMENT COMPOUND
"If the molecule is made of similar kind of atoms, then it is called homoatomic molecule.",IT ATOM CALL MOLECULE MAKE SIMILAR KIND ATOMS THEN HOMOATOMIC PAST
The molecule that consist of atoms of different elements is called heteroatomic molecule.,THAT ELEMENT CALL MOLECULE CONSIST ATOMS DIFFERENT ELEMENTS HETEROATOMIC PRESENT PAST
A compound is a heteroatomic molecule.,COMPOUND HETEROATOMIC MOLECULE
The number of atoms present in the molecule is called its ‘atomicity’.,NUMBER MOLECULE CALL ATOMS PRESENT ATOMICITY PAST
Table 7.4 Classification of molecules Atomicity No. of atoms present Name 1 1 Monoatomic 2 2 Diatomic 3 3 Triatomic >3 >3 Polyatomic Let us consider oxygen.,WE OXYGEN LET TABLE CLASSIFICATION MOLECULES ATOMICITY NO ATOMS PRESENT NAME MONOATOMIC DIATOMIC TRIATOMIC POLYATOMIC CONSIDER NOT
Oxygen gas exists in two allotropic forms: Oxygen (O2) and Ozone (O3).,GAS FORM EXIST OXYGEN TWO ALLOTROPIC OZONE PRESENT
"In oxygen molecule, there are two oxygen atoms.",OXYGEN MOLECULE TWO ATOMS PRESENT
So its atomicity is two.,ATOMICITY TWO
"Since both the atoms are similar, oxygen (O2) is a homodiatomic molecule.",ATOMS SIMILAR OXYGEN HOMODIATOMIC MOLECULE
"Other elements 10th_Science_Unit-7.indd 94 12/3/2022 2:51:48 PM 95 Atoms and molecules that exist as diatomic molecules are hydrogen (H2), nitrogen (N2) and halogens: fluorine (F2), chlorine (Cl2), bromine (Br2) and iodine (I2).",OTHER ELEMENTS PM ATOMS MOLECULES EXIST DIATOMIC HYDROGEN NITROGEN HALOGENS FLUORINE CHLORINE BROMINE IODINE PRESENT
Oxygen Ozone (homodiatomic molecule) (homotriatomic molecule) Figure 7.1 Homoatomic molecules Ozone (O3) contains three oxygen atoms and hence it is called homotriatomic molecule.,IT ATOM CONTAIN OXYGEN OZONE HOMODIATOMIC MOLECULE HOMOTRIATOMIC FIGURE HOMOATOMIC MOLECULES THREE ATOMS HENCE CALL PRESENT PAST
"If a molecule contains more than three atoms, then it is called polyatomic molecule.",IT ATOM CALL MOLECULE CONTAIN MORE THREE ATOMS THEN POLYATOMIC PRESENT PAST
Conisder hydrogen chloride.,CONISDER HYDROGEN CHLORIDE
"It consists of two atoms, but of different elements, i.e. hydrogen and chlorine.",IT ELEMENT CONSIST TWO ATOMS DIFFERENT ELEMENTS HYDROGEN CHLORINE PRESENT
"So, its atomicity is two.",ATOMICITY TWO
It is a heterodiatomic molecule.,HETERODIATOMIC MOLECULE
"Similarly, the water molecule contains two hydrogen atoms and one oxygen atom.",MOLECULE ATOM CONTAIN SIMILARLY WATER TWO HYDROGEN ATOMS ONE OXYGEN PRESENT
So its atomicity is three.,ATOMICITY THREE
It is a heterotriatomic molecule.,HETEROTRIATOMIC MOLECULE
"H Cl Hydrogen Chloride (Heterodiatomic Molecule) H H O Water (Heterotriatomic Molecule) Figure 7.2 Heteroatomic molecules Activity 7.2 Classify the following molecules based on their atomicity and fill in the table: Fluorine (F2), Carbon dioxide (CO2), Phosphorous (P4), Sulphur (S8), Ammonia (NH3), Hydrogen iodide (HI), Sulphuric Acid (H2SO4), Methane (CH4), Glucose (C6H12O6), Carbon monoxide (CO) Molecule Di - atomic Tri - atomic Poly - atomic Homo Hetero 7.2.2 Relative Molecular Mass (RMM) As the molecules are made of atoms, they also have their own mass.",THEY MASS HAVE H CL HYDROGEN CHLORIDE HETERODIATOMIC MOLECULE O WATER HETEROTRIATOMIC FIGURE HETEROATOMIC MOLECULES ACTIVITY CLASSIFY FOLLOW BASE ATOMICITY FILL TABLE FLUORINE CARBON DIOXIDE PHOSPHOROUS SULPHUR AMMONIA IODIDE HI SULPHURIC ACID METHANE GLUCOSE MONOXIDE CO DI ATOMIC TRI POLY HOMO HETERO RELATIVE MOLECULAR RMM MAKE ATOMS ALSO OWN PRESENT PAST
The mass of the molecule of an element or compound is measured in the C-12 scale and hence called relative molecular mass.,MASS SCALE MEASURE MOLECULE ELEMENT COMPOUND HENCE CALL RELATIVE MOLECULAR PAST
The Relative Molecular Mass of a molecule is the ratio between the mass of one molecule of the substance to 1 12th mass of an atom of Carbon -12.,RELATIVE MOLECULAR MASS MOLECULE RATIO ONE SUBSTANCE ATOM CARBON
Activity 7.1 Complete the following table by filling the appropriate values /terms Element No. of Protons No. of Neutrons Mass Number Stable Isotopes (abundance) Atomic Mass (amu) 7 N-14 (99.6 %) 8 N-15 (0.4 %) Silicon 14 28 Si-28 (92.2 %) 14 Si-29 (4.7 %) 16 Si-30 (3.1 %) 17 Cl-35 (75 %) 17 Cl-37 (25 %) 10th_Science_Unit-7.indd 95 12/3/2022 2:51:49 PM 96 10 th Standard Science Relative Molecular Mass is only a ratio.,ACTIVITY COMPLETE FOLLOW TABLE FILL APPROPRIATE VALUE ELEMENT NO PROTONS NEUTRONS MASS NUMBER STABLE ISOTOPES ABUNDANCE ATOMIC AMU SILICON PM TH STANDARD SCIENCE RELATIVE MOLECULAR ONLY RATIO NOT
"So, it has no unit.",IT UNIT HAVE PRESENT NOT
"If the molecular mass of a com- pound is expressed in grams, it is called Gram Molecular Mass.",IT GRAM CALL MOLECULAR MASS POUND EXPRESS GRAMS PAST
Gram Molecular Mass of water = 18 g Gram Molecular Mass of carbon dioxide = 44 g Gram Molecular Mass of ammonia = 17 g Gram Molecular Mass of HCl = 36.5 g The relative molecular mass is obtained by adding together the relative atomic masses of all the atoms present in a molecule.,MASS MOLECULE OBTAIN GRAM MOLECULAR WATER G CARBON DIOXIDE AMMONIA HCL RELATIVE ADD TOGETHER ATOMIC ATOMS PRESENT PAST
"Calculation of relative molecular mass – Solved examples: Example 1: Relative molecular mass of sulphuric acid (H2SO4) is calculated as follows: Sulphuric acid conatins 2 atoms of hydrogen, 1 atom of sulphur and 4 atoms of oxygen.",ACID OXYGEN CONATIN CALCULATION RELATIVE MOLECULAR MASS SOLVE EXAMPLES EXAMPLE SULPHURIC CALCULATE FOLLOW CONATINS ATOMS HYDROGEN ATOM SULPHUR PAST PRESENT
"Therefore, Relative molecular mass of sulphuric acid = (2 × mass of hydrogen) + (1 × mass of sulphur) + (4 × mass of oxygen) = (2 × 1) + (1 × 32) + (4 × 16) = 98 i.e., one molecule of H2SO4 is 98 times as heavy as 1 12th of the mass of a carbon –12.",THEREFORE RELATIVE MOLECULAR MASS SULPHURIC ACID HYDROGEN SULPHUR OXYGEN ONE MOLECULE TIME AS HEAVY CARBON
Example 2: Relative molecular mass of water (H2O) is calculated as follows: A water molecule is made of 2 atoms of hydrogen and one atom of oxygen.,MOLECULE OXYGEN MAKE EXAMPLE RELATIVE MOLECULAR MASS WATER CALCULATE FOLLOW ATOMS HYDROGEN ONE ATOM PAST PRESENT
"So, the relative molecular mass of water = (2 × mass of hydrogen) + (1 × mass of oxygen) = (2 × 1) + (1 × 16) = 18 i.e., one molecule of H2O is 18 times as heavy as 1 12th of the mass of a carbon –12. 7.3 DIFFERENCE BETWEEN ATOMS AND MOLECULES Even though atoms are the basic components of molecules, they differ in many aspects when compared to the molecules.",THEY MOLECULE DIFFER RELATIVE MOLECULAR MASS WATER HYDROGEN OXYGEN ONE TIME AS HEAVY CARBON DIFFERENCE ATOMS MOLECULES EVEN BASIC COMPONENTS MANY ASPECTS COMPARE PRESENT PAST
Table 7.5 consolidates the major difference between atoms and molecules.,TABLE ATOM CONSOLIDATE MAJOR DIFFERENCE ATOMS MOLECULES PRESENT
Table 7.5 Difference between atoms and molecules Atom Molecule An atom is the smallest particle of an element A molecule is the smallest particle of an element or compound.,TABLE DIFFERENCE ATOMS MOLECULES ATOM MOLECULE SMALLEST PARTICLE ELEMENT COMPOUND
"Atom does not exist in free state except in noble gas Molecule exists in a free a state Except some of noble gas, other atoms are highly reactive Molecules are less reactive Atom does not have a chemical bond Atoms in a molecule are held by chemical bonds 7.4 MOLE CONCEPT So far we discussed about matters in terms of individual atoms and molecules.",WE ATOM DISCUSS EXIST FREE STATE NOBLE GAS MOLECULE OTHER ATOMS HIGHLY REACTIVE MOLECULES LESS CHEMICAL BOND HOLD MOLE CONCEPT FAR MATTER TERM INDIVIDUAL PRESENT PAST NOT
Atomic mass units provide a relative scale for the masses of the elements.,UNIT ELEMENT PROVIDE ATOMIC MASS UNITS RELATIVE SCALE ELEMENTS PRESENT
"Since the atoms have such small masses, no usable scale can be devised to weigh them in the calibrated units of atomic mass units.",SCALE UNIT DEVISE ATOMS SUCH SMALL MASS USABLE WEIGH CALIBRATE UNITS ATOMIC PRESENT PAST NOT
"In any real situation, we deal with macroscopic samples containing enormous number of atoms.",WE ATOM DEAL REAL SITUATION MACROSCOPIC SAMPLE CONTAIN ENORMOUS NUMBER ATOMS PRESENT
"Therefore, it is convenient to have a special unit to describe a very large number of atoms.",THEREFORE CONVENIENT SPECIAL UNIT DESCRIBE VERY LARGE NUMBER ATOMS
The idea of a ‘unit’ to denote a particular number of objects is not new.,IDEA UNIT DENOTE PARTICULAR NUMBER OBJECT NEW NOT
"For example, the pair (2 items) and the dozen (12 items), are all familiar units.",EXAMPLE PAIR ITEMS DOZEN ALL FAMILIAR UNITS
Chemists measure atoms and molecules in ‘moles’.,CHEMISTS MEASURE ATOMS MOLECULES MOLES PRESENT
"So, you can now understand that ‘mole’ denotes a number of particles. 10th_Science_Unit-7.indd 96 12/3/2022 2:51:49 PM 97 Atoms and molecules In the SI system, the mole (mol) is the amount of a substance that contains as many elementary entities (atoms, molecules, or other particles) as there are atoms in exactly 12 g (or 0.012 kg) of the carbon-12 isotope.",THAT ISOTOPE UNDERSTAND NOW MOLE DENOTE NUMBER PARTICLES PM ATOMS MOLECULES SI SYSTEM MOL AMOUNT SUBSTANCE CONTAIN MANY ELEMENTARY ENTITIES OTHER EXACTLY G KG PRESENT
The actual number of atoms in 12 g of carbon-12 is determined experimentally.,NUMBER carbon-12 DETERMINE ACTUAL ATOMS G EXPERIMENTALLY PAST
"This is called Avogadro’s Number (NA), named after an Italian scientist Amedeo Avogadro who proposed its significance.",WHO SIGNIFICANCE CALL AVOGADRO NUMBER NA NAME ITALIAN SCIENTIST AMEDEO PROPOSE PAST
Its value is 6.023 × 10 23.,VALUE
So one mole of a substance contains 6.023 × 10 23 entities.,MOLE ENTITY CONTAIN ONE SUBSTANCE ENTITIES PRESENT
"Thus, 5 moles of oxygen molecules contain 5 × 6.023 ×10 23 molecules.",MOLE × CONTAIN THUS MOLES OXYGEN MOLECULES PRESENT
"Mole Concept: The study of the collection of particles by using mole as the counting unit, in order to express the mass and volume of such unit particles in a bulk of matter is known as mole concept.",MOLE CONCEPT STUDY COLLECTION PARTICLES USE COUNT UNIT ORDER EXPRESS MASS VOLUME SUCH BULK MATTER KNOW PAST
"The number of moles of a substance can be calculated by various means depending on the data available, as follows:  Number of moles of molecules.  Number of moles of atoms.  Number of moles of a gas (Standard molar volume at STP = 22.4 litre).  Number of moles of ions.",NUMBER ION CALCULATE MOLES SUBSTANCE VARIOUS MEAN DEPEND DATA AVAILABLE FOLLOW MOLECULES ATOMS GAS STANDARD MOLAR VOLUME STP LITRE IONS PAST PRESENT
"Note: STP-Standard Temperature and Pressure(273.15 K,1 atm) Mole of atoms: One mole of an element contains 6.023 × 10 23 atoms and it is equal to its gram atomic mass. i.e., one mole of oxygen atom contains 6.023 × 10 23 atoms of oxygen and its gram atomic mass is 16 g.",MOLE OXYGEN CONTAIN NOTE STP STANDARD TEMPERATURE ATM ATOMS ONE ELEMENT EQUAL GRAM ATOMIC MASS ATOM PRESENT
"Mole of molecules: One mole of matter contains 6.023 × 10 23 molecules and it is equal to its gram molecular mass. i.e., one mole of oxygen molecule contains 6.023 × 10 23 molecules of oxygen and its gram molecular mass is 32 g.",MASS OXYGEN CONTAIN MOLE MOLECULES ONE MATTER EQUAL GRAM MOLECULAR MOLECULE PRESENT
Molar volume: One mole of any gas occupies 22.4 litre or 22400 ml at S.T.P.,MOLAR VOLUME ONE MOLE GAS OCCUPY LITRE ML PRESENT
This volume is called as molar volume.,VOLUME CALL MOLAR PAST
Calculation of number of moles by Different modes Number of moles = Mass / Atomic Mass = Mass / Molecular mass = Number of Atoms / 6.023 × 10 23 = Number of Molecules / 6.023 × 10 23 98 10 th Standard Science the example of H2O.,CALCULATION NUMBER MOLES DIFFERENT MODES MASS ATOMIC MOLECULAR ATOMS MOLECULES TH STANDARD SCIENCE EXAMPLE
"It can be calculated using the formula Mass % of an element = mass of that element in the compound × 100 molecular mass of the compound Now, molecular mass of H2O = 2(1) + 16 = 18 g Mass % of hydrogen = 2 × 100 18 = 11.11 % Mass % of oxygen = 16 × 100 18 = 88.89 % This percentage composition is useful to determine the empirical formula and molecular formula.",COMPOSITION FORMULA CALCULATE USE MASS ELEMENT COMPOUND MOLECULAR NOW G HYDROGEN OXYGEN PERCENTAGE USEFUL DETERMINE EMPIRICAL PAST PRESENT
Example 1: Find the mass percentage composition of methane (CH4). molecular mass of CH4 = 12 + 4 = 16 g Mass % of carbon = 12 × 100 16 = 75 % Mass % of hydrogen = 4 × 100 16 = 25 % 7.6 AVOGADRO HYPOTHESIS In 1811 Avogadro framed a hypothesis based on the relationship between the number of molecules present in equal volumes of gases in different conditions.,MASS CONDITION FRAME EXAMPLE FIND PERCENTAGE COMPOSITION METHANE MOLECULAR G CARBON HYDROGEN AVOGADRO HYPOTHESIS BASE RELATIONSHIP NUMBER MOLECULES PRESENT EQUAL VOLUMES GAS DIFFERENT PAST
The Avogadro’s law states that “equal volumes of all gases under similar conditions of temperature and pressure contain equal number of molecules” It follows that the volume of any given gas must be proportional to the number of molecules in it.,VOLUME IT FOLLOW AVOGADRO LAW STATE EQUAL VOLUMES GAS SIMILAR CONDITION TEMPERATURE PRESSURE CONTAIN NUMBER MOLECULES GIVE PROPORTIONAL PRESENT PAST
"If ‘V’ is the volume and ‘n’ is the number of molecules of a gas, then Avogadro law is represented, mathematically, as follows: V α n V = constant × n Thus, one litre (1 dm 3) of hydrogen contains the same number of molecules as in one litre of oxygen, i.e. the volume of the gas is directly proportional to the number of molecules of the gas.",VOLUME GAS REPRESENT V NUMBER MOLECULES THEN AVOGADRO LAW MATHEMATICALLY FOLLOW Α N CONSTANT THUS ONE LITRE DM HYDROGEN CONTAIN SAME OXYGEN DIRECTLY PROPORTIONAL PAST PRESENT
Figure 7.4 Avogadro Hypothesis Explanation Let us consider the reaction between hydrogen and chlorine to form hydrogen chloride gas H2(g) + Cl2(g) → 2 HCl(g) 1 vol + 1 vol → 2 volumes According to Avogadro’s law 1 volume of any gas is occupied by “n” number of molecules. n molecules + n molecules → 2n molecules if n = 1 then 1molecule + 1 molecule → 2 molecules. ½ molecule + ½ molecule → 1 molecule 1 molecule of hydrogen chloride gas is made up of ½ molecule of hydrogen and ½ molecule of chlorine.,MOLECULE CHLORINE MAKE FIGURE AVOGADRO HYPOTHESIS EXPLANATION LET CONSIDER REACTION HYDROGEN FORM CHLORIDE GAS VOL VOLUMES ACCORD LAW VOLUME OCCUPY NUMBER MOLECULES N THEN PAST
"Hence, the molecules can be subdivided.",HENCE MOLECULES SUBDIVIDE PAST
This law is in agreement with Dalton’s atomic theory.,LAW AGREEMENT DALTON ATOMIC THEORY
"Activity 7.3 Under same conditions of temperature and pressure if you collect 3 litre of O2, 5 litre of Cl2 and 6 litre of H2, i.",ACTIVITY SAME CONDITION TEMPERATURE PRESSURE COLLECT LITRE PRESENT
Which has the highest number of molecules? ii.,WHICH II HAVE HIGHEST NUMBER MOLECULES PRESENT
Which has the lowest number of molecules? 10th_Science_Unit-7.indd 98 12/3/2022 2:51:49 PM 99 Atoms and molecules 7.7 APPLICATIONS OF AVOGADRO’S LAW i.,WHICH I. HAVE LOWEST NUMBER MOLECULES PM ATOMS APPLICATIONS AVOGADRO LAW PRESENT
It explains Gay-Lussac’s law. ii.,IT LAW EXPLAIN GAY LUSSAC II PRESENT
It helps in the determination of atomicity of gases. iii.,IT GAS HELP DETERMINATION ATOMICITY III PRESENT
Molecular formula of gases can be derived using Avogadro’s law iv.,FORMULA IV DERIVE MOLECULAR GAS USE AVOGADRO LAW PAST
It determines the relation between molecular mass and vapour density. v.,IT DENSITY DETERMINE RELATION MOLECULAR MASS VAPOUR PRESENT
"It helps to determine gram molar volume of all gases (i.e, 22.4 litre at S.T.P) 7.8 RELATIONSHIP BETWEEN VAPOUR DENSITY AND RELATIVE MOLECULAR MASS i.",IT DENSITY HELP DETERMINE GRAM MOLAR VOLUME GAS LITRE RELATIONSHIP VAPOUR RELATIVE MOLECULAR MASS PRESENT
Relative molecular mass: (Hydrogen scale) The Relative Molecular Mass of a gas or vapour is the ratio between the mass of one molecule of the gas or vapour to mass of one atom of Hydrogen. ii.,RELATIVE MOLECULAR MASS HYDROGEN SCALE GAS VAPOUR RATIO ONE MOLECULE ATOM II
"Vapour Density: Vapour density is the ratio of the mass of a certain volume of a gas or vapour, to the mass of an equal volume of hydrogen, measured under the same conditions of temperature and pressure.",VAPOUR DENSITY RATIO MASS CERTAIN VOLUME GAS EQUAL HYDROGEN MEASURE SAME CONDITION TEMPERATURE PRESSURE PAST
Vapour Density (V.D.) = Mass of a given volume of gas or vapour at S.T.P.,VAPOUR DENSITY MASS GIVE VOLUME GAS PAST
"Mass of the same volume of hydrogen According to Avogadro's law, equal volumes of all gases contain equal number of molecules.",VOLUME MOLECULE CONTAIN MASS SAME HYDROGEN ACCORD AVOGADRO LAW EQUAL VOLUMES GAS NUMBER MOLECULES PRESENT
"Thus, let the number of molecules in one volume = n, then V.D. at S.T.P = Mass of ‘n’ molecules of a gas or vapour at S.T.P.",THUS LET NUMBER MOLECULES ONE VOLUME THEN MASS GAS VAPOUR
"Mass of ‘n’ molecules of hydrogen Cancelling 'n' which is common, you get V.D. = Mass of 1 molecule of a gas or vapour at S.T.P.",YOU S-.-T-.-P-. GET MASS MOLECULES HYDROGEN CANCEL COMMON MOLECULE GAS VAPOUR PRESENT
"Mass of 1 molecules of hydrogen However, since hydrogen is diatomic V.D. = Mass of 1 molecule of a gas or vapour at S.T.P.",MASS MOLECULES HYDROGEN HOWEVER DIATOMIC MOLECULE GAS VAPOUR
"Mass of 2 atoms of hydrogen When you compare the formula of vapour density with relative molecular mass, they can be represented as V.D. = Mass of 1 molecule of a gas or vapour at S.T.P. 2 × Mass of 1 atom of hydrogen (Eqn 7.1) Relative molecular mass (hydrogen scale) = Mass of 1 molecule of a gas or vapour at STP Mass of 1 atom of hydrogen (Eqn 7.2) You can therefore substitute the above equation to an Eqn 7.1 and arrive at the following formula V.D. = Relative molecular mass 2 Now on cross multiplication, you have 2 × vapour density = Relative molecular mass of a gas (Or) Relative molecular mass = 2 × Vapour density 7.9 SOLVED PROBLEMS I.",YOU DENSITY HAVE MASS ATOMS HYDROGEN COMPARE FORMULA VAPOUR RELATIVE MOLECULAR REPRESENT MOLECULE GAS ATOM EQN SCALE STP THEREFORE SUBSTITUTE ABOVE EQUATION ARRIVE FOLLOW NOW CROSS MULTIPLICATION SOLVE PROBLEMS PRESENT PAST
"Calculation of molecular mass Calculate the gram molecular mass of the following. 1) H2O 2) CO2 3) Ca3 (PO4)2 Solution: 1) H2O Atomic masses of H = 1, O = 16 10th_Science_Unit-7.indd 99 12/3/2022 2:51:49 PM 100 10 th Standard Science Gram molecular mass of H2O = (1 × 2) + (16 × 1) = 2 + 16 Gram molecular mass of H2O = 18 g 2) CO2 Atomic masses of C = 12, O = 16 Gram molecular mass of CO2 = (12 × 1) + (16 × 2) = 12 + 32 Gram molecular mass of CO2 = 44 g 3) Ca3 (PO4)2 Atomic masses of Ca = 40, P = 30, O = 16.",CALCULATION 40 CALCULATE MOLECULAR MASS GRAM FOLLOW SOLUTION ATOMIC H PM STANDARD SCIENCE C CA P
Gram molecular mass of Ca3 (PO4)2 = (40 × 3) + [30 + (16 × 4)] × 2 = 120 + (94 × 2) = 120 + 188 Gram molecular mass of Ca3(PO4)2 = 308 g II.,MOLECULAR MASS GRAM G II
Calculation based on number of moles from mass and volume 1) Calculate the number of moles in 46 g of sodium?,CALCULATION SODIUM CALCULATE BASE NUMBER MOLES MASS VOLUME G PAST PRESENT QUESTION
Number of moles = Mass of the element Atomic mass of the ele- ment = 46 / 23 = 2 moles of sodium 2) 5.6 litre of oxygen at S.T.P Number moles = Given volume of O2 at S.T.P Molar volume at S.T.P Number of moles of oxygen = 5.6 22.4 = 0.25 mole of oxygen 3) Calculate the number of moles of a sample that contains 12.046 × 10 23 atoms of iron ?,THAT IRON CALCULATE NUMBER MOLES MASS ELEMENT ATOMIC MENT SODIUM LITRE OXYGEN GIVE VOLUME MOLAR MOLE SAMPLE CONTAIN ATOMS PAST PRESENT QUESTION
Number of moles = Number of atoms of iron Avogadro’s number = 12.046 × 10 23 / 6.023 × 10 23 = 2 moles of iron III.,NUMBER MOLES ATOMS IRON AVOGADRO III
"Calculation of mass from mole Calculate the mass of the following 1) 0.3 mole of aluminium (Atomic mass of Al = 27) Number of moles = Mass of Al Atomic mass of Al Mass = No. of moles × atomic mass So, mass of Al = 0.3 × 27 = 8.1 g 2) 2.24 litre of SO2 gas at S.T.P Molecular mass of SO2 = 32 + (16 × 2) = 32 + 32 = 64 Number of moles of SO2 = Given volume of SO2 at S.T.P Molar volume SO2 at S.T.P Number of moles of SO2 = 2.24 22.4 = 0.1 mole Number of moles = Mass Molecular mass Mass = No. of moles × molecular mass Mass = 0.1 × 64 Mass of SO2 = 6.4 g 3) 1.51 × 10 23 molecules of water Molecular mass of H2O = 18 Number of moles = Number of molecules of water Avogadro’s number = 1.51 × 10 23 / 6.023 × 10 23 = 1 / 4 = 0.25 mole Number of moles = Mass Molecular mass 0.25 = mass / 18 Mass = 0.25 × 18 Mass = 4.5 g 4) 5 × 10 23 molecules of glucose ?",MOLECULAR GLUCOSE MASS CALCULATION MOLE CALCULATE FOLLOW ALUMINIUM ATOMIC AL NUMBER MOLES NO LITRE GAS GIVE VOLUME MOLAR MOLECULES WATER AVOGADRO PAST NOT QUESTION
Molecular mass of glucose = 180 10th_Science_Unit-7.indd 100 12/3/2022 2:51:50 PM 101 Atoms and molecules Mass of glucose = Molecular mass × number of particles Avogadro’s number = (180 × 5 × 10 23) / 6.023 × 10 23 = 149.43 g IV.,MOLECULAR MASS GLUCOSE PM ATOMS MOLECULES NUMBER PARTICLES AVOGADRO G IV
Calculation based on number of atoms/ molecules. 1) Calculate the number of molecules in 11.2 litre of CO2 at S.T.P Number of moles of CO2 = Volume at S.T.P Molar volume = 11.2 / 22.4 = 0.5 mole Number of molecules of CO2 = number of moles of CO2 × Avogadro’s number = 0.5 × 6.023 × 10 23 = 3.011 × 10 23 molecules of CO2 2) Calculate the number of atoms present in 1 gram of gold (Atomic mass of Au = 198) Number of atoms of Au = Mass of Au × Avogadro’s number Atomic mass of Au Number of atoms of Au = 1 × 6.023 × 10 23 198 Number of atoms of Au = 3.042 × 10 21 g 3) Calculate the number of molecules in 54 gm of H2O?,MASS H-2-O CALCULATE CALCULATION BASE NUMBER MOLECULES LITRE MOLES VOLUME MOLAR MOLE AVOGADRO ATOMS PRESENT GRAM GOLD ATOMIC AU GM PAST QUESTION
Number of molecules = (Avogadro number × Given mass) Gram molecular mass Number of molecules of water = 6.023 × 10 23 × 54 / 18 = 18.069 × 10 23 molecules 4) Calculate the number of atoms of oxygen and carbon in 5 moles of CO2. • 1 mole of CO2 contains 2 moles of oxygen • 5 moles of CO2 contain 10 moles of oxygen Number of atoms of oxygen = Number of moles of oxygen × Avogadro’s number = 10 × 6.023 × 10 23 = 6.023 × 10 24 atoms of Oxygen • 1 mole of CO2 contains 1 mole of carbon • 5 moles of CO2 contains 5 moles of carbon No. of atoms of carbon = No.of moles of carbon × Avogadro’s number = 5 × 6.023 × 10 23 = 3.011 × 10 24 atoms of Carbon V.,MOLE V. CONTAIN NUMBER MOLECULES AVOGADRO GIVE MASS GRAM MOLECULAR WATER CALCULATE ATOMS OXYGEN CARBON MOLES NO PAST PRESENT NOT
Calculation based on molar volume Calculate the volume occupied by: 1) 2.5 mole of CO2 at S.T.P Number of moles of CO2 = Given volume at S.T.P Molar volume at S.T.P 2.5 mole of CO2 = Volume of CO2 at S.T.P 22.4 Volume of CO2 at S.T.P = 22.4 × 2.5 = 56 litres. 2) 12.046 × 10 23 of ammonia gas molecules Number of moles = Number of molecules Avogadro’s number = 12.046 × 10 23 / 6.023 × 10 23 = 2 moles Volume occupied by NH3 = number of moles × molar volume = 2 × 22.4 = 44.8 litres at S.T.P 3) 14 g nitrogen gas Number of moles = 14 / 28 = 0.5 mole Volume occupied by N2 at S.T.P = no. of moles × molar volume = 0.5 × 22.4 = 11.2 litres. 10th_Science_Unit-7.indd 101 12/3/2022 2:51:50 PM 102 10 th Standard Science VI.,CALCULATION MOLE CALCULATE BASE MOLAR VOLUME OCCUPY NUMBER MOLES GIVE LITRES AMMONIA GAS MOLECULES AVOGADRO G NITROGEN PM STANDARD SCIENCE VI PAST PRESENT NOT
"Calculation based on % composition Calculate % of S in H2SO4 molecular mass of H2SO4 = (1 × 2) + (32 × 1) + (16 × 4) = 2 + 32 + 64 = 98 g % of S in H2SO4 = Mass of sulphur × 100 Molecular mass of H2SO4 % of S in H2SO4 = 32 × 100 98 = 32.65 % Points to Remember  Two or more forms of an element having the same atomic number, but different mass number are called Isotopes (17Cl 35, 17Cl 37).  Atoms of different elements having the same mass number, but different atomic numbers are called Isobars (18Ar 40, 20Ca 40).  Atoms of different elements having the same number of neutrons, but different atomic number and different mass number are called Isotones ( 6C 13, 7N 14 ).  Relative atomic mass of an element is the ratio between the mass of one atom of the element to 1/12th of the mass of the atom of carbon -12.  Average atomic mass of an element is calculated by adding the masses of its isotopes, each multiplied by their natural abundance on the Earth.  Relative molecular mass of a molecule is the ratio between the mass of one molecule of the substance to 1/12th of the mass of the atom of carbon – 12.  The Avogadro’s law states that “equal volumes of all gases under similar conditions of temperature and pressure contain equal number of molecules”.  The vapour density is defined as “the ratio between the masses of equal volumes of a gas (or a vapour) and hydrogen under the same condition”.  Atomicity of a monoatomic element = Molecular mass / Atomic Mass.  Molecular mass = 2 × Vapour density.",DENSITY ELEMENT DEFINE CALCULATION BASE COMPOSITION CALCULATE S MOLECULAR MASS G SULPHUR POINT REMEMBER TWO MORE FORM HAVE SAME ATOMIC NUMBER DIFFERENT CALL ISOTOPES ATOMS ELEMENTS ISOBARS NEUTRONS ISOTONES RELATIVE RATIO ONE ATOM CARBON AVERAGE ADD MULTIPLY NATURAL ABUNDANCE EARTH MOLECULE SUBSTANCE AVOGADRO LAW STATE EQUAL VOLUMES GAS SIMILAR CONDITION TEMPERATURE PRESSURE CONTAIN MOLECULES VAPOUR HYDROGEN ATOMICITY MONOATOMIC PAST PRESENT
TEXTBOOK EVALUATION I.,TEXTBOOK EVALUATION
Choose the best answer. 1.,CHOOSE BEST ANSWER
Which of the following has the smallest mass? a. 6.023 × 10 23 atoms of He b. 1 atom of He c. 2 g of He d. 1 mole atoms of He 2.,WHICH HE HAVE FOLLOW SMALLEST MASS ATOMS ATOM G MOLE PRESENT
Which of the following is a triatomic molecule? a.,FOLLOW TRIATOMIC MOLECULE
Glucose b.,GLUCOSE
Helium c.,HELIUM
Carbon dioxide d.,CARBON DIOXIDE
Hydrogen 3.,HYDROGEN
The volume occupied by 4.4 g of CO2 at S.T.P a. 22.4 litre b. 2.24 litre c. 0.24 litre d. 0.1 litre 4.,VOLUME OCCUPY G LITRE PAST
Mass of 1 mole of Nitrogen atom is a. 28 amu b. 14 amu c. 28 g d. 14 g 5.,MASS MOLE NITROGEN ATOM AMU G
Which of the following represents 1 amu? a.,WHICH AMU REPRESENT FOLLOW PRESENT
Mass of a C – 12 atom b.,MASS C ATOM
Mass of a hydrogen atom c. 1/12 th of the mass of a C – 12 atom d.,MASS HYDROGEN ATOM C
Mass of O – 16 atom 10th_Science_Unit-7.indd 102 12/3/2022 2:51:50 PM 103 Atoms and molecules 6.,MASS O ATOM PM ATOMS MOLECULES
Which of the following statement is incorrect? a. 12 gram of C – 12 contains Avogadro’s number of atoms. b.,12 ATOM CONTAIN FOLLOW STATEMENT INCORRECT GRAM C AVOGADRO NUMBER ATOMS PRESENT
One mole of oxygen gas contains Avogadro’s number of molecules. c.,MOLE MOLECULE CONTAIN ONE OXYGEN GAS AVOGADRO NUMBER MOLECULES PRESENT
One mole of hydrogen gas contains Avogadro’s number of atoms. d.,MOLE ATOM CONTAIN ONE HYDROGEN GAS AVOGADRO NUMBER ATOMS PRESENT
One mole of electrons stands for 6.023 × 10 23 electrons. 7.,MOLE ELECTRON STAND ONE ELECTRONS PRESENT
The volume occupied by 1 mole of a diatomic gas at S.T.P is a. 11.2 litre b. 5.6 litre c. 22.4 litre d. 44.8 litre 8.,VOLUME OCCUPY MOLE DIATOMIC GAS LITRE PAST
"In the nucleus of 20Ca 40, there are a. 20 protons and 40 neutrons b. 20 protons and 20 neutrons c. 20 protons and 40 electrons d. 40 protons and 20 electrons 9.",NUCLEUS PROTONS NEUTRONS ELECTRONS PRESENT
The gram molecular mass of oxygen molecule is a. 16 g b. 18 g c. 32 g d. 17 g 10. 1 mole of any substance contains ____ molecules. a. 6.023 × 10 23 b. 6.023 × 10 -23 c. 3.0115 × 10 23 d. 12.046 × 10 23 II.,MOLE MOLECULES CONTAIN GRAM MOLECULAR MASS OXYGEN MOLECULE G SUBSTANCE II PRESENT
Fill in the blanks 1.,FILL BLANK
"Atoms of different elements having _______ mass number, but ________ atomic numbers are called isobars. 2.",NUMBER _ CALL ATOMS DIFFERENT ELEMENTS HAVE MASS ATOMIC ISOBARS PAST
Atoms of one element can be transmuted into atoms of other element by ________ 3.,ATOM _ TRANSMUTE ATOMS ONE ELEMENT OTHER PAST
The sum of the numbers of protons and neutrons of an atom is called its __________ 4.,SUM ATOM CALL NUMBER PROTONS NEUTRONS PAST
Relative atomic mass is otherwise known as __________ 5.,MASS 5 KNOW RELATIVE ATOMIC OTHERWISE PAST
The average atomic mass of hydrogen is ___________ amu. 6.,AVERAGE ATOMIC MASS HYDROGEN AMU
"If a molecule is made of similar kind of atoms, then it is called ____________ atomic molecule. 7.",IT ATOM CALL MOLECULE MAKE SIMILAR KIND ATOMS THEN ATOMIC PAST
The number of atoms present in a molecule is called its ____________ 8.,NUMBER MOLECULE CALL ATOMS PRESENT PAST
One mole of any gas occupies ________ ml at S.T.P 9.,ONE MOLE GAS OCCUPY ML
Atomicity of phosphorous is ___________ III.,ATOMICITY PHOSPHOROUS III
Match the following 1. 8 g of O2 - 4 moles 2. 4 g of H2 - 0.25 moles 3. 52 g of He - 2 moles 4. 112 g of N2 - 0.5 moles 5. 35.5 g of Cl2 - 13 moles IV.,MATCH FOLLOW G MOLES HE IV
True or False: (If false give the correct statement) 1.,TRUE FALSE GIVE CORRECT STATEMENT
Two elements sometimes can form more than one compound. 2.,ELEMENT COMPOUND FORM TWO ELEMENTS SOMETIMES MORE ONE OCCASIONAL
Noble gases are Diatomic 3.,NOBLE GAS DIATOMIC
The gram atomic mass of an element has no unit 4. 1 mole of Gold and Silver contain same number of atoms 5.,MOLE ATOM HAVE GRAM ATOMIC MASS ELEMENT UNIT GOLD SILVER CONTAIN SAME NUMBER ATOMS PRESENT NOT
Molar mass of CO2 is 42g.,MOLAR MASS
"Assertion and Reason: Answer the following questions using the data given below: i) A and R are correct, R explains the A. ii) A is correct, R is wrong. iii) A is wrong, R is correct. iv) A and R are correct, R doesn’t explains A. 1.",R II EXPLAIN ASSERTION REASON ANSWER FOLLOW QUESTION USE DATA GIVE BELOW I CORRECT WRONG PAST PRESENT
Assertion: The Relative Atomic mass of aluminium is 27 Reason: An atom of aluminium is 27 times heavier than 1/12th of the mass of the C – 12 atom. 10th_Science_Unit-7.indd 103 12/3/2022 2:51:50 PM 104 10 th Standard Science ii.,ASSERTION RELATIVE ATOMIC MASS ALUMINIUM REASON ATOM TIME HEAVIER C PM TH STANDARD SCIENCE II
Calculate the gram molecular mass of calcium carbonate involved in this reaction iii.,CALCULATE GRAM MOLECULAR MASS CALCIUM CARBONATE INVOLVE REACTION III PAST
How many moles of CO2 are there in this equation?,MANY MOLES THERE EQUATION HOW
IX.,IX
Solve the following problems 1.,SOLVE FOLLOW PROBLEMS
"How many grams are there in the following? i. 2 moles of hydrogen molecule, H2 ii. 3 moles of chlorine molecule, Cl2 iii. 5 moles of sulphur molecule, S8 iv. 4 moles of phosphorous molecule, P4 2.",MANY GRAMS THERE FOLLOW MOLES HYDROGEN MOLECULE II CHLORINE III SULPHUR IV PHOSPHOROUS
"Calculate the % of each element in calcium carbonate. (Atomic mass: C-12, O-16, Ca -40) 3.",CALCULATE ELEMENT CALCIUM CARBONATE ATOMIC MASS CA
"Calculate the % of oxygen in Al2(SO4)3. (Atomic mass: Al-27, O-16, S -32) 4.",CALCULATE OXYGEN ATOMIC MASS S
"Calculate the % relative abundance of B -10 and B -11, if its average atomic mass is 10.804 amu.",MASS B CALCULATE RELATIVE ABUNDANCE AVERAGE ATOMIC AMU
"REFERENCE BOOKS 1) Petrucci, Ralph H et.al.",REFERENCE BOOK PETRUCCI RALPH H
General Chemistry: Principles & Modern Applications (9th Edition).,GENERAL CHEMISTRY PRINCIPLES MODERN APPLICATIONS EDITION
"Upper Saddle River, NJ: Pearson Prentice Hall, 2007.",UPPER SADDLE RIVER NJ PEARSON PRENTICE HALL
Print. 2) Raymond Chang. (2010).,PRINT RAYMOND CHANG
Chemistry.,CHEMISTRY
"New York, NY: The Tata McGraw Hill Companies.",NEW YORK NY TATA MCGRAW HILL COMPANY
Inc. 3) Julia Burdge. (2011).,JULIA BURDGE
Chemistry.,CHEMISTRY
"New York, NY: The Tata McGraw Hill Companies.Inc.",NEW YORK NY TATA MCGRAW HILL COMPANY
INTERNET RESOURCES https://www2.estrellamountain.edu/faculty/ farabee/biobk/BioBookCHEM1.html https://www.toppr.com/guides/chemistry/ atoms-and-molecules/ 2.,INTERNET RESOURCES FARABEE BIOBK ATOMS
Assertion: The Relative Molecular Mass of Chlorine is 35.5 a.m.u.,ASSERTION RELATIVE MOLECULAR MASS CHLORINE
Reason: The natural abundance of Chlorine isotopes are not equal.,REASON NATURAL ABUNDANCE CHLORINE ISOTOPES EQUAL NOT
VI.,VI
Short answer questions 1.,SHORT ANSWER QUESTION PRESENT
Define: Relative atomic mass. 2.,DEFINE RELATIVE ATOMIC MASS
Write the different types of isotopes of oxygen and its percentage abundance. 3.,WRITE DIFFERENT TYPE ISOTOPES OXYGEN PERCENTAGE ABUNDANCE
Define: Atomicity 4.,DEFINE ATOMICITY
Give any two examples for heterodiatomic molecules. 5.,GIVE TWO EXAMPLES HETERODIATOMIC MOLECULES
What is Molar volume of a gas? 6.,MOLAR VOLUME GAS
Find the percentage of nitrogen in ammonia.,FIND PERCENTAGE NITROGEN AMMONIA
VII.,VII
Long answer questions 1.,LONG ANSWER QUESTION
Calculate the number of water molecule present in one drop of water which weighs 0.18 g. 2.,WHICH G. CALCULATE NUMBER WATER MOLECULE PRESENT ONE DROP WEIGH
"N2 + 3 H2 → 2 NH3 (The atomic mass of nitrogen is 14, and that of hydrogen is 1) 1 mole of nitrogen (_______g) + 3 moles of hydrogen ( _________ g) → 2 moles of ammonia ( _________ g) 3.",ATOMIC MASS NITROGEN HYDROGEN MOLE G MOLES AMMONIA
Calculate the number of moles in i) 27g of Al ii) 1.51 × 10 23 molecules of NH4Cl 4.,CALCULATE NUMBER MOLES I G AL II MOLECULES
Give the salient features of “Modern atomic theory”. 5.,GIVE SALIENT FEATURE MODERN ATOMIC THEORY
Derive the relationship between Relative molecular mass and Vapour density.,DERIVE RELATIONSHIP RELATIVE MOLECULAR MASS VAPOUR DENSITY
VIII.,VIII
HOT question 1.,HOT QUESTION
Calcium carbonate is decomposed on heat- ing in the following reaction CaCO3 → CaO + CO2 i.,CARBONATE REACTION DECOMPOSE CALCIUM ING FOLLOW CAO PAST
How many moles of Calcium carbonate are involved in this reaction? 10th_Science_Unit-7.indd 104 12/3/2022 2:51:50 PM 105 Atoms and molecules CONCEPT MAP Atoms and Molecules Atom Atomic Mass Relative Atomic Mass Average Atomic Mass Mole Concept Molecule Molecular Mass Relative Molecular Mass Modern Atomic Theory Avogadro’s Hypothesis Gay-Lussac’s law Atomicity of molecule Determine molecular formula Relation between M.M and V.D Isotopes Isobars Isotones 10th_Science_Unit-7.indd 105 12/3/2022 2:51:50 PM 106 INTRODUCTION The eighteenth and nineteenth centuries witnessed a rapid development in chemistry in all spheres of scientific activities.,CENTURY ACTIVITY WITNESS MANY MOLES CALCIUM CARBONATE INVOLVE REACTION PM ATOMS MOLECULES CONCEPT MAP ATOM ATOMIC MASS RELATIVE AVERAGE MOLE MOLECULE MOLECULAR MODERN THEORY AVOGADRO HYPOTHESIS GAY LUSSAC LAW ATOMICITY DETERMINE FORMULA RELATION ISOTOPES ISOBARS ISOTONES INTRODUCTION EIGHTEENTH NINETEENTH CENTURIES RAPID DEVELOPMENT CHEMISTRY SPHERES SCIENTIFIC ACTIVITIES PAST PRESENT
"By 1860, scientists had already discovered 60 elements and determined their atomic masses.",SCIENTIST MASSE DISCOVER SCIENTISTS ALREADY ELEMENTS DETERMINE ATOMIC MASS PAST
They noticed that some elements had similar properties and hence arranged them into groups.,ELEMENT GROUP NOTICE ELEMENTS SIMILAR PROPERTIES HENCE ARRANGE PAST
"During this period, several new elements were discovered.",ELEMENT PERIOD DISCOVER SEVERAL NEW ELEMENTS PAST
These elements were found to have different properties.,ELEMENT PROPERTY FIND ELEMENTS DIFFERENT PROPERTIES PAST
"It was realized that instead of studying the properties of all these elements individually, it would be more convenient to divide them into groups and periods in such a way that each group contained a certain number of elements (like an array of fruits and vegetables showing orderliness) with similar properties and periods showing a regular gradation.",GROUP GRADATION REALIZE INSTEAD STUDY PROPERTIES ELEMENTS INDIVIDUALLY MORE CONVENIENT DIVIDE PERIODS WAY CONTAIN CERTAIN NUMBER ARRAY FRUIT VEGETABLES SHOW ORDERLINESS SIMILAR REGULAR PAST
"So, scientists made several attempts to arrange elements in a logical way.",SCIENTIST WAY MAKE SCIENTISTS SEVERAL ATTEMPT ARRANGE ELEMENTS LOGICAL PAST
You have studied about all these early attempts of arrangement of elements in standard IX.,YOU IX STUDY EARLY ATTEMPT ARRANGEMENT ELEMENTS STANDARD PAST
"In continuation of the knowledge gained in the topic periodic classification of elements in standard IX with earlier concepts and their subsequent deliberations, you get set to go ahead with the higher order of thinking to enhance your knowledge on the properties of elements.",YOU ELEMENT SET CONTINUATION KNOWLEDGE GAIN TOPIC PERIODIC CLASSIFICATION ELEMENTS STANDARD IX EARLIER CONCEPTS SUBSEQUENT DELIBERATIONS GO AHEAD HIGHER ORDER THINK ENHANCE PROPERTIES PAST
"Learning Objectives After a thorough perusal of this unit, the students will be able to: recognize the basis of the modern periodic law and its development. list the features of groups and periods of the modern periodic table. explain the trend in periodic properties along the periods and groups. distinguish between ores and minerals . list out the types of separation of impurities from the ores. recall the various places of occurrences of minerals in the state of Tamil Nadu. put forth the properties of metals. identify the stages involved in metallurgical processes. think scientifically on alloys and their types. develop an idea on amalgam. understand the reason for corrosion and the methods of its prevention. 107 Periodic Classificaiton of Elements 8.1 MODERN PERIODIC LAW Mendeleev’s periodic table had some discrepancies, which were difficult to overcome.",WHICH DISCREPANCY HAVE LEARN OBJECTIVES THOROUGH PERUSAL UNIT STUDENTS ABLE RECOGNIZE BASIS MODERN PERIODIC LAW DEVELOPMENT LIST FEATURE GROUP PERIODS TABLE EXPLAIN TREND PROPERTIES DISTINGUISH ORES MINERALS TYPE SEPARATION IMPURITIES RECALL VARIOUS PLACE OCCURRENCES STATE TAMIL NADU PUT METAL IDENTIFY STAG INVOLVE METALLURGICAL PROCESS THINK SCIENTIFICALLY ALLOY DEVELOP IDEA AMALGAM UNDERSTAND REASON CORROSION METHODS PREVENTION CLASSIFICAITON ELEMENTS MENDELEEV DISCREPANCIES DIFFICULT OVERCOME PRESENT PAST
"For example, the atomic mass of argon (39.95 amu) is greater than that of potassium (39.10 amu), but argon comes before potassium in the periodic table.",EXAMPLE ATOMIC MASS ARGON AMU GREATER POTASSIUM COME PERIODIC TABLE PRESENT
"If elements were arranged solely according to increasing atomic mass, argon would appear in the position occupied by potassium in our modern periodic table (see in Figure 8.1).",ARGON FIGURE APPEAR ELEMENTS ARRANGE SOLELY ACCORD INCREASE ATOMIC MASS POSITION OCCUPY POTASSIUM MODERN PERIODIC TABLE SEE PAST
"No chemist would place argon, a gas with no tendency to react, in the same group as lithium and sodium,which are two highly reactive metals.",WHICH LITHIUM PLACE CHEMIST ARGON GAS TENDENCY REACT SAME GROUP SODIUM TWO HIGHLY REACTIVE METAL NOT
This kind of discrepancies suggested that some fundamental property other than atomic mass must be the basis of periodicity.,PROPERTY PERIODICITY SUGGEST KIND DISCREPANCIES FUNDAMENTAL OTHER ATOMIC MASS BASIS PAST
"The fundamental property turned out to be the number of protons in an atom’s nucleus, something that could not have been known by Mendeleev and his contemporaries.",THAT MENDELEEV TURN FUNDAMENTAL PROPERTY NUMBER PROTONS ATOM NUCLEUS KNOW CONTEMPORARIES PAST NOT
"Henry Moseley, a British scientist in 1912, discovered a new property of elements called atomic number, which provided a better basis for the periodic arrangement of the elements.",WHICH ELEMENT DISCOVER HENRY MOSELEY BRITISH SCIENTIST NEW PROPERTY ELEMENTS CALL ATOMIC NUMBER PROVIDE BETTER BASIS PERIODIC ARRANGEMENT PAST
It is a well-known fact that atomic number of an element is equal to the number of protons or the number of electrons present in the neutral atom of an element.,WELL KNOW FACT ATOMIC NUMBER ELEMENT EQUAL PROTONS ELECTRONS PRESENT NEUTRAL ATOM PAST
"The periodic law was, therefore, modified to frame a modern periodic law, which states that “The physical and chemical properties of the elements are the periodic functions of their atomic numbers”. 8.2 MODERN PERIODIC TABLE With reference to the modern periodic law, the elements were arranged in the increasing order of their atomic numbers to form the modern periodic table.",ELEMENT TABLE ARRANGE PERIODIC LAW THEREFORE MODIFY FRAME MODERN STATE PHYSICAL CHEMICAL PROPERTIES ELEMENTS FUNCTION ATOMIC NUMBER REFERENCE INCREASE ORDER FORM PAST PRESENT
"The modern periodic table is a tabular arrangement of elements in periods and groups, highlighting the regular repetition of properties of the elements.",MODERN PERIODIC TABLE TABULAR ARRANGEMENT ELEMENTS PERIODS GROUP HIGHLIGHT REGULAR REPETITION PROPERTIES
Figure 8.1 shows the modern periodic table of 118 elements discovered so far.,FIGURE ELEMENT SHOW MODERN PERIODIC TABLE ELEMENTS DISCOVER FAR PRESENT PAST
"As you have studied the features of the modern periodic table in standard IX, here let us confine to the study of the features of periods and groups. 8.2.1 Features of Periods The horizontal rows are called periods.",ROW PERIODS CALL STUDY FEATURE MODERN PERIODIC TABLE STANDARD IX HERE LET CONFINE GROUP HORIZONTAL PAST
There are seven periods in the periodic table.,SEVEN PERIODS PERIODIC TABLE PRESENT
First period (Atomic number 1 and 2): This is the shortest period.,FIRST PERIOD ATOMIC NUMBER SHORTEST
It contains only two elements (Hydrogen and Helium).,IT ELEMENT CONTAIN ONLY TWO ELEMENTS HYDROGEN HELIUM PRESENT
Second period (Atomic number 3 to 10): This is a short period.,SECOND PERIOD ATOMIC NUMBER SHORT
It contains eight elements (Lithium to Neon).,IT NEON CONTAIN EIGHT ELEMENTS LITHIUM PRESENT
Third period (Atomic number 11 to 18): This is also a short period.,THIRD PERIOD ATOMIC NUMBER ALSO SHORT
It contains eight elements (Sodium to Argon).,IT ARGON CONTAIN EIGHT ELEMENTS SODIUM PRESENT
Fourth period (Atomic number 19 to 36): This is a long period.,FOURTH PERIOD ATOMIC NUMBER LONG
It contains eighteen elements (Potassium to Krypton).,IT KRYPTON CONTAIN EIGHTEEN ELEMENTS POTASSIUM PRESENT
This includes 8 representative elements and 10 transition elements.,THIS ELEMENT INCLUDE REPRESENTATIVE ELEMENTS TRANSITION PRESENT
Fifth period (Atomic number 37 to 54): This is also a long period.,FIFTH PERIOD ATOMIC NUMBER ALSO LONG
It contains 18 elements (Rubidium to Xenon).,IT XENON CONTAIN ELEMENTS RUBIDIUM PRESENT
This includes 8 representative elements and 10 transition elements.,THIS ELEMENT INCLUDE REPRESENTATIVE ELEMENTS TRANSITION PRESENT
Sixth period (Atomic number 55 to 86): This is the longest period.,SIXTH PERIOD ATOMIC NUMBER LONGEST
It contains 32 elements (Caesium to Radon).,IT RADON CONTAIN ELEMENTS CAESIUM PRESENT
"This includes 8 representative elements, 10 transition elements and 14 inner transition elements (Lanthanides).",THIS ELEMENT INCLUDE REPRESENTATIVE ELEMENTS TRANSITION INNER LANTHANIDES PRESENT
"Seventh period (Atomic number 87 to 118): Like the sixth period, this period also accommodates 32 elements.",PERIOD ELEMENT ACCOMMODATE SEVENTH ATOMIC NUMBER SIXTH ALSO ELEMENTS PRESENT
Recently 4 elements have been included by IUPAC. 10th_Science_Unit-8.indd 107 12/2/2022 5:07:25 PM 108 10th Standard Science Figure 8.1 Modern Periodic Table *(CAS) Chemical Abstract Service | *(IUPAC) International union of Pure and Applied Chemistry 10th_Science_Unit-8.indd 108 12/2/2022 5:07:28 PM 109 Periodic Classificaiton of Elements 8.2.2 Features of Groups The vertical columns in the periodic table starting from top to bottom are called groups.,FIGURE BOTTOM CALL RECENTLY ELEMENTS INCLUDE IUPAC PM STANDARD SCIENCE MODERN PERIODIC TABLE CAS CHEMICAL ABSTRACT SERVICE INTERNATIONAL UNION PURE APPLY CHEMISTRY CLASSIFICAITON FEATURE GROUP VERTICAL COLUMNS START TOP PAST
There are 18 groups in the periodic table.,GROUP PERIODIC TABLE PRESENT
"Based on the common characteristics of elements in each group, they can be grouped as various families.",THEY FAMILY GROUP BASE COMMON CHARACTERISTICS ELEMENTS VARIOUS FAMILIES PAST
"Group Number Family 1 Alkali Metals 2 Alkaline earth metals 3 to 12 Transition metals 13 Boron Family 14 Carbon Family 15 Nitrogen Family 16 Oxygen Family (or) Chalcogen family 17 Halogens 18 Noble gases The Lanthanides and Actinides, which form part of Group 3 are called inner transition elements.",WHICH GROUP CALL NUMBER FAMILY ALKALI METAL ALKALINE EARTH TRANSITION BORON CARBON NITROGEN OXYGEN CHALCOGEN HALOGENS NOBLE GAS LANTHANIDES ACTINIDES FORM PART INNER ELEMENTS PRESENT PAST
"Except 'group 18', all the elements present in each group have the same number of electrons in their valence shell and thus have the same valency.",ELEMENT VALENCY HAVE GROUP ELEMENTS PRESENT SAME NUMBER ELECTRONS VALENCE SHELL THUS
"For example, all the elements of group 1 have one electron in their valence shells (1s1).",ELEMENT SHELL HAVE EXAMPLE ELEMENTS GROUP ONE ELECTRON VALENCE PRESENT
"So, the valency of all the alkali metals is ‘1’.",VALENCY ALKALI METAL
"As the elements present in a group have identical valence shell electronic configurations, they possess similar chemical properties.",THEY PROPERTY POSSESS ELEMENTS PRESENT GROUP IDENTICAL VALENCE SHELL ELECTRONIC CONFIGURATIONS SIMILAR CHEMICAL PROPERTIES
"The physical properties of the elements in a group such as melting point, boiling point and density vary gradually.",POINT VARY PHYSICAL PROPERTIES ELEMENTS GROUP SUCH MELT BOIL DENSITY GRADUALLY PRESENT
The atoms of the 'group 18' elements have stable electronic configuration in their valence shells and hence they are unreactive. 8.3 PERIODIC TRENDS IN PROPERTIES The electronic conﬁgurations of elements help us to explain the periodic recurrence of physical and chemical properties.,WE PROPERTY HELP ATOMS GROUP ELEMENTS STABLE ELECTRONIC CONFIGURATION VALENCE SHELL HENCE UNREACTIVE PERIODIC TREND PROPERTIES CONFIGURATIONS EXPLAIN RECURRENCE PHYSICAL CHEMICAL PRESENT
Anything which repeats itself after a regular interval is called periodic and this behaviour is called periodicity.,BEHAVIOUR INTERVAL CALL REPEAT REGULAR PERIODIC PERIODICITY PRESENT PAST
Some of the atomic properties of the elements are periodic.,ATOMIC PROPERTIES ELEMENTS PERIODIC
"Properties such as atomic radius, ionic radius, ionisation energy, electronegativity, electron affinity, show a regular periodicity and hence they are called periodic properties.",THEY PERIODICITY SHOW PROPERTIES SUCH ATOMIC RADIUS IONIC IONISATION ENERGY ELECTRONEGATIVITY ELECTRON AFFINITY REGULAR HENCE CALL PERIODIC PRESENT PAST
"The main significance of the modern periodic table is that it gives a clear understanding of the general properties and trends within a group or a period to predict with considerable accuracy, the properties of any element, even though that element may be unfamiliar to us.",MAIN SIGNIFICANCE MODERN PERIODIC TABLE GIVE CLEAR UNDERSTAND GENERAL PROPERTIES TREND GROUP PERIOD PREDICT CONSIDERABLE ACCURACY ELEMENT EVEN UNFAMILIAR PRESENT
Let us discuss the periodic trend of some of the properties. 8.3.1 Atomic Radius Atomic radius of an atom is defined as the distance between the centre of its nucleus and the outermost shell containing the valence electron.,RADIUS ELECTRON DEFINE LET DISCUSS PERIODIC TREND PROPERTIES ATOMIC ATOM DISTANCE CENTRE NUCLEUS OUTERMOST SHELL CONTAIN VALENCE PAST
Direct measurement of the radius of an isolated atom is not possible.,DIRECT MEASUREMENT RADIUS ISOLATE ATOM POSSIBLE NOT
"Except for noble gases, usually the atomic radius is referred to as covalent radius or metallic radius depending on the nature of the bonding between the concerned atoms.",RADIUS ATOM REFER NOBLE GAS USUALLY ATOMIC COVALENT METALLIC DEPEND NATURE BOND CONCERN ATOMS HABITUAL PAST
Atomic radius in metal atoms is known as metallic radius.,RADIUS KNOW ATOMIC METAL ATOMS METALLIC PAST
It is defined as half the distance between the nuclei of adjacent metal atoms (Figure 8.2 Figure 8.2 (a) Metallic Radius (b) Covalent Radius (a) (b) 10th_Science_Unit-8.indd 109 12/2/2022 5:07:28 PM 110 10th Standard Science (a)).,IT RADIUS DEFINE DISTANCE NUCLEI ADJACENT METAL ATOMS FIGURE METALLIC B COVALENT PM STANDARD SCIENCE PAST
"In non-metallic elements, their atomic radius is known as Covalent radius.",RADIUS KNOW NON METALLIC ELEMENTS ATOMIC COVALENT PAST
It is defined as half the distance between the adjacent nuclei of two covalently bonded atoms of the same element in a molecule (Figure 8.2 (b)).,IT MOLECULE DEFINE DISTANCE ADJACENT NUCLEI TWO COVALENTLY BOND ATOMS SAME ELEMENT FIGURE B PAST
"For example, let us consider H2 molecule.",WE MOLECULE LET EXAMPLE CONSIDER
The distance between the two hydrogen nuclei of the molecule is 0.74 Å.,DISTANCE TWO HYDROGEN NUCLEI MOLECULE
So its covalent radius is 0.74/2 = 0.37 Å.,COVALENT RADIUS
"When you look at the variation of the atomic radii in the periodic table, there are two distinct trends.",YOU TABLE BE LOOK VARIATION ATOMIC RADII PERIODIC TWO DISTINCT TREND PRESENT
"Along the period, from left to right, the atomic radius of the elements decreases whereas along the groups, from the top to bottom, the atomic radius increases.",PERIOD LEAVE RIGHT ATOMIC RADIUS ELEMENTS DECREASE WHEREAS GROUP TOP BOTTOM INCREASE PRESENT
"The increase, down a group, is due to the increase in the valence shell number down the group.",INCREASE GROUP DUE VALENCE SHELL NUMBER
"As the shell number increases, the distance between the valence shell and the nucleus increases.",SHELL NUMBER INCREASE DISTANCE VALENCE NUCLEUS PRESENT
"In contrast, when you observe along the period, the shell number remains the same but the number of protons (i.e. atomic number) increases.",NUMBER PROTON REMAIN CONTRAST OBSERVE PERIOD SHELL SAME PROTONS ATOMIC INCREASE PRESENT
"More and more positive charges impose a strong attraction over the electrons and thus the electron cloud shrinks towards the nucleus, which results in the decrease in the atomic size.",WHICH SIZE IMPOSE MORE POSITIVE CHARGE STRONG ATTRACTION ELECTRONS THUS ELECTRON CLOUD SHRINK NUCLEUS RESULT DECREASE ATOMIC PRESENT
Figure 8.4 shows how the atomic radius decreases from lithium to boron.,RADIUS BORON SHOW FIGURE ATOMIC DECREASE LITHIUM PRESENT
Figure 8.4 Variation of atomic radius 8.3.2 Ionic Radii It is defined as the distance from the centre of the nucleus of the ion upto the point where it exerts its influence on the electron cloud of Figure 8.3 Atomic radius H H Atomic radius of Hydrogen the ion.,IT HYDROGEN DEFINE FIGURE VARIATION ATOMIC RADIUS IONIC RADII DISTANCE CENTRE NUCLEUS ION UPTO POINT EXERT INFLUENCE ELECTRON CLOUD H PAST PRESENT
You know that ions are formed when an atom lose or gain electrons.,ATOM ELECTRON KNOW IONS FORM LOSE GAIN ELECTRONS PRESENT PAST
"When a neutral atom loses an electron, it becomes a positively charged ion called cation, whereas the gain of an electron by a neutral atom forms a negatively charged ion called anion.",IT FORM BECOME NEUTRAL ATOM LOSE ELECTRON POSITIVELY CHARGE ION CALL CATION GAIN NEGATIVELY ANION PRESENT PAST
The size of the ions is important to determine their behaviours in solutions and the structure of ionic solids.,SIZE IONS IMPORTANT DETERMINE BEHAVIOURS SOLUTIONS STRUCTURE IONIC SOLIDS
The size of a cation is always smaller than its corresponding neutral atom.,SIZE CATION ALWAYS SMALLER CORRESPOND NEUTRAL ATOM HABITUAL
"But, the anion is larger than its neutral atom.",ANION LARGER NEUTRAL ATOM
"Note: As the positive charge increases the size of the cation decreases As the negative charge increases the size of the anion increases For instance, lithium and sodium lose the single electron from their outermost energy level to form cations.",NOTE POSITIVE CHARGE INCREASE SIZE CATION DECREASE NEGATIVE ANION INSTANCE LITHIUM SODIUM LOSE SINGLE ELECTRON OUTERMOST ENERGY LEVEL FORM CATIONS PRESENT
The ions so formed are smaller because the remaining electrons are at a inner cells and attracted more strongly by the nucleus.,IONS FORM SMALLER REMAIN ELECTRONS INNER CELLS ATTRACT MORE STRONGLY NUCLEUS PAST
Fluorine and chlorine become negative ions by gaining an electron.,FLUORINE ELECTRON BECOME CHLORINE NEGATIVE IONS GAIN PRESENT
"When electrons are added, the charge on the nucleus is not great enough to hold the increased number of electrons as closely as it holds the electrons in the neutral atom.",ELECTRONS ADD CHARGE NUCLEUS GREAT ENOUGH HOLD INCREASE NUMBER AS CLOSELY NEUTRAL ATOM PAST PRESENT NOT
"So, as seen in atomic radius, ionic radii also decrease along the period from left to right and increase down the group. 8.3.3 Ionisation Energy Ionisation energy is the minimum energy required to remove an electron from Li 156 90 69 119 186 116 91 Radii in Picometers 167 Li+ F F– Na Na+ Cl Cl– Figure 8.5 Relative ionic radii of cation and anion 10th_Science_Unit-8.indd 110 12/2/2022 5:07:29 PM 111 Periodic Classificaiton of Elements an isolated gaseous atom in its ground state to form a cation.",ENERGY CATION DECREASE SEE ATOMIC RADIUS IONIC RADII ALSO PERIOD LEAVE RIGHT INCREASE GROUP IONISATION MINIMUM REQUIRE REMOVE ELECTRON LI PICOMETERS F NA CL FIGURE RELATIVE ANION PM PERIODIC CLASSIFICAITON ELEMENTS ISOLATE GASEOUS ATOM GRIND STATE FORM PAST PRESENT
It is otherwise called ionisation enthalpy.,OTHERWISE CALL IONISATION ENTHALPY PAST
It is measured in kJ/mol.,IT KJ MEASURE MOL PAST
"Higher the ionisation energy, it is more difficult to remove the electron.",HIGHER IONISATION ENERGY MORE DIFFICULT REMOVE ELECTRON
"As the atomic size decreases from left to right in a period, more energy is required to remove the electrons.",ENERGY ELECTRON REQUIRE ATOMIC SIZE DECREASE LEAVE RIGHT PERIOD MORE REMOVE ELECTRONS PRESENT PAST
"So, the ionisation energy increases along the period.",IONISATION ENERGY INCREASE PERIOD
"But, down the group, the atomic size increases and hence the valence electrons are loosely bound.",GROUP ATOMIC SIZE INCREASE HENCE VALENCE ELECTRONS LOOSELY BIND
They require relatively less energy for the removal.,THEY REMOVAL REQUIRE RELATIVELY LESS ENERGY PRESENT
"Thus, ionisation energy decreases down the group in the periodic table. 8.3.4 Electron Affinity Electron affinity is the amount of energy released when an isolated gaseous atom gains an electron to form its anion.",AFFINITY ANION DECREASE THUS IONISATION ENERGY GROUP PERIODIC TABLE ELECTRON AMOUNT RELEASE ISOLATE GASEOUS ATOM GAIN FORM PRESENT PAST
"It is also measured in kJ/mol and represented by the following equation: A(g) + e– → A– (g) + Energy Cl(g) + e– → Cl– (g) + energy Like ionisation energy, electron affinity also increases from left to right in a period and decreases from top to bottom in a group.",AFFINITY GROUP MEASURE ALSO KJ MOL REPRESENT FOLLOW EQUATION G ENERGY E CL IONISATION ELECTRON INCREASE LEAVE RIGHT PERIOD DECREASE TOP BOTTOM PAST PRESENT
More to Know Noble gases show no tendency to accept electrons because the outer s and p orbitals of noble gases are completely filled.,OUTER GAS SHOW MORE KNOW NOBLE TENDENCY ACCEPT ELECTRONS P ORBITALS COMPLETELY FILL PRESENT PAST NOT
No more electrons can be added to them and hence their electron affinities are zero. 8.3.5 Electronegativity Electronegativity of an element is the measure of the tendency of its atom to attract the shared pair of electrons towards itself in a covalent bond.,ELECTRONEGATIVITY BOND ADD MORE ELECTRONS HENCE ELECTRON AFFINITIES ZERO ELEMENT MEASURE TENDENCY ATOM ATTRACT SHARE PAIR COVALENT PAST NOT
Let us consider HCl molecule.,LET CONSIDER HCL MOLECULE
Both the hydrogen and chlorine atoms share one electron each to form the covalent bond between them. chlorine atom has a higher electronegativity and hence it pulls the shared electrons towards itself more strongly than hydrogen.,IT HYDROGEN HAVE CHLORINE ATOMS SHARE ONE ELECTRON FORM COVALENT BOND ATOM HIGHER ELECTRONEGATIVITY HENCE PULL ELECTRONS MORE STRONGLY PRESENT PAST
"Thus, when the bond breaks, the bonding electrons are left with chlorine forming H+ and Cl– ions.",ELECTRON CHLORINE LEAVE THUS BOND BREAK ELECTRONS FORM CL IONS PRESENT PAST
"It is represented, diagrammatically, as shown below: H Cl Elctron Transferred Cl H Weak Pull + – Strong Pull Figure 8.6 Relative electronegativity of H and Cl Electronegativity is based on various experimental data such as bond energy, ionization potential, electron affinity, etc.",TRANSFER ENERGY BASE REPRESENT DIAGRAMMATICALLY SHOW BELOW H CL ELCTRON WEAK PULL STRONG FIGURE RELATIVE ELECTRONEGATIVITY VARIOUS EXPERIMENTAL DATA SUCH BOND IONIZATION POTENTIAL ELECTRON AFFINITY PAST
"Pauling scale is the widely used scale to determine the electronegativity, which in turn predicts the nature of bonding (ionic or covalent) between the atoms in a molecule.",PAULING SCALE WIDELY USE DETERMINE ELECTRONEGATIVITY TURN PREDICT NATURE BOND IONIC COVALENT ATOMS MOLECULE PAST PRESENT
"Electronegativity of some of the elements are given below F = 4.0, Cl = 3.0, Br = 2.8, I = 2.5, H = 2.1, Na = 1 If the difference in electronegativity between two elements is 1.7, the bond has 50% ionic character and 50% covalent character.",BOND CHARACTER HAVE ELECTRONEGATIVITY ELEMENTS GIVE F CL BR H NA DIFFERENCE TWO IONIC COVALENT PAST PRESENT
"If the difference is less than 1.7, the bond is considered to be more covalent.",DIFFERENCE LESS BOND CONSIDER MORE COVALENT PAST
"If the difference is greater than 1.7, the bond is considered to be more ionic.",BOND 1-.-7 CONSIDER DIFFERENCE GREATER MORE IONIC PAST
"Along the period, from left to right in the periodic table, the electronegativity increases because of the increase in the nuclear charge which in turn attracts the electrons more strongly.",PERIOD LEAVE RIGHT PERIODIC TABLE ELECTRONEGATIVITY INCREASE NUCLEAR CHARGE TURN ATTRACT ELECTRONS MORE STRONGLY PRESENT
"On moving down a group, the electronegativity of the elements decreases because of the increased number of valence shells. 10th_Science_Unit-8.indd 111 12/2/2022 5:07:29 PM 112 10th Standard Science Periodic Property In Periods In Groups Atomic radius Decreases Increases Ionic radius Decreases Increases Ionisation energy Increases Decreases Electron affinity Increases Decreases Electronegativity Increases Decreases Test yourself Predict the nature of the bond in the following molecules. (i) NaCl (ii) NaBr (iii) NaI (iv) NaF (v) NaH 8.4 METALLURGY Human life is associated with various metals.",NAI METAL ASSOCIATE MOVE GROUP ELECTRONEGATIVITY ELEMENTS DECREASE INCREASE NUMBER VALENCE SHELL PM STANDARD SCIENCE PERIODIC PROPERTY PERIODS ATOMIC RADIUS IONIC IONISATION ENERGY ELECTRON AFFINITY TEST PREDICT NATURE BOND FOLLOW MOLECULES I NACL II NABR III IV NAF V NAH METALLURGY HUMAN LIFE VARIOUS PRESENT PAST
We use metals in our day to day activities.,WE ACTIVITY USE METAL DAY ACTIVITIES PRESENT
"It is the utmost need to have some metals like sodium, potassium, calcium, iron, etc. in the human body.",UTMOST NEED METAL SODIUM POTASSIUM CALCIUM IRON HUMAN BODY
Deficiency of these metals affects the metabolic activities thereby causing diseases.,DEFICIENCY DISEASE AFFECT METAL METABOLIC ACTIVITIES THEREBY CAUSE DISEASES PRESENT
"So, metals play a vital role in our life.",METAL LIFE PLAY VITAL ROLE PRESENT
"In this section, let us discuss how metals are obtained from various sources by the process of metallurgy.",METAL METALLURGY LET SECTION DISCUSS OBTAIN VARIOUS SOURCE PROCESS PAST
"Metallurgy is a science of extracting metals from their ores and modifying the metals into alloys for various uses, based on their physical and chemical properties and their structural arrangement of atoms.",METALLURGY SCIENCE EXTRACT METAL ORES MODIFY ALLOY VARIOUS USE BASE PHYSICAL CHEMICAL PROPERTIES STRUCTURAL ARRANGEMENT ATOMS PAST
A metallurgical process involve three main steps as follows: (i) Concentration or Separation of the ore: It is the process of removal of impuries from the ore. (ii) Production of the metal: It is the convertion of the ore into metal. (iii) Refining of the metal: It is the process of purification of the metal. 8.4.1 Terminology in metallurgy Minerals: A mineral may be a single compound or a complex mixture of various compounds of metals found in the Earth.,METALLURGICAL PROCESS INVOLVE THREE MAIN STEP FOLLOW I CONCENTRATION SEPARATION ORE REMOVAL IMPURIES II PRODUCTION METAL CONVERTION III REFINE PURIFICATION TERMINOLOGY METALLURGY MINERALS MINERAL SINGLE COMPOUND COMPLEX MIXTURE VARIOUS FIND EARTH PRESENT PAST
Ore: The mineral from which a metal can be readily and economically extracted on a large scale is said to be an ore.,ORE MINERAL METAL READILY ECONOMICALLY EXTRACT LARGE SCALE SAY PAST
Conceptual Thoughts All ores are minerals; But all minerals are not ores.,CONCEPTUAL THOUGHTS ORES MINERALS NOT
Why?,WHY
"For example: Clay (Al2O3. 2 SiO2. 2 H2O) and bauxite (Al2O3.2 H2O) are the two minerals of aluminium, but aluminium can be profitably extracted only from bauxite.",EXAMPLE CLAY BAUXITE TWO MINERALS ALUMINIUM PROFITABLY EXTRACT ONLY PAST
"Hence, bauxite is an ore of aluminium and clay is its mineral.",HENCE BAUXITE ORE ALUMINIUM CLAY MINERAL
Mining: The process of extracting the ores from the Earth's crust is called mining.,PROCESS CRUST CALL MINE EXTRACT ORES EARTH PAST
Gangue or Matrix: The rocky impurity associated with an ore is called gangue or matrix.,IMPURITY ORE CALL GANGUE MATRIX ROCKY ASSOCIATE PAST
Flux: It is the substance added to the ore to reduce the fusion temperature and to remove the impurities.,FLUX SUBSTANCE ADD ORE REDUCE FUSION TEMPERATURE REMOVE IMPURITIES PAST
"Calcium oxide (basic), Silica (acidic).",CALCIUM OXIDE BASIC SILICA ACIDIC
"If the gangue is acidic, then basic flux is added and vice versa.",GANGUE ACIDIC THEN BASIC FLUX ADD VICE VERSA PAST
Slag: It is the fusible product formed when a flux reacts with a gangue during the extraction of metals.,SLAG FUSIBLE PRODUCT FORM FLUX REACT GANGUE EXTRACTION METAL PAST PRESENT
Flux + Gangue → Slag Smelting: Smelting is the process of reducing the roasted metallic oxide from the metal in its molten condition.,FLUX GANGUE SLAG SMELT PROCESS REDUCE ROAST METALLIC OXIDE METAL MELT CONDITION
"In this process, impurities are removed as slag by the addition of flux. 8.4.2 Types of separation or concentration of an ore There are four major types of separation of ores based on the nature of the ore.",TYPE ORE BE PROCESS IMPURITIES REMOVE SLAG ADDITION FLUX SEPARATION CONCENTRATION FOUR MAJOR ORES BASE NATURE PAST PRESENT
The 10th_Science_Unit-8.indd 112 12/2/2022 5:07:29 PM 113 Periodic Classificaiton of Elements different kinds of ores of metals are given in Table 8.1 Concentration of the crushed ore is done mainly by the following methods: - (i) Hydraulic (Gravity Separation) method Principle: The difference in the densities or specific gravities of the ore and the gangue is the main principle behind this method.,GANGUE METHOD GIVE PM PERIODIC CLASSIFICAITON ELEMENTS DIFFERENT KINDS ORES METAL TABLE CONCENTRATION CRUSH ORE MAINLY FOLLOW METHODS I HYDRAULIC GRAVITY SEPARATION PRINCIPLE DIFFERENCE DENSITIES SPECIFIC GRAVITIES MAIN PAST
"Oxide ores are purified by this method. e.g., Haematite Fe2O3 the ore of iron.",ORE IRON PURIFY OXIDE ORES METHOD HAEMATITE PAST
"Note: When the ore is heavier than the impurity, this method can be used.",NOTE ORE HEAVIER IMPURITY METHOD USE PAST
"Method: The ore is poured over a sloping, vibrating corrugated table with grooves and a jet of water is allowed to flow over it.",JET IT POUR METHOD ORE SLOP VIBRATE CORRUGATE TABLE GROOVE WATER ALLOW FLOW PAST
The denser ore particles settle down in the grooves and lighter gangue particles are washed down by water. (ii) Magnetic separation method Principle: The magnetic properties of the ores form the basis of separation.,PROPERTY SEPARATION FORM DENSER ORE PARTICLES SETTLE GROOVE LIGHTER GANGUE WASH WATER II MAGNETIC METHOD PRINCIPLE PROPERTIES ORES BASIS PRESENT PAST
"When either the ore or the gangue is magnetic, this method is employed. e.g., Tinstone SnO2, the ore of tin.",METHOD TIN EMPLOY ORE GANGUE MAGNETIC TINSTONE PAST
"Magnetic roller Magnetic particles Finely ground ore Non-Magnetic particles Figure 8.8 Magnetic separation Method: The crushed ore is placed over a conveyer belt which rotates around two metal wheels, one of which is magnetic.",ONE WHICH PLACE MAGNETIC ROLLER PARTICLES FINELY GRIND ORE NON FIGURE SEPARATION METHOD CRUSH CONVEYER BELT ROTATE TWO METAL WHEEL PRESENT PAST
The magnetic particles are attracted to the magnetic wheel and fall separately apart from the non- magnetic particles. (iii) Froth floatation Principle: This process depends on the preferential wettability of the ore with oil (pine oil) and the gangue particles by water.,PROCESS WATER DEPEND MAGNETIC PARTICLES ATTRACT WHEEL FALL SEPARATELY APART III FROTH FLOATATION PRINCIPLE PREFERENTIAL WETTABILITY ORE OIL PINE GANGUE PAST PRESENT
"Lighter ores, such as sulphide ores, are concentrated by this method. e.g., Zinc blende (ZnS).",ORE METHOD CONCENTRATE LIGHTER ORES SUCH SULPHIDE ZINC BLENDE ZNS PAST
Compressed air Froth bubbles carrying sulphide ore particals Sulphide ore particals Water containing pine oil Gangue Froth ﬂoatation process for the concentration of sulphide ores.,FROTH ORE BUBBLE COMPRESS AIR CARRY SULPHIDE PARTICALS WATER CONTAIN PINE OIL GANGUE FLOATATION PROCESS CONCENTRATION ORES PRESENT
"Figure 8.9 Froth floatation Note: When the impurity is heavier than the ore, this method can be used.",METHOD ORE USE FIGURE FROTH FLOATATION NOTE IMPURITY HEAVIER PAST
Method: The crushed ore is taken in a large tank containing pine oil and water and agitated with a current of compressed air.The ore is wetted by the oil and gets separated from the gangue in the form of froth.,ORE FROTH WET METHOD CRUSH TAKE LARGE TANK CONTAIN PINE OIL WATER AGITATE CURRENT COMPRESS AIR SEPARATE GANGUE FORM PAST
"Since the ore is lighter, it comes on the surface with the froth and the impurities are left behind. e.g., Zinc blende (ZnS). (iv) Chemical method or Leaching This method is employed when the ore is in a very pure form.",ORE FORM EMPLOY LIGHTER COME SURFACE FROTH IMPURITIES LEAVE BEHIND ZINC BLENDE ZNS CHEMICAL METHOD LEACH VERY PURE PRESENT PAST
Table 8.1 Types of ores Oxide Ores Carbonate Ores Halide Ores Sulphide Ores Bauxite (Al2O3.2H2O) Marble (CaCO3) Cryolite(Na3AlF6) Galena (PbS) Cuprite(Cu2O) Magnesite ((MgCO3) Fluorspar(CaF2) Iron pyrite (FeS2) Haematite ( Fe2O3) Siderite(FeCO3) Rock salt (NaCl) Zinc blende (ZnS) 10th_Science_Unit-8.indd 113 12/2/2022 5:07:31 PM 114 10th Standard Science The ore is treated with a suitable reagent such that the ore is soluble in it but the impurities are not.,IMPURITY IT TREAT TABLE TYPE ORES OXIDE CARBONATE HALIDE SULPHIDE BAUXITE MARBLE GALENA PBS MAGNESITE IRON PYRITE HAEMATITE ROCK SALT NACL ZINC BLENDE ZNS PM STANDARD SCIENCE ORE SUITABLE REAGENT SUCH SOLUBLE IMPURITIES PRESENT PAST NOT
The impurities are removed by filtration.,IMPURITY FILTRATION REMOVE IMPURITIES PAST
"The solution of the ore, ie., the filtrate is treated with a suitable reagent which precipitates the ore.",WHICH ORE TREAT SOLUTION IE FILTRATE SUITABLE REAGENT PRECIPITATE PAST PRESENT
"Bauxite Al2O3.2H2O, (the ore of aluminium). 8.5 OCCURRENCE OF ORES IN TAMIL NADU Lime stone: Coimbatore, Cuddalore, Dindugul Gypsum: Tiruchi and Coimbatore Distiricts Titanium minerals: Kanyakumari, Tirunelveli and Tuticorin.",BAUXITE ORE ALUMINIUM OCCURRENCE ORES TAMIL NADU LIME STONE COIMBATORE CUDDALORE DINDUGUL GYPSUM TIRUCHI DISTIRICTS TITANIUM MINERALS KANYAKUMARI TIRUNELVELI TUTICORIN
Chromite: Coimbatore and Salem district.,CHROMITE COIMBATORE SALEM DISTRICT
Magnetite:.,MAGNETITE
"Dharmapuri, Erode, Salem, Thiruvannamalai.",DHARMAPURI ERODE SALEM THIRUVANNAMALAI
"Tungsten: Madurai and Dindugal. (Reference: mineral resources of Tamil Nadu-ENVIS Centre, Tamil Nadu) 8.6 PROPERTIES OF METALS 8.6.1 Physical properties 1.",TUNGSTEN MADURAI DINDUGAL REFERENCE MINERAL RESOURCES TAMIL NADU ENVIS CENTRE PROPERTIES METAL PHYSICAL
Physical state: All metals are solids at room temperature except mercury and gallium. 2.,PHYSICAL STATE METAL SOLIDS ROOM TEMPERATURE MERCURY GALLIUM
Lustre: Metals possess a high lustre (called metallic lustre). 3.,METAL LUSTRE POSSESS HIGH CALL METALLIC PRESENT PAST
Hardness: Most of the metals are hard and strong (exceptions: sodium and potassium can be cut with a knife) 4.,HARDNESS MOST METAL HARD STRONG EXCEPTIONS SODIUM POTASSIUM CUT KNIFE PAST
"Melting point and Boiling point: Usually, metals possess high melting and boiling points and vaporize only at high temperatures (exceptions: gallium, mercury, sodium and potassium). 5.",METAL TEMPERATURE POSSESS MELT POINT BOIL USUALLY HIGH VAPORIZE ONLY TEMPERATURES EXCEPTIONS GALLIUM MERCURY SODIUM POTASSIUM HABITUAL PRESENT
Density: Metals have a high density (exceptions: sodium and potassium are less dense than water). 6.,DENSITY METAL HIGH EXCEPTIONS SODIUM POTASSIUM LESS DENSE WATER PRESENT
Ductility: Metals are usually ductile.,DUCTILITY METAL USUALLY DUCTILE HABITUAL
"In other words, they can be drawn into thin wires without breaking. 7.",THEY BREAK DRAW OTHER WORD THIN WIRE PAST
"Malleability: Metals are usually malleable, i.e, they can be beaten into thin sheets without cracking (except zinc and mercury). 8.",THEY ZINC BEAT MALLEABILITY METAL USUALLY MALLEABLE THIN SHEET CRACK MERCURY HABITUAL PAST
Conduction of heat and electricity: Metals are good conductors of heat and electricity; silver and copper excel in this property (exception: tungsten) 9.,SILVER PROPERTY EXCEL CONDUCTION HEAT ELECTRICITY METAL GOOD CONDUCTORS COPPER EXCEPTION TUNGSTEN PRESENT
"Solubility: Usually, metals do not dissolve in liquid solvents. 8.6.2 Chemical Properties • Valence electrons: Atoms of metals usually have 1,2 or 3 electrons in their outermost shell. • Formation of ions: Metals form Positive ions by the loss of electrons and hence they are electro positive. • Discharge of ions: Metals are discharged at the cathode during the electrolysis of their compounds. • Atomicity: Molecules of metals in their vapour state are usually monoatomic. • Nature of oxides: Oxides of metals are usually basic.",OXIDES METAL • SOLUBILITY USUALLY DISSOLVE LIQUID SOLVENTS CHEMICAL PROPERTIES VALENCE ELECTRONS ATOMS OUTERMOST SHELL FORMATION IONS FORM POSITIVE LOSS HENCE ELECTRO DISCHARGE CATHODE ELECTROLYSIS COMPOUND ATOMICITY MOLECULES VAPOUR STATE MONOATOMIC NATURE BASIC HABITUAL PAST PRESENT NOT
More to Know Extraction of metal from metal oxide can be categorized into three types.,EXTRACTION TYPE KNOW MORE METAL OXIDE CATEGORIZE THREE PAST
"More reactive metals Medium reactive metals Less reactive metals Na,K,Ca,Mg,Al Zn,Fe,Pb,Cu Ag,Hg Electrolytic reduction of metal oxide into metal Chemical reduction of metal oxide into metal using coke Thermal decomposition of metal oxide into metal 10th_Science_Unit-8.indd 114 12/2/2022 5:07:32 PM 115 Periodic Classificaiton of Elements 8.7 METALLURGY OF ALUMINIUM Aluminium is the metal found most abundantly in the Earth’s crust.",MORE REACTIVE METAL MEDIUM LESS NA K CA MG AL ZN FE PB CU AG HG ELECTROLYTIC REDUCTION OXIDE CHEMICAL USE COKE THERMAL DECOMPOSITION PM PERIODIC CLASSIFICAITON ELEMENTS METALLURGY ALUMINIUM FIND MOST ABUNDANTLY EARTH CRUST PAST
"Since it is a reactive metal, it occurs in the combined state.",IT STATE OCCUR REACTIVE METAL COMBINE PRESENT
The important ores of aluminium are as follows Ores of Aluminium Formula Bauxite Al2O3.2H2O Cryolite Na3AlF6 Corundum Al2O3 Bauxite is the chief ore of aluminium.,IMPORTANT ORES ALUMINIUM FOLLOW FORMULA BAUXITE CRYOLITE CORUNDUM CHIEF ORE PRESENT
The extraction of aluminium from bauxite involves two steps: (i) Conversion of bauxite into alumina – Baeyer’s Process The conversion of Bauxite into Alumina involves the following steps: Bauxite ore is finely ground and heated under pressure with a solution of concentrated caustic soda solution at 150° C to obtain sodium meta aluminate.,ORE ALUMINATE INVOLVE EXTRACTION ALUMINIUM BAUXITE TWO STEP I CONVERSION ALUMINA BAEYER PROCESS FOLLOW FINELY GRIND HEAT PRESSURE SOLUTION CONCENTRATE CAUSTIC SODA C OBTAIN SODIUM META PRESENT PAST
"Al2O3 + 2 NaOH → 2 NaAlO2 + H2O On diluting sodium meta aluminate with water, a precipitate of aluminium hydroxide is formed.",PRECIPITATE ALUMINIUM FORM NAOH DILUTE SODIUM META ALUMINATE WATER HYDROXIDE PAST
"NaAlO2 + 2 H2O → Al (OH)3 + NaOH The precipitate is filtered, washed, dried and ignited at 1000°C to get alumina. 2Al(OH)3 Al2O3 + 3H2O 1000°c (ii) Electrolytic reduction of alumina – Hall’s Process Aluminium is produced by the electrolytic reduction of fused alumina (Al2O3) in the electrolytic cell.",ALUMINIUM CELL PRODUCE AL NAOH PRECIPITATE FILTER WASH DRY IGNITE C GET ALUMINA II ELECTROLYTIC REDUCTION HALL PROCESS FUSE PAST PRESENT
Cathode: Iron tank lined with graphite Anode: A bunch of graphite rods suspended in molten electrolyte.,CATHODE IRON TANK LINE GRAPHITE ANODE BUNCH RODS SUSPEND MELT ELECTROLYTE PAST
Electrolyte: Pure alumina+ molten cryolite + fluorspar (fluorspar lowers the fusion temperature of electrolyte) Temperature: 900 - 950 °C Voltage used: 5-6 V Overall reaction: 2 Al2O3 → 4 Al +3 O2↑ Electrolytic process of manufacturing aluminum Bus bar Carbon anode + – Steel shell Carbon cathode lining Cryolite Molten aluminum Figure 8.10 Hall's Process Aluminium is deposited at the cathode and oxygen gas is liberated at the anode.,REACTION ANODE USE ELECTROLYTE PURE MELT CRYOLITE FLUORSPAR LOWER FUSION TEMPERATURE C VOLTAGE V OVERALL AL ELECTROLYTIC PROCESS MANUFACTURE ALUMINUM BUS BAR CARBON STEEL SHELL CATHODE LINE FIGURE HALL ALUMINIUM DEPOSIT OXYGEN GAS LIBERATE PRESENT PAST
Oxygen combines with graphite to form CO2.,OXYGEN C-O-2 COMBINE GRAPHITE FORM PRESENT
Physical Properties of Aluminium • It is a silvery white metal • It has low density (2.7) and it is light • It is malleable and ductile • It is a good conductor of heat and electricity. • Its melting point is 660 °C. • It can be polished to produce a shiny attractive appearance.,IT APPEARANCE POLISH PHYSICAL PROPERTIES ALUMINIUM SILVERY WHITE METAL LOW DENSITY LIGHT MALLEABLE DUCTILE GOOD CONDUCTOR HEAT ELECTRICITY MELT POINT C PRODUCE SHINY ATTRACTIVE PAST PRESENT
Chemical Properties of Aluminium i.,CHEMICAL PROPERTIES ALUMINIUM
Reaction with air: It is not affected by dry air.,IT AIR AFFECT REACTION DRY PAST NOT
"On heating at 800 °C, aluminium burns very brightly forming it’s oxide and nitride. 4 Al + 3 O2 → 2 Al2O3(Aluminium oxide) 2 Al + N2 → 2 AlN (Aluminium nitride) ii.",HEAT C ALUMINIUM BURN VERY BRIGHTLY FORM OXIDE NITRIDE AL ALN II PRESENT
Reaction with water: Water does not react with aluminium due to the layer of oxide on it.,WATER IT REACT REACTION ALUMINIUM LAYER OXIDE NOT
"When steam is passed over red hot aluminium, hydrogen is produced. 2 Al + 3 H2O → Al2O3 + 3 H2↑ (steam) (aluminium oxide) 10th_Science_Unit-8.indd 115 12/2/2022 5:07:32 PM 116 10th Standard Science iii.",HYDROGEN A-L-2-O-3 PRODUCE STEAM PASS RED HOT ALUMINIUM AL OXIDE PM STANDARD SCIENCE III PAST
Reaction with alkalis: It reacts with strong caustic alkalis forming aluminates. 2 Al + 2 NaOH +2 H2O → 2 NaAlO2 + 3 H2↑ (Sodium meta aluminate) iv.,NAOH N-A-A-L-O-2 REACT REACTION ALKALIS STRONG CAUSTIC FORM ALUMINATES AL SODIUM META ALUMINATE IV PRESENT
Reaction with acids: With dilute and con.,REACTION ACIDS DILUTE CON
"HCl it liberates H2 gas. 2 Al + 6 HCl → 2 AlCl3 + 3 H2↑ (Aluminium chloride) Aluminium liberates hydrogen on reaction with dilute sulphuric acid and liberates sulphur dioxide on reaction with hot concentrated sulphuric acid 2 Al+ 3 H2SO4 → Al2(SO4)3 + 3 H2 ↑ (Dilute) 2 Al + 6 H2SO4 → Al2(SO4)3 + 6 H2O + 3 SO2 ↑ (Con.) More to Know Dilute or concentrated nitric acid does not attack aluminium, but it renders aluminium passive due to the formation of an oxide film on its surface. v.",IT SURFACE ATTACK HCL LIBERATE GAS AL ALUMINIUM CHLORIDE HYDROGEN REACTION DILUTE SULPHURIC ACID SULPHUR DIOXIDE HOT CONCENTRATE CON MORE KNOW NITRIC RENDER PASSIVE FORMATION OXIDE FILM PRESENT NOT
As reducing agent: Aluminium is a powerful reducing agent.,REDUCE AGENT ALUMINIUM POWERFUL
"When a mixture of aluminium powder and iron oxide is ignited, the latter is reduced to metal.",LATTER METAL REDUCE MIXTURE ALUMINIUM POWDER IRON OXIDE IGNITE PAST
This process is known as aluminothermic process.,PROCESS KNOW ALUMINOTHERMIC PAST
Fe2O3 + 2 Al → 2 Fe + Al2O3 + Heat.,AL FE HEAT
Uses Aluminium is used in • household utensils • electrical cable industry • making aeroplanes and other industrial mechine parts 8.8 METALLURGY OF COPPER Occurrence: It was named as cuprum by the Romans because they got it from the Island of Cyprus.,THEY CYPRUS NAME USE ALUMINIUM HOUSEHOLD UTENSILS ELECTRICAL CABLE INDUSTRY MAKE AEROPLANES OTHER INDUSTRIAL MECHINE PART METALLURGY COPPER OCCURRENCE CUPRUM ROMANS GET ISLAND PAST PRESENT
Copper is found in the native state as well as combined state.,COPPER STATE FIND NATIVE AS WELL COMBINE PAST
Ores of copper Formula Copper pyrites CuFeS2 Cuprite or ruby copper Cu2O Copper glance Cu2S The chief ore of copper is copper pyrite.,ORES COPPER FORMULA PYRITES CUPRITE RUBY GLANCE CHIEF ORE PYRITE
It yields nearly 76% of the world production of copper.,IT COPPER YIELD NEARLY WORLD PRODUCTION PRESENT
Extraction of copper from copper pyrites involves the following steps i.,EXTRACTION I. INVOLVE COPPER PYRITES FOLLOW STEP PRESENT
Concentration of ore: The ore is crushed and the concentrated by froth floatation process. ii.,CONCENTRATION ORE CRUSH CONCENTRATE FROTH FLOATATION PROCESS II PAST
Roasting: The concentrated ore is roasted in excess of air.,ORE AIR ROAST CONCENTRATE EXCESS PAST
"During the process of roasting, the moisture and volatile impurities are removed.",MOISTURE ROAST REMOVE PROCESS VOLATILE IMPURITIES PAST
"Sulphur, phosphorus, arsenic and antimony are removed as oxides.",SULPHUR OXIDE REMOVE PHOSPHORUS ARSENIC ANTIMONY OXIDES PAST
Copper pyrite is partly converted into sulphides of copper and iron. 2 CuFeS2 + O2 Cu2S + 2 FeS + SO2 ↑ iii.,PYRITE COPPER CONVERT PARTLY SULPHIDES IRON FES III PAST
Smelting: The roasted ore is mixed with powdered coke and sand and is heated in a blast furnace to obtain matte (Cu2S + FeS) and slag.,ORE MATTE SMELT ROAST MIX POWDER COKE SAND HEAT BLAST FURNACE OBTAIN FES SLAG PAST
The slag is removed as waste. iv.,SLAG WASTE REMOVE PAST
Bessemerisation: The molten matte is transferred to Bessemer converter in order to obtain blister copper.,MATTE COPPER TRANSFER BESSEMERISATION MELT BESSEMER CONVERTER ORDER OBTAIN BLISTER PAST
"Ferrous sulphide from matte is oxidized to ferrous oxide, which is removed as slag using silica. 2 FeS + 3 O2 2 FeO + 2 SO2 ↑ FeO + SiO2 FeSiO3 (slag) (Iron silicate) 2 Cu2S + 3O2 2 Cu2O + 2 SO2 ↑ 2 Cu2O + Cu2S 6 Cu + SO2↑ (Blister copper) v.",IRON SILICA OXIDIZE FERROUS SULPHIDE MATTE OXIDE REMOVE SLAG USE FES FEO SILICATE CU BLISTER COPPER PAST
Refining: Blister copper contains 98% of pure copper and 2% of impurities and is purified by electrolytic refining.,COPPER REFINE CONTAIN BLISTER PURE IMPURITIES PURIFY ELECTROLYTIC PRESENT PAST
This method is used to get metal of a high degree of purity.,METHOD PURITY USE GET METAL HIGH DEGREE PAST
"For electrolytic refining of copper, we use: 10th_Science_Unit-8.indd 116 12/2/2022 5:07:32 PM 117 Periodic Classificaiton of Elements Cathode: A thin plate of pure copper metal.",WE METAL USE ELECTROLYTIC REFINE COPPER PM PERIODIC CLASSIFICAITON ELEMENTS CATHODE THIN PLATE PURE PRESENT
Anode: A block of impure copper metal.,ANODE BLOCK IMPURE COPPER METAL
Electrolyte: Copper sulphate solution acidified with sulphuric acid.,ELECTROLYTE COPPER SULPHATE SOLUTION ACIDIFY SULPHURIC ACID PAST
"When electric current is passed through the electrolytic solution, pure copper gets deposited at the cathode and the impurities settle at the bottom of the anode in the form of sludge called anode mud.",IMPURITY SLUDGE DEPOSIT ELECTRIC CURRENT PASS ELECTROLYTIC SOLUTION PURE COPPER CATHODE IMPURITIES SETTLE BOTTOM ANODE FORM CALL MUD PAST PRESENT
"Physical Properties of Copper Copper is a reddish brown metal, with high lustre, high density and high melting point (1356°C).",PHYSICAL PROPERTIES COPPER REDDISH BROWN METAL HIGH LUSTRE DENSITY MELT POINT C
Chemical Properties of Copper i.,CHEMICAL PROPERTIES COPPER
Action of Air and Moisture: Copper gets covered with a green layer of basic copper carbonate in the presence of CO2 and moisture. 2 Cu + O2 + CO2 + H2O → CuCO3.Cu(OH)2 ii.,COPPER C-O-2 COVER ACTION AIR MOISTURE GREEN LAYER BASIC CARBONATE PRESENCE CU II PAST
"Action of Heat: On heating at different temperatures in the presence of oxygen, copper forms two types of oxides CuO and Cu2O. 2 Cu + O2 below 1370K 2 CuO (copper II oxide- black) 4 Cu + O2 above 1370K 2 Cu2O (copper I oxide – red) iii.",I C-U-2-O FORM ACTION HEAT DIFFERENT TEMPERATURES PRESENCE OXYGEN COPPER TWO TYPE OXIDES CUO CU K II BLACK OXIDE RED III PRESENT
Action of Acids: a) With dilute HCl and dilute H2SO4: Dilute acids such as HCl and H2SO4 have no action on these metals in the absence of air.,ACID AIR HAVE ACTION ACIDS DILUTE HCL SUCH METAL ABSENCE PRESENT NOT
Copper dissolves in these acids in the presence of air. 2 Cu + 4 HCl + O2 (air) 2 CuCl2 + 2 H2O b) With dil.,COPPER DISSOLVE ACIDS PRESENCE AIR CU HCL DIL
HNO3: Copper reacts with dil.,COPPER REACT DIL
"HNO3 with the liberation of Nitric Oxide gas. 3 Cu + 8 HNO3 → 3 Cu(NO3)2 + 2 NO ↑ + 4H2O iv) Action of Chlorine: Chlorine reacts with copper, resulting in the formation of copper(II) chloride.",LIBERATION NITRIC OXIDE GAS CU IV ACTION CHLORINE REACT COPPER RESULT FORMATION CHLORIDE NOT
Cu + Cl2 CuCl2 v) Action of Alkalis: Copper is not attacked by alkalis.,COPPER ALKALI ATTACK CU V ACTION ALKALIS PAST NOT
Uses of Copper: i.,USE COPPER
It is extensively used in manufacturing electric cables and other electric appliances. ii.,IT CABLE USE EXTENSIVELY MANUFACTURE ELECTRIC OTHER APPLIANCES II PAST
"It is used for making utensils, containers, calorimeters and coins, iii.",IT III USE MAKE UTENSILS CONTAINERS CALORIMETERS COIN PAST
It is used in electroplating. iv.,IT ELECTROPLATE USE PAST
It is alloyed with gold and silver for making coins and jewels 8.9 METALLURGY OF IRON Occurrence: Iron is the second most abundant metal available next to aluminium.,ALLOY GOLD SILVER MAKE COIN JEWEL METALLURGY IRON OCCURRENCE SECOND MOST ABUNDANT METAL AVAILABLE NEXT ALUMINIUM PAST
"It occurs in nature as oxides, sulphides and carbonates.",IT OXIDE OCCUR NATURE OXIDES SULPHIDES CARBONATE PRESENT
The ores of iron are as follows: Ores of iron Formula Haematite Fe2O3 Magnetite Fe3O4 Iron pyrite FeS2 Iron is chiefly extracted from haematite ore (Fe2O3) i.,IRON ORE EXTRACT ORES FOLLOW FORMULA HAEMATITE MAGNETITE PYRITE CHIEFLY PRESENT PAST
Concentration by Gravity Separation: The powdered ore is washed with a steam of water.,ORE WATER WASH CONCENTRATION GRAVITY SEPARATION POWDER STEAM PAST
"As a result, the lighter sand particles and other impurities are washed away and the heavier ore particles settle down. ii.",PARTICLE RESULT WASH LIGHTER SAND PARTICLES OTHER IMPURITIES AWAY HEAVIER ORE SETTLE II PAST
Roasting and Calcination: The concentrated ore is strongly heated in a limited supply of air in a reverberatory furnace.,ROAST CALCINATION CONCENTRATE ORE STRONGLY HEAT LIMIT SUPPLY AIR REVERBERATORY FURNACE
"As a result, moisture is driven out and sulphur, arsenic and phosphorus impurities are oxidized off. 10th_Science_Unit-8.indd 117 12/2/2022 5:07:32 PM 118 10th Standard Science iii.",IMPURITY RESULT DRIVE MOISTURE SULPHUR ARSENIC PHOSPHORUS IMPURITIES OXIDIZE PM STANDARD SCIENCE III PAST
"Smelting (in a Blast Furnace): The charge consisting of roasted ore, coke and limestone in the ratio 8:4:1 is smelted in a blast furnace by introducing it through the hopper arrangement at the top.",CHARGE TOP SMELT BLAST FURNACE CONSIST ROAST ORE COKE LIMESTONE RATIO INTRODUCE HOPPER ARRANGEMENT PAST
"There are three important regions in the furnace. bell & hopper Pipe for hot air blast Hot gases Iron ore, coke and lime Slag outlet Iron outlet Figure 8.11 Blast Furnace (a) The Lower Region (Combustion Zone)- The temperature is at 1500°C.",TEMPERATURE C BE THREE IMPORTANT REGIONS FURNACE BELL HOPPER PIPE HOT AIR BLAST GAS IRON ORE COKE LIME SLAG OUTLET FIGURE LOWER REGION COMBUSTION PRESENT
"In this region, coke burns with oxygen to form CO2 when the charge comes in contact with a hot blast of air.",CHARGE AIR BURN REGION COKE OXYGEN FORM COME CONTACT HOT BLAST PRESENT
C + O2 CO2 + Heat It is an exothermic reaction since heat is liberated. (b) The Middle Region (Fusion Zone) – The temperature prevails at 1000°C.,TEMPERATURE C PREVAIL HEAT EXOTHERMIC REACTION LIBERATE MIDDLE REGION FUSION ZONE PAST PRESENT
"In this region, CO2 is reduced to CO.",C-O-2 CO REDUCE REGION PAST
CO2 + C 2 CO – Heat Limestone decomposes to calcium oxide and CO2.,C CO HEAT LIMESTONE DECOMPOSE CALCIUM OXIDE
CaCO3 CaO + CO2 – Heat These two reactions are endothermic due to absorption of heat.,REACTION HEAT CAO TWO REACTIONS ENDOTHERMIC ABSORPTION
Calcium oxide combines with silica to form calcium silicate slag.,OXIDE SLAG COMBINE CALCIUM SILICA FORM SILICATE PRESENT
CaO + SiO2 CaSiO3 1500°C Δ 1000°C Δ 1000°C Δ (c) The Upper Region (Reduction Zone)- The temperature prevails at 400°C .,TEMPERATURE C zone)- CAO Δ UPPER REGION REDUCTION PREVAIL PRESENT
In this region carbon monoxide reduces ferric oxide to form a fairly pure spongy iron.,MONOXIDE IRON REDUCE REGION CARBON FERRIC OXIDE FORM FAIRLY PURE SPONGY PRESENT
Fe2O3 + 3CO 400°C 2Fe + 3CO2 ↑ The molten iron is collected at the bottom of the furnace after removing the slag.,IRON SLAG ↑ C MELT COLLECT BOTTOM FURNACE REMOVE PAST
The iron thus formed is called pig iron.,IRON THUS FORM CALL PIG PAST
It is remelted and cast into different moulds.,IT MOULD REMELTE REMELTED CAST DIFFERENT PAST
This iron is called cast iron.,IRON CALL CAST PAST
Physical properties: i.,PHYSICAL PROPERTIES
"It is a lustrous metal, greyish white in colour. ii.",LUSTROUS METAL GREYISH WHITE COLOUR II
"It has high tensility, malleability and ductility. iii.",IT TENSILITY HAVE HIGH MALLEABILITY DUCTILITY III PRESENT
It can be magnetized.,MAGNETIZE PAST
Chemical properties: i.,CHEMICAL PROPERTIES
"Reaction with air or oxygen: Only on heating in air, iron forms magnetic oxide. 3 Fe + 2 O2 Fe3O4 (black) ii.",REACTION AIR OXYGEN ONLY HEAT IRON FORM MAGNETIC OXIDE FE BLACK II
"Reaction with moist air: When iron is exposed to moist air, it forms a layer of brown hydrated ferric oxide on its surface.",IT SURFACE FORM REACTION MOIST AIR IRON EXPOSE LAYER BROWN HYDRATE FERRIC OXIDE PAST PRESENT
This compound is known as rust and the phenomenon of formation of rust is known as rusting. 4 Fe+ 3 O2 + x H2O 2 Fe2O3 . xH2O(rust) iii.,COMPOUND RUST KNOW PHENOMENON FORMATION III PAST
"Reaction with steam: When steam is passed over red hot iron, magnetic oxide is formed. 3 Fe + 4 H2O (steam) Fe3O4 + 4 H2 ↑ iv.",OXIDE IRON FORM REACTION STEAM PASS RED HOT MAGNETIC FE IV PAST
Reaction with chlorine: Iron combines with chlorine to form ferric chloride. 2Fe + 3Cl2 2FeCl3 (ferric chloride) v.,IRON CHLORIDE COMBINE REACTION CHLORINE FORM FERRIC PRESENT PAST
Reaction with acids: With dilute HCl and dilute H2SO4 it liberates H2 gas.,IT GAS LIBERATE REACTION ACIDS DILUTE HCL PRESENT
Fe + 2HCl FeCl2 + H2 ↑ Fe + H2SO4 FeSO4 + H2 ↑ With dilute HNO3 in cold condition it gives ferrous nitrate and ammonium nitrate. 4 Fe + 10 HNO3 → 4 Fe(NO3)2 + NH4NO3 + 3 H2O 10th_Science_Unit-8.indd 118 12/2/2022 5:07:32 PM 119 Periodic Classificaiton of Elements With con.,FE DILUTE COLD CONDITION GIVE FERROUS NITRATE AMMONIUM PM PERIODIC CLASSIFICAITON ELEMENTS CON PRESENT
H2SO4 it forms ferric sulphate and liberates SO2. 2 Fe + 6 H2SO4 → Fe2(SO4)3 + 3 SO2 + 6 H2O When iron is dipped in con.,IRON CON FORM FERRIC SULPHATE LIBERATE FE DIP PRESENT PAST
HNO3 it becomes chemically passive or inert due to the formation of a layer of iron oxide (Fe3O4) on its surface.,IT SURFACE BECOME CHEMICALLY PASSIVE INERT DUE FORMATION LAYER IRON OXIDE PRESENT
"Types and uses of iron Pig iron (Iron with 2.0% - 4.5% of carbon): It is used in making pipes, stoves, radiators, railings, manhole covers and drain pipes.",IT PIPE USE TYPE IRON PIG CARBON MAKE PIP STOVES RADIATORS RAILINGS MANHOLE COVER DRAIN PAST
"Steel (Iron with 0.25% - 2.0% of carbon): It is used in the construction of buildings, machinery, transmission cables and T.V towers and in making alloys.",IT ALLOY USE STEEL IRON CARBON CONSTRUCTION BUILDINGS MACHINERY TRANSMISSION CABLE TOWER MAKE PAST
"Wrought iron (Iron with < 0.25% of carbon): It is used in making springs, anchors and electromagnets. 8.10 ALLOYS An alloy is a homogeneous mixture of two or more metals or of one or more metals with certain non-metallic elements.",WORK IRON CARBON USE MAKE SPRING ANCHOR ELECTROMAGNETS ALLOY HOMOGENEOUS MIXTURE TWO MORE METAL ONE CERTAIN NON METALLIC ELEMENTS PAST
The properties of alloys are often different from those of its components.,PROPERTIES ALLOY OFTEN DIFFERENT COMPONENTS HABITUAL
Pure gold is brittle to be used.,PURE GOLD BRITTLE USE PAST
The addition of small percentage of copper enhances its strength and utility. 8.10.1 Amalgam An amalgam is an alloy of mercury with another metal.,AMALGAM METAL ENHANCE ADDITION SMALL PERCENTAGE COPPER STRENGTH UTILITY ALLOY MERCURY PRESENT
These alloys are formed through metallic bonding with the electrostatic force of attraction between the electrons and the positively charged metal ions.,ALLOY ELECTRON FORM METALLIC BOND ELECTROSTATIC FORCE ATTRACTION ELECTRONS POSITIVELY CHARGE METAL IONS PAST
Silver tin amalgam is used for dental filling.,AMALGAM FILL USE SILVER TIN DENTAL PAST
Reasons for alloying: i.,REASON ALLOY
To modify appearance and colour ii.,MODIFY APPEARANCE COLOUR II
To modify chemical activity. iii.,MODIFY CHEMICAL ACTIVITY III
To lower the melting point. iv.,LOWER MELT POINT
To increase hardness and tensile strength. v.,INCREASE HARDNESS TENSILE STRENGTH
To increase resistance to electricity. 8.10.2 Method of making alloys (a) By fusing the metals together.,INCREASE RESISTANCE ELECTRICITY METHOD MAKE ALLOY FUSE METAL TOGETHER
Brass is made by melting zinc and copper. (b) By compressing finely divided metals.,BRASS METAL MAKE MELT ZINC COPPER COMPRESS FINELY DIVIDE PAST
"Wood metal: an alloy of lead, tin, bismuth and cadmium powder is a fusible alloy.",WOOD METAL ALLOY LEAD TIN BISMUTH CADMIUM POWDER FUSIBLE
Alloys as solid solutions: Alloys can be considered as solid solutions in which the metal with high concentration is solvent and other metals are solute.,METAL CONCENTRATION CONSIDER ALLOY SOLID SOLUTIONS HIGH SOLVENT OTHER SOLUTE PAST
"For example, brass is a solid solution of zinc (solute) in copper (solvent). 8.10.3 Types of Alloys Based on the presence of Iron, alloys can be classified into: • Ferrous alloys: Contain Iron as a major component.",ALLOY COMPONENT CLASSIFY EXAMPLE BRASS SOLID SOLUTION ZINC SOLUTE COPPER SOLVENT TYPE BASE PRESENCE IRON FERROUS CONTAIN MAJOR PAST
"A few examples of ferrous alloys are Stainless Steel, Nickel Steel etc. • Non-ferrous alloys: These alloys do not contain Iron as a major component.",FEW EXAMPLES FERROUS ALLOY STAINLESS STEEL NICKEL NON CONTAIN IRON MAJOR COMPONENT PAST NOT
"For example, Aluminium alloy, Copper alloy etc.",EXAMPLE ALUMINIUM ALLOY COPPER
"Copper Alloys (Non- ferrous) Alloys Uses Brass (Cu, Zn) Electrical fittings, medal, decorative items, hardware Bronze (Cu, Sn) Statues, coins, bells, gongs Aluminium Alloys (Non- ferrous) Alloys Uses Duralumin (Al, Mg, Mn, Cu) Aircrafts, tools, pressure cookers Magnalium (Al, Mg) Aircraft, scientific instruments Iron Alloys(Ferrous) Alloys Uses Stainless steel (Fe,C, Ni,Cr) Utensils, cutlery, automobile parts Nickel steel (Fe,C,Ni) Cables , aircraftparts, propeller 10th_Science_Unit-8.indd 119 12/2/2022 5:07:32 PM 120 10th Standard Science 8.11 CORROSION It is the gradual destruction of metals by chemical or electrochemical reaction with the environment.",IT ENVIRONMENT USE COPPER ALLOY FERROUS BRASS CU ZN ELECTRICAL FITTINGS MEDAL DECORATIVE ITEMS HARDWARE BRONZE SN STATUES COIN BELL GONG ALUMINIUM DURALUMIN AL MG MN AIRCRAFTS TOOL PRESSURE COOKERS MAGNALIUM AIRCRAFT SCIENTIFIC INSTRUMENT IRON STAINLESS STEEL FE C NI CR UTENSILS CUTLERY AUTOMOBILE PART NICKEL CABLE AIRCRAFTPARTS PROPELLER PM STANDARD SCIENCE CORROSION GRADUAL DESTRUCTION METAL CHEMICAL ELECTROCHEMICAL REACTION PRESENT
"It is a natural process which converts a metal into its oxide, hydroxide or sulphide so that it loses its metallic characteristics.",NATURAL PROCESS CONVERT METAL OXIDE HYDROXIDE SULPHIDE LOSE METALLIC CHARACTERISTICS PRESENT
Rusting Air Water Droplet a e Droplet Rust Deposit Fe2O3XH2O O2 Cathode Anode Iron e– O2 + 2H2O + 4e– -> 40H– O2 + 4H+ + 4e– -> 2H20 Fe -> Fe2+ + 2e– Fe2+ (aq) Fe2O3XH2O Fe2O3XH2O e2+ 2+ 2+ 2+ 2+ e Fe2O3XH2O F Cat O ho 2 3 2 2 ode e– Figure 8.12 Rusting Rust is chemically known as hydrated ferric oxide (it is formulated as Fe2O3.xH2O).,RUST AIR WATER DROPLET E DEPOSIT CATHODE ANODE IRON FE AQ F CAT HO ODE FIGURE CHEMICALLY KNOW HYDRATE FERRIC OXIDE FORMULATE PAST
Rusting results in the formation of scaling reddish brown hydrated ferric oxide on the surface of iron and iron containing materials. 8.11.1 Types of Corrosion i.,RUST RESULT FORMATION SCALE REDDISH BROWN HYDRATE FERRIC OXIDE SURFACE IRON CONTAIN MATERIALS TYPE CORROSION
Dry Corrosion or Chemical Corrosion: The corrosive action in the absence of moisture is called dry corrosion.,ACTION MOISTURE CALL DRY CORROSION CHEMICAL CORROSIVE ABSENCE PAST
"It is the process of a chemical attack on a metal by a corrosive liquids or gases such as O2, N2, SO2, H2S etc.",PROCESS CHEMICAL ATTACK METAL CORROSIVE LIQUIDS GAS SUCH
It occurs at high temperature.,IT TEMPERATURE OCCUR HIGH PRESENT
Of all the gases mentioned above O2 is the most reactive gas to impart the chemical attack. ii.,GAS MENTION MOST REACTIVE IMPART CHEMICAL ATTACK II PAST
Wet Corrosion or Electrochemical Corrosion: The corrosive action in the presence of moisture is called wet corrosion.,ACTION MOISTURE CALL WET CORROSION ELECTROCHEMICAL CORROSIVE PRESENCE PAST
It occurs as a result of electrochemical reaction of metal with water or aqueous solution of salt or acids or bases. 8.11.2 Methods of preventing corrosion i.,IT I. OCCUR RESULT ELECTROCHEMICAL REACTION METAL WATER AQUEOUS SOLUTION SALT ACIDS BASE METHODS PREVENT CORROSION PRESENT
Alloying: The metals can be alloyed to prevent from the process of corrosion.,ALLOY METAL PREVENT PROCESS CORROSION PAST
E.g: Stainless Steel ii.,STAINLESS STEEL II
Surface Coating: It involves application of a protective coating over the metal.,SURFACE COAT INVOLVE APPLICATION PROTECTIVE METAL PRESENT
"It is of the following types: a) Galvanization: It is the process of coating zinc on iron sheets by using electric current. b) Electroplating: It is a method of coating one metal over another metal by passing electric current. c) Anodizing: It is an electrochemical process that converts the metal surface into a decorative, durable and corrosion resistant.",FOLLOW TYPE GALVANIZATION PROCESS COAT ZINC IRON SHEET USE ELECTRIC CURRENT ELECTROPLATE METHOD ONE METAL PASS ANODIZE ELECTROCHEMICAL CONVERT SURFACE DECORATIVE DURABLE CORROSION RESISTANT PRESENT
Aluminium is widely used for anodizing process. d) Cathodic Protection: It is the method of controlling corrosion of a metal surface protected is coated with the metal which is easily corrodible.,WHICH METAL USE ALUMINIUM WIDELY ANODIZE PROCESS CATHODIC PROTECTION METHOD CONTROL CORROSION SURFACE PROTECT COAT EASILY CORRODIBLE PAST
The easily corrodible metal is called Sacrificial metal to act as anode ensuring cathodic protection. 8.12 PAMBAN BRIDGE It is a railway bridge which connects the town of Rameshwaram on Pamban Island to mainland India.,WHICH INDIA CALL EASILY CORRODIBLE METAL SACRIFICIAL ACT ANODE ENSURE CATHODIC PROTECTION PAMBAN BRIDGE RAILWAY CONNECT TOWN RAMESHWARAM ISLAND MAINLAND PAST PRESENT
"Opened on 1914, it was India’s first sea bridge in India until the opening of the BandraWorli Sea Link in 2010.",OPEN INDIA FIRST SEA BRIDGE BANDRAWORLI LINK PAST
We can control the corrosion and renovation of historical pamban bridge by a periodical protective coating which will be the strong example for applied chemistry to uphold our history.,WHICH HISTORY CONTROL CORROSION RENOVATION HISTORICAL PAMBAN BRIDGE PERIODICAL PROTECTIVE COAT STRONG EXAMPLE APPLY CHEMISTRY UPHOLD
"Figure 8.12 Pamban Bridge 10th_Science_Unit-8.indd 120 12/2/2022 5:07:33 PM 121 Periodic Classificaiton of Elements Points to Remember Modern periodic law states that, the physical and chemical properties of the elements are the periodic functions of their atomic numbers.",PROPERTY NUMBER STATE FIGURE PAMBAN BRIDGE PM PERIODIC CLASSIFICAITON ELEMENTS POINT REMEMBER MODERN LAW PHYSICAL CHEMICAL PROPERTIES FUNCTION ATOMIC PRESENT
The table in which elements are arranged in rows and columns in regular gradation is called periodic table.,ELEMENT GRADATION CALL TABLE ELEMENTS ARRANGE ROW COLUMNS REGULAR PERIODIC PAST
Smelting is the process of reducing the roasted metallic oxide into metal in molten condition.,SMELT PROCESS REDUCE ROAST METALLIC OXIDE METAL MELT CONDITION
Dilute or con.,DILUTE CON
"HNO3 does not attack aluminium metal ,as it renders aluminium passive due to oxide film formation on its surface.",IT SURFACE ATTACK ALUMINIUM METAL RENDER PASSIVE OXIDE FILM FORMATION PRESENT NOT
"The charge used in the metallurgy of iron consists of roasted ore, coke and limestone in the ratio, 8:4:1.",CHARGE USE METALLURGY IRON CONSIST ROAST ORE COKE LIMESTONE RATIO PAST
Copper vessel on exposure to air and moisture forms a green layer on its surface due to basic copper carbonate.,VESSEL CARBONATE FORM COPPER EXPOSURE AIR MOISTURE GREEN LAYER SURFACE BASIC PRESENT
An alloy is a homogeneous mixture of two or more metals.,ALLOY HOMOGENEOUS MIXTURE TWO MORE METAL
An amalgam is an alloy of mercury with another metal.,AMALGAM ALLOY MERCURY METAL
Ag-Sn amalgam is used for dental filling.,AMALGAM FILL USE AG SN DENTAL PAST
The chemical name of rust is hydrated ferric oxide and its formula is Fe2O3.xH2O.,CHEMICAL NAME RUST HYDRATE FERRIC OXIDE FORMULA
TEXTBOOK EVALUATION I.,TEXTBOOK EVALUATION
Choose the best answer. 1.,CHOOSE BEST ANSWER
"The number of periods and groups in the periodic table are______. a) 6,16 b) 7,17 c) 8,18 d) 7,18 2.",NUMBER PERIODS GROUP PERIODIC TABLE C
The basis of modern periodic law is______. a) atomic number b) atomic mass c) isotopic mass d) number of neutrons 3. _____ group contains the member of halogen family. a) 17th b) 15th c) 18th d) 16th 4. _____ is a relative periodic property a) atomic radii b) ionic radii c) electron affinity d) electronegativity 5.,_ D CONTAIN BASIS MODERN PERIODIC LAW ATOMIC NUMBER MASS C ISOTOPIC NEUTRONS GROUP MEMBER HALOGEN FAMILY B RELATIVE PROPERTY RADII IONIC ELECTRON AFFINITY ELECTRONEGATIVITY PRESENT
Chemical formula of rust is ________. a) FeO.xH2O b) FeO4.xH2O c) Fe2O3.xH2O d) FeO 6.,CHEMICAL FORMULA RUST B C D FEO
In the alumino thermic process the role of Al is _____. a) oxidizing agent b) reducing agent c) hydrogenating agent d) sulphurising agent 7.,ROLE AGENT REDUCE ALUMINO THERMIC PROCESS AL OXIDIZE B C HYDROGENATE SULPHURISING
The process of coating the surface of metal with a thin layer of zinc is called______. a) painting b) thinning c) galvanization d) electroplating 8.,PROCESS ZINC ELECTROPLATE COAT SURFACE METAL THIN LAYER CALL PAINT B C GALVANIZATION PAST
Which of the following have inert gases 2 electrons in the outermost shell. a) He b) Ne c) Ar d) Kr 10th_Science_Unit-8.indd 121 12/2/2022 5:07:33 PM 122 10th Standard Science 9.,HE SHELL HAVE FOLLOW INERT GAS ELECTRONS OUTERMOST NE AR D KR PM STANDARD SCIENCE PRESENT
Neon shows zero electron affinity due to _____. a) stable arrangement of neutrons b) stable configuration of electrons c) reduced size d) increased density 10. ______ is an important metal to form amalgam. a) Ag b) Hg c) Mg d) Al II.,_ AMALGAM INCREASE NEON SHOW ZERO ELECTRON AFFINITY STABLE ARRANGEMENT NEUTRONS CONFIGURATION ELECTRONS REDUCE SIZE DENSITY IMPORTANT METAL FORM AG B HG C MG D AL II PRESENT PAST
Fill in the blanks 1.,FILL BLANK
"If the electronegativity difference between two bonded atoms in a molecule is greater than 1.7, the nature of bonding is ______ 2. ________ is the longest period in the periodical table. 3. ________ forms the basis of modern periodic table. 4.",_ TABLE FORM ELECTRONEGATIVITY DIFFERENCE TWO BOND ATOMS MOLECULE GREATER NATURE LONGEST PERIOD PERIODICAL BASIS MODERN PERIODIC PAST PRESENT
"If the distance between two Cl atoms in Cl2 molecule is 1.98Å, then the radius of Cl atom is ________. 5.",DISTANCE TWO CL ATOMS MOLECULE THEN RADIUS ATOM
"Among the given species A–,A+, and A, the smallest one in size is ________. 6.",GIVE SPECIES SMALLEST ONE SIZE PAST
The scientist who propounded the modern periodic law is ________. 7.,SCIENTIST PROPOUND MODERN PERIODIC LAW PAST
"Across the period, ionic radii ________ (increases,decreases). 8. ________ and ________ are called inner transition elements. 9.",_ PERIOD CALL IONIC RADII INCREASE DECREASE INNER TRANSITION ELEMENTS PAST
The chief ore of Aluminium is ________. 10.,CHIEF ORE ALUMINIUM
The chemical name of rust is ________.,CHEMICAL NAME RUST
III.,III
Match the following 1.,MATCH FOLLOW
Galvanisation - Noble gas elements 2.,GALVANISATION NOBLE GAS ELEMENTS
Calcination - Coating with Zn 3.,CALCINATION COAT ZN
Redox reaction - Silver-tin amalgam 4.,REDOX REACTION SILVER TIN AMALGAM
Dental filling - Alumino thermic process 5.,DENTAL FILL ALUMINO THERMIC PROCESS
Group 18 elements - Heating in the absence of air IV.,GROUP ELEMENTS HEAT ABSENCE AIR IV
True or False: (If false give the correct statement) 1.,TRUE FALSE GIVE CORRECT STATEMENT
Moseley’s periodic table is based on atomic mass. 2.,TABLE MASS BASE MOSELEY PERIODIC ATOMIC PAST
Ionic radius increases across the period from left to right. 3.,IONIC RADIUS INCREASE PERIOD LEAVE RIGHT PRESENT PAST
All ores are minerals; but all minerals cannot be called as ores; 4.,ORES MINERALS CALL PAST NOT
Al wires are used as electric cables due to their silvery white colour. 5.,WIRE COLOUR USE AL ELECTRIC CABLE DUE SILVERY WHITE PAST
An alloy is a heterogenous mixture of metals.,ALLOY HETEROGENOUS MIXTURE METAL
"Assertion and Reason Answer the following questions using the data given below: i) A and R are correct, R explains the A. ii) A is correct, R is wrong. iii) A is wrong, R is correct. iv) A and R are correct, R doesn’t explains A. 1.",R II EXPLAIN ASSERTION REASON ANSWER FOLLOW QUESTION USE DATA GIVE BELOW I CORRECT WRONG PAST PRESENT
Assertion : The nature of bond in HF molecule is ionic Reason : The electronegativity difference between H and F is 1.9 2.,ASSERTION NATURE BOND HF MOLECULE IONIC REASON ELECTRONEGATIVITY DIFFERENCE H F
Assertion : Magnesium is used to protect steel from rusting Reason : Magnesium is more reactive than iron 3.,ASSERTION MAGNESIUM USE PROTECT STEEL RUST REASON MORE REACTIVE IRON PAST
Assertion : An uncleaned copper vessel is covered with greenish layer.,VESSEL LAYER COVER ASSERTION UNCLEANED COPPER GREENISH PAST
Reason : copper is not attacked by alkali VI.,REASON COPPER ATTACK ALKALI VI PAST NOT
Short answer questions 1.,SHORT ANSWER QUESTION PRESENT
"A is a reddish brown metal, which combines with O2 at < 1370 K gives B, a black coloured compound.",REDDISH BROWN METAL COMBINE K GIVE B BLACK COLOUR COMPOUND PRESENT
"At a temperature > 1370 K, A gives C which is red in colour.",WHICH COLOUR GIVE TEMPERATURE K C RED PRESENT
"Find A,B and C with reaction. 2.",FIND B C REACTION
A is a silvery white metal.,SILVERY WHITE METAL
"A combines with O2 to form B at 800oC, the alloy of A is used in making the aircraft.",ALLOY AIRCRAFT USE COMBINE FORM B MAKE PAST
Find A and B 3.,FIND B
What is rust?,RUST WHAT
Give the equation for formation of rust. 4.,GIVE EQUATION FORMATION RUST
State two conditions necessary for rusting of iron. 10th_Science_Unit-8.indd 122 12/2/2022 5:07:33 PM 123 Periodic Classificaiton of Elements VII.,STATE TWO CONDITION NECESSARY RUST IRON PM PERIODIC CLASSIFICAITON ELEMENTS VII
"Long answer questions 1. a) State the reason for addition of caustic alkali to bauxite ore during purification of bauxite. b) Along with cryolite and alumina, another substance is added to the electrolyte mixture.",SUBSTANCE MIXTURE ADD LONG ANSWER QUESTION STATE REASON ADDITION CAUSTIC ALKALI BAUXITE ORE PURIFICATION CRYOLITE ALUMINA ELECTROLYTE PAST
Name the substance and give one reason for the addition. 2.,NAME SUBSTANCE GIVE ONE REASON ADDITION
"The electronic configuration of metal A is 2,8,18,1.",ELECTRONIC CONFIGURATION METAL
The metal A when exposed to air and moisture forms B a green layered compound.,METAL EXPOSE AIR MOISTURE FORM B GREEN LAYER COMPOUND PAST
A with con.,CON
H2SO4 forms C and D along with water.,H-2-S-O-4 WATER FORM C D PRESENT
D is a gaseous compound.,D GASEOUS COMPOUND
"Find A,B,C and D. 3.",FIND B C
Explain smelting process.,EXPLAIN SMELT PROCESS
VIII.,VIII
HOT questions 1.,HOT QUESTION
Metal A belongs to period 3 and group 13.,A PERIOD BELONG METAL GROUP PRESENT
A in red hot condition reacts with steam to form B.,RED HOT CONDITION REACT STEAM FORM
A with strong alkali forms C.,STRONG ALKALI FORM
"Find A,B and C with reactions 2.",FIND B C REACTIONS
Name the acid that renders aluminium passive.,THAT ACID NAME RENDER ALUMINIUM PASSIVE PRESENT
Why? 3. a) Identify the bond between H and F in HF molecule. b) What property forms the basis of identification? c) How does the property vary in periods and in groups?,PROPERTY GROUP VARY IDENTIFY BOND H F HF MOLECULE FORM BASIS IDENTIFICATION PERIODS PRESENT WHY
REFERENCE BOOKS 1.,REFERENCE BOOK
Inorganic chemistry by PL Soni 2.,INORGANIC CHEMISTRY PL SONI
Physical chemistry by Puri and Sharma 3.,PHYSICAL CHEMISTRY PURI SHARMA
Inorganic chemistry by Atkins 4.,INORGANIC CHEMISTRY ATKINS
Oxford Inorganic chemistry INTERNET RESOURCES • https://www.webelements.com • www.rsc.orgperiodic-table • https://www.tcyonline.com Ore (Concentration of Ores) Metals of high reactivity Metals of medium reactivity Metals of least reactivity Electrolysis of molten ore Pure metal Carbonate ore Sulphide ore Roasting Reduction to metal Puriﬁcation Calcination Roasting Oxide of metal Reduction to metal Puriﬁcation Sulphide ore CONCEPT MAP 10th_Science_Unit-8.indd 123 12/2/2022 5:07:33 PM 124 INTRODUCTION You have learnt about mixtures in your lower classes.,YOU CLASS • OXFORD INORGANIC CHEMISTRY INTERNET RESOURCES TABLE ORE CONCENTRATION ORES METAL HIGH REACTIVITY MEDIUM LEAST ELECTROLYSIS MELT PURE CARBONATE SULPHIDE ROAST REDUCTION PURIFICATION CALCINATION OXIDE CONCEPT MAP PM INTRODUCTION LEARN MIXTURES LOWER PAST
Most of the substances that we encounter in our daily life are mixtures of two or more substances.,MOST SUBSTANCES ENCOUNTER DAILY LIFE MIXTURES TWO MORE PRESENT
The substances present in a mixture may exist in one or more physical state.,SUBSTANCE STATE EXIST SUBSTANCES PRESENT MIXTURE ONE MORE PHYSICAL
"For example, when we burn wood, the smoke released is a mixture of solid carbon and gases like CO2, CO, etc.",EXAMPLE BURN WOOD SMOKE RELEASE MIXTURE SOLID CARBON GAS CO PRESENT PAST
"In some cases of mixtures, their components can be separated easily whereas in some other cases they cannot be.",THEY CASE SEPARATE MIXTURES COMPONENTS EASILY OTHER PAST NOT
"Consider the two mixtures, one which contains salt and water, and the another which contains sand and water.",WHICH SAND CONSIDER TWO MIXTURES ONE CONTAIN SALT WATER PRESENT
Water is the one of the components in both the mixtures.,WATER ONE COMPONENTS MIXTURES
In the first case salt disolves in water.,FIRST CASE SALT DISOLVES WATER
In the second case the sand does not disolve in water.,SAND WATER DISOLVE SECOND CASE NOT
Sand in water can be separated by filtration but salt cannot be separated as it dissolves in water to form a homogeneous mixture.,IT MIXTURE SEPARATE SAND WATER FILTRATION SALT DISSOLVE FORM HOMOGENEOUS PAST PRESENT NOT
This kind of homogenous mixtures are termed as “solutions”. (b) Sand + Water (a) Salt + Water Figure 9.1 a) Homogeneous mixture b)heterogeneous mixture 9.1 SOLUTIONS IN DAY-TO-DAY LIFE One of the naturally existing solutions is sea water.,MIXTURE SOLUTION TERM KIND HOMOGENOUS MIXTURES SOLUTIONS SAND WATER SALT FIGURE HOMOGENEOUS DAY LIFE ONE NATURALLY EXIST SEA PAST
We cannot imagine life on earth without sea water.,WE WATER IMAGINE LIFE EARTH SEA NOT
It is a mixture of many dissolved salts.,MIXTURE MANY DISSOLVE SALT PAST
The another one is air.,ONE AIR
"It is a mixture of gases like nitrogen, oxygen, carbon dioxide and other gases.",MIXTURE GAS NITROGEN OXYGEN CARBON DIOXIDE OTHER
"Learning Objectives After studying this lesson, students will able to  define solution.  recognize the types of solutions.  analyse the factors influencing solubility.  explain the various modes of expression of concentration of solution.  calculate the solubility of solutes in solvents.  correlate the hydrated salts and anhydrous salts.  distinguish between deliquescent and hygroscopic substances. 125 Solutions All the life forms on the earth are associated with solutions.",LIFE SOLUTION ASSOCIATE LEARN OBJECTIVES STUDY LESSON STUDENTS ABLE DEFINE RECOGNIZE TYPE SOLUTIONS ANALYSE FACTOR INFLUENCE SOLUBILITY EXPLAIN VARIOUS MODES EXPRESSION CONCENTRATION CALCULATE SOLUTES SOLVENTS CORRELATE HYDRATE SALT ANHYDROUS DISTINGUISH DELIQUESCENT HYGROSCOPIC SUBSTANCES FORM EARTH PRESENT PAST
Plants take solutions of nutrients for their growth from the soil.,PLANT SOIL TAKE SOLUTIONS NUTRIENTS GROWTH PRESENT
"Most of the liquids found in human body including blood, lymph and urine are solutions.",MOST LIQUIDS FIND HUMAN BODY INCLUDE BLOOD LYMPH URINE SOLUTIONS PAST
"Day to day human activities like washing, cooking, cleaning and few other activities involve the formation of solutions with water.",ACTIVITY WATER INVOLVE DAY HUMAN ACTIVITIES WASH COOK CLEAN FEW OTHER FORMATION SOLUTIONS PRESENT
"Similarly, the drinks what we take, like fruit juice, aerated drinks, tea, coffee etc. are also solutions.",SIMILARLY DRINK TAKE FRUIT JUICE AERATE TEA COFFEE ALSO SOLUTIONS PRESENT PAST
"Therefore, the ability of water to form solutions is responsible for sustenance of life. 9.2 COMPONENTS OF SOLUTIONS We know that, a solution is a homogeneous mixture of two or more substances.",SOLUTION SUBSTANCE KNOW THEREFORE ABILITY WATER FORM SOLUTIONS RESPONSIBLE SUSTENANCE LIFE COMPONENTS HOMOGENEOUS MIXTURE TWO MORE SUBSTANCES PRESENT
"In a solution, the component which is present in lesser amount (by weight), is called solute and the component, which is present in a larger amount (by weight) is called solvent.",WHICH WEIGHT CALL SOLUTION COMPONENT PRESENT LESSER AMOUNT SOLUTE LARGER SOLVENT PAST
The solute gets distributed uniformly throughout the solvent and thus forming the mixture homogeneous.,SOLUTE MIXTURE DISTRIBUTE UNIFORMLY SOLVENT THUS FORM HOMOGENEOUS PAST
"So, the solvent acts as a dissolving medium in a solution.",SOLVENT SOLUTION ACT DISSOLVE MEDIUM PRESENT
The process of uniform distribution of solute into solvent is called dissolution.,PROCESS SOLVENT CALL UNIFORM DISTRIBUTION SOLUTE DISSOLUTION PAST
Figure 9.2 shows the schematic representation of solution.,FIGURE SOLUTION SHOW SCHEMATIC REPRESENTATION PRESENT
Solute Solvent Solution 126 10th Standard Science 9.3.2 Based on the type of solvent Most of the substances are soluble in water.,SOLUTE SOLVENT SOLUTION STANDARD SCIENCE BASE TYPE MOST SUBSTANCES SOLUBLE WATER PAST
"That is why, water is called as ‘Universal solvent”.",WATER CALL UNIVERSAL SOLVENT PAST
However some substances do not dissolve in water.,SUBSTANCE WATER DISSOLVE HOWEVER SUBSTANCES NOT
"Therefore, other solvents such as ethers, benzene, alcohols etc., are used to prepare a solution.",SOLVENT SOLUTION USE THEREFORE OTHER SOLVENTS SUCH ETHERS BENZENE ALCOHOLS PREPARE PAST
"On the basis of type of solvent, solutions are classified into two types.",SOLUTION TYPE CLASSIFY BASIS SOLVENT SOLUTIONS TWO PAST
They are aqueous solutions and non-aqueous solutions. a) Aqueous solution: The solution in which water acts as a solvent is called aqueous solution.,AQUEOUS SOLUTIONS NON SOLUTION WATER ACT SOLVENT CALL PRESENT PAST
"Common salt in water, Sugar in water, Copper sulphate in water etc. b) Non – Aqueous solution: The solution in which any liquid, other than water, acts as a solvent is called non- aqueous solution.",LIQUID SOLVENT CALL COMMON SALT WATER SUGAR COPPER SULPHATE NON AQUEOUS SOLUTION OTHER ACT PRESENT PAST
Solvent other than water is referred to as non-aqueous solvent.,SOLVENT REFER OTHER WATER NON AQUEOUS PAST
"Generally, alcohols, benzene, ethers, carbon disulphide, acetone, etc., are used as non-aqueous solvents.",ALCOHOLS SOLVENT USE GENERALLY BENZENE ETHERS CARBON DISULPHIDE ACETONE NON AQUEOUS SOLVENTS PAST
"Examples for non-aqueous solutions: Sulphur dissolved in carbon disulphide, Iodine dissolved in carbon tetrachloride.",IODINE TETRACHLORIDE DISSOLVE EXAMPLES NON AQUEOUS SOLUTIONS SULPHUR CARBON DISULPHIDE PAST
"Table 9.1 Types of binary solutions Solute Solvent Example Solid solution Solid Solid Copper dissolved in gold (Alloys) Liquid Solid Mercury with sodium (amalgam) Liquid solution Solid Liquid Sodium chloride dissolved in water Liquid Liquid Ethyl alcohol dissolved in water Gas Liquid carbon-di-oxide dissolved in water (Soda water) Gaseous solution Liquid Gas Water vapour in air (cloud) Gas Gas Mixture of Helium-Oxygen gases, (a) (b) Figure 9.4 a) Sulphur is soluble in CS2 b) Sulphur is insoluble in water 9.3.3 Based on the amount of solute The amount of the solute that can be dissolved in the given amount of solvent is limited under any given conditions.",TABLE TYPE BINARY SOLUTIONS SOLUTE SOLVENT EXAMPLE SOLID SOLUTION COPPER DISSOLVE GOLD ALLOY LIQUID MERCURY SODIUM AMALGAM CHLORIDE WATER ETHYL ALCOHOL GAS CARBON DI OXIDE SODA GASEOUS VAPOUR AIR CLOUD MIXTURE HELIUM OXYGEN FIGURE SULPHUR SOLUBLE B INSOLUBLE BASE AMOUNT GIVE LIMIT CONDITION PAST
"Based on the amount of solute, in the given amount of solvent, solutions are classified into the following types: (i) Saturated solution (ii) Unsaturated solution (iii) Super saturated solution (i) Saturated solution: A solution in which no more solute can be dissolved in a definite amount of the solvent at a given temperature is called saturated solution. e.g. 36 g of sodium chloride in 100 g of water at 25°C forms saturated solution. 10th_Science_Unit-9.indd 126 12/3/2022 3:39:19 PM 127 Solutions and the another is said to be ‘dilute solution’.",1-2-/-3-/-2-0-2-2 SOLUTION SAY BASE AMOUNT SOLUTE GIVE SOLVENT SOLUTIONS CLASSIFY FOLLOW TYPE I SATURATE II UNSATURATED III SUPER MORE DISSOLVE DEFINITE TEMPERATURE CALL G SODIUM CHLORIDE WATER C FORM PM DILUTE PAST NOT
They are schematically represented by Figure 9.5.,THEY FIGURE REPRESENT SCHEMATICALLY PAST
Dilute solution Solvent Solute Concentrated solution 128 10th Standard Science Solubility is defined as the number of grams of a solute that can be dissolved in 100 g of a solvent to form its saturated solution at a given temperature and pressure.,DILUTE SOLUTION SOLVENT SOLUTE CONCENTRATE STANDARD SCIENCE SOLUBILITY DEFINE NUMBER GRAMS DISSOLVE G FORM SATURATE GIVE TEMPERATURE PRESSURE PAST
"For example, 36 g of sodium chloride need to be dissolved in 100 g of water to form its saturated solution at 25°C.",G C NEED EXAMPLE SODIUM CHLORIDE DISSOLVE WATER FORM SATURATE SOLUTION PRESENT PAST
Thus the solubility of NaCl in water is 36 g at 25°C.,THUS SOLUBILITY NACL WATER G C
The solubility is mathematically expressed as Solubility = Mass of the solute × 100 Mass of the solvent Table 9.2 Solubility’s of some common substances in water at 25°C Name of the solute Formula of the solute Solubility g/100 g water Calcium carbonate CaCO3(s) 0.0013 Sodium chloride NaCl (s) 36 Ammonia NH3(g) 48 Sodium hydroxide NaOH(s) 80 Glucose C6H12O6(s) 91 Sodium bromide NaBr(s) 95 Sodium iodide NaI(s) 184 9.4.1 Factors affecting solubility There are three main factors which govern the solubility of a solute.,WHICH SOLUTE BE SOLUBILITY MATHEMATICALLY EXPRESS MASS SOLVENT TABLE COMMON SUBSTANCES WATER C NAME FORMULA G CALCIUM CARBONATE SODIUM CHLORIDE NACL S AMMONIA HYDROXIDE GLUCOSE BROMIDE IODIDE FACTOR AFFECT THREE MAIN GOVERN PAST PRESENT
They are: (i) Nature of the solute and solvent (ii) Temperature (iii) Pressure (i) Nature of the solute and solvent The nature of the solute and solvent plays an important role in solubility.,NATURE SOLUBILITY SOLVENT I SOLUTE II TEMPERATURE III PRESSURE PLAY IMPORTANT ROLE PRESENT
"Although water dissolves an enormous variety of substances, both ionic and covalent, it does not dissolve everything.",IT EVERYTHING DISSOLVE WATER ENORMOUS VARIETY SUBSTANCES IONIC COVALENT PRESENT NOT
The phrase that scientists often use when predicting solubility is “like dissolves like.” This expression means that dissolving occurs when similarities exist between the solvent and the solute.,SIMILARITY SOLVENT MEAN PHRASE SCIENTISTS OFTEN USE PREDICT SOLUBILITY DISSOLVE EXPRESSION OCCUR SIMILARITIES EXIST SOLUTE HABITUAL PRESENT
For example: Common salt is a polar compound and dissolves readily in polar solvent like water.,EXAMPLE COMMON SALT POLAR COMPOUND DISSOLVE READILY SOLVENT WATER PRESENT
Non-polar compounds are soluble in non-polar solvents.,NON POLAR COMPOUND SOLUBLE SOLVENTS
"For example, Fat dissolved in ether.",FAT ETHER DISSOLVE EXAMPLE PAST
"But non-polar compounds, do not dissolve in polar solvents; polar compounds do not dissolve in non-polar solvents. (ii) Effect of Temperature Solubility of Solids in Liquid: Generally, solubility of a solid solute in a liquid solvent increases with increase in temperature.",COMPOUND TEMPERATURE DISSOLVE NON POLAR SOLVENTS II EFFECT SOLUBILITY SOLIDS LIQUID GENERALLY SOLID SOLUTE SOLVENT INCREASE NOT
"For example, a greater amount of sugar will dissolve in warm water than in cold water.",AMOUNT WATER DISSOLVE EXAMPLE GREATER SUGAR WARM COLD
"In endothermic process, solubility increases with increase in temperature.",ENDOTHERMIC PROCESS SOLUBILITY INCREASE TEMPERATURE
"In exothermic process, solubility decreases with increase in temperature.",SOLUBILITY TEMPERATURE DECREASE EXOTHERMIC PROCESS INCREASE PRESENT
Solubility of Gases in liquid Do you know why is it bubbling when water is boiled?,WATER LIQUID KNOW SOLUBILITY GAS BUBBLE BOIL PAST WHY
Solubility of gases in liquid decrease with increase in temperature.,SOLUBILITY GAS LIQUID DECREASE INCREASE TEMPERATURE
"Generally, water contains dissolved oxygen.",WATER OXYGEN CONTAIN GENERALLY DISSOLVE PRESENT PAST
"When water is heated, the solubility of oxygen in water decreases, so oxygen escapes in the form of bubbles.",WATER HEAT SOLUBILITY OXYGEN DECREASE ESCAPE FORM BUBBLE PAST
"Aquatic animals live more in cold regions because, more amount of dissolved oxygen is present in the water of cold regions.",AMOUNT REGION LIVE AQUATIC ANIMALS MORE COLD REGIONS DISSOLVE OXYGEN PRESENT WATER PAST
This shows that the solubility of oxygen in water is more at low temperatures. (iii) Effect of Pressure Effect of pressure is observed only in the case of solubility of a gas in a liquid.,EFFECT LIQUID OBSERVE SHOW SOLUBILITY OXYGEN WATER MORE LOW TEMPERATURES III PRESSURE ONLY CASE GAS PRESENT PAST
"When the pressure is increased, the solubility of a gas in liquid increases.",PRESSURE INCREASE SOLUBILITY GAS LIQUID PAST
"The common examples for solubility of gases in liquids are carbonated beverages, i.e. soft drinks, household cleaners containing 10th_Science_Unit-9.indd 128 12/3/2022 3:39:21 PM 129 Solutions aqueous solution of ammonia, formalin- aqueous solution of formaldehyde, etc.",COMMON EXAMPLES SOLUBILITY GAS LIQUIDS CARBONATE BEVERAGES SOFT DRINK HOUSEHOLD CLEANERS CONTAIN PM SOLUTIONS AQUEOUS SOLUTION AMMONIA FORMALDEHYDE PAST
Figure 9.6 Effect of pressure on solubility More to know The effect of pressure on the solubility of a gas in liquid is given by Henry’s law.,EFFECT LAW FIGURE PRESSURE SOLUBILITY MORE KNOW GAS LIQUID GIVE HENRY PAST
"It states that, the solubility of a gas in a liquid is directly proportional to the pressure of the gas over the solution at a definite temperature. 9.5 Concentration of a Solution So far, we discussed what is a solution? what does it consist of and its types.",IT WHAT CONSIST STATE SOLUBILITY GAS LIQUID DIRECTLY PROPORTIONAL PRESSURE SOLUTION DEFINITE TEMPERATURE CONCENTRATION FAR DISCUSS TYPE PRESENT PAST
Most of the chemical reactions take place in solutions form.,MOST FORM TAKE CHEMICAL REACTIONS PLACE SOLUTIONS PRESENT
So it is essential to quantify the solute in solvent to study the reactions.,ESSENTIAL QUANTIFY SOLUTE SOLVENT STUDY REACTIONS
"To quantify the solute in a solution, we can use the term “concentration”.",WE CONCENTRATION USE QUANTIFY SOLUTE SOLUTION TERM
Concentration of a solution may be defined as the amount of solute present in a given amount of solution or solvent.,CONCENTRATION SOLUTION DEFINE AMOUNT SOLUTE PRESENT GIVE SOLVENT PAST
"Quantitatively, concentration of a solution may be expressed in different methods.",CONCENTRATION METHOD EXPRESS QUANTITATIVELY SOLUTION DIFFERENT METHODS PAST
"But here, we shall discuss percentage by mass (% mass) and percentage by volume (% volume). 9.5.1 Mass percentage Mass percentage of a solution is defined as the percentage by mass of the solute present in the solution.",PERCENTAGE SOLUTION DEFINE HERE DISCUSS MASS VOLUME SOLUTE PRESENT PAST
It is mostly used when solute is solid and solvent is liquid.,MOSTLY USE SOLUTE SOLID SOLVENT LIQUID PAST
Mass Percentage = Mass of the solute × 100 Mass of the solution Mass Percentage = Mass of the solute × 100 Mass of the solute + Mass of the solvent For example: 5% sugar solution (by mass) means 5 g of sugar in 95 g of water.,MASS WATER MEAN PERCENTAGE SOLUTE SOLUTION SOLVENT EXAMPLE SUGAR G PRESENT
Hence it is made 100g of solution.,IT SOLUTION MAKE HENCE G PAST
"Usually, mass percentage is expressed as w/w (weight / weight); mass percentage is independent of temperature. 9.5.2 Volume percentage Volume percentage is defined as the percentage by volume of solute (in ml) present in the given volume of the solution.",PERCENTAGE SOLUTION DEFINE USUALLY MASS EXPRESS W WEIGHT INDEPENDENT TEMPERATURE VOLUME SOLUTE ML PRESENT GIVE HABITUAL PAST
"Volume Percentage = Volume of the solute × 100 Volume of the solution Volume Percentage = Volume of the solute × 100 Volume of the solute + volume of the solvent For example, 10% by volume of the solution of ethanol in water, means 10 ml of ethanol in 100 ml of solution (or 90 ml of water) Usually volume percentage is expressed as v/v (volume / volume).",PERCENTAGE VOLUME EXPRESS SOLUTE SOLUTION SOLVENT EXAMPLE ETHANOL WATER MEAN ML USUALLY V PRESENT HABITUAL PAST
It is used when both the solute and solvent are liquids.,USE SOLUTE SOLVENT LIQUIDS PAST
"Volume percentage decreases with increases in temperature, because of expansion of liquid.",PERCENTAGE LIQUID DECREASE VOLUME INCREASE TEMPERATURE EXPANSION PRESENT
"You can notice that in the commercial products that we come across in our daily life such as a solution of syrups, mouth wash, antiseptic solution, household disinfectants etc., the concentration of the ingredients is expressed as v/v.",CONCENTRATION V NOTICE COMMERCIAL PRODUCTS COME DAILY LIFE SUCH SOLUTION SYRUPS MOUTH WASH ANTISEPTIC HOUSEHOLD DISINFECTANTS INGREDIENTS EXPRESS PRESENT PAST
"Similarly, in ointments, antacid, soaps, etc., the concentration of solutions are expressed as w/w.",CONCENTRATION W. EXPRESS SIMILARLY OINTMENTS ANTACID SOAP SOLUTIONS W PAST
"Ointment Figure 9.7 Ointment (w/w percent) 10th_Science_Unit-9.indd 129 12/3/2022 3:39:21 PM 130 10th Standard Science 9.6 Hydrated salts and Water of Crystallization When ionic substances are dissolved in water to make their saturated aqueous solution, their ions attract water molecules which then attached chemically in certain ratio.",WHICH RATIO ATTRACT OINTMENT FIGURE W PERCENT PM STANDARD SCIENCE HYDRATE SALT WATER CRYSTALLIZATION IONIC SUBSTANCES DISSOLVE MAKE SATURATE AQUEOUS SOLUTION IONS MOLECULES THEN ATTACH CHEMICALLY CERTAIN PAST PRESENT
This process is called hydration.,PROCESS CALL HYDRATION PAST
These ionic substances crystallize out from their saturated aqueous solution with a definite number of molecules of water.,SUBSTANCE WATER CRYSTALLIZE IONIC SUBSTANCES SATURATE AQUEOUS SOLUTION DEFINITE NUMBER MOLECULES PRESENT PAST
The number of water molecules found in the crystalline substance is called water of crystallization.,NUMBER CRYSTALLIZATION CALL WATER MOLECULES FIND CRYSTALLINE SUBSTANCE PAST
Such salts are called hydrated salts.,SUCH SALT CALL HYDRATE PAST
"Figure 9.8 a) Crystalline hydrated salt b) Amorphous anhydrous salt On heating these hydrated crystalline salts, they lose their water of crystallization and become amorphous or lose their colour (if they are coloured).",THEY COLOUR LOSE FIGURE CRYSTALLINE HYDRATE SALT B AMORPHOUS ANHYDROUS HEAT WATER CRYSTALLIZATION BECOME PRESENT PAST
Table 9.3 shows some common hydrated salts: Table 9.3 Hydrated salts Common Name IUPAC Name Molecular Formula Blue Vitriol Copper (II) sulphate pentahydrate CuSO4.5H2O Epsom Salt Magnesium sulphate heptahydrate MgSO4.7H2O Gypsum Calcium sulphate dihydrate CaSO4.2H2O Green Vitriol Iron (II) sulphate heptahydrate FeSO4.7H2O White Vitriol Zinc sulphate heptahydrate ZnSO4.7H2O 9.6.1 Copper sulphate pentahydrate CuSO4.5H2O (Blue vitriol) The number of water molecules in blue vitriol is five.,NUMBER VITRIOL SHOW TABLE COMMON HYDRATE SALT NAME IUPAC MOLECULAR FORMULA BLUE COPPER II SULPHATE PENTAHYDRATE EPSOM MAGNESIUM HEPTAHYDRATE GYPSUM CALCIUM DIHYDRATE GREEN IRON WHITE ZINC WATER MOLECULES FIVE PRESENT
So its water of crystallization is 5.,WATER CRYSTALLIZATION
"When blue coloured copper sulphate crystals are gently heated, it loses its five water molecules and becomes colourless anhydrous copper sulphate.",IT MOLECULE LOSE BLUE COLOUR COPPER SULPHATE CRYSTALS GENTLY HEAT FIVE WATER MOLECULES BECOME COLOURLESS ANHYDROUS PAST PRESENT
"Heating CuSO4.5H2O ⇌ CuSO4 + 5H2O (Copper sulphate pentahydrate) Cooling (Anhydrous copper sulphate) Blue colour colourless Figure 9.9 a) Copper sulphate before heating b) Copper sulphate after heating If you add few drops of water or allow it to cool, the colourless anhydrous salt again turns back into blue coloured hydrated salt.",SALT TURN HEAT COPPER SULPHATE PENTAHYDRATE COOL ANHYDROUS BLUE COLOUR COLOURLESS FIGURE ADD FEW DROP WATER ALLOW AGAIN BACK HYDRATE PRESENT PAST
Figure 9.10 Anhydrous copper sulphate turns to blue when water is added 9.6.2 Magnesium sulphate heptahydrate MgSO4.7H2O (Epsom salt) Its water of crystallization is 7.,WATER CRYSTALLIZATION FIGURE ANHYDROUS COPPER SULPHATE TURN BLUE ADD MAGNESIUM HEPTAHYDRATE EPSOM SALT PRESENT PAST
"When magnesium sulphate heptahydrate crystals are (a) (a) (b) (b) (b) (a) 10th_Science_Unit-9.indd 130 12/3/2022 3:39:21 PM 131 Solutions gently heated, it loses seven water molecules, and becomes anhydrous magnesium sulphate.",IT MOLECULE LOSE MAGNESIUM SULPHATE HEPTAHYDRATE CRYSTALS B PM SOLUTIONS GENTLY HEAT SEVEN WATER MOLECULES BECOME ANHYDROUS PAST PRESENT
"Heating MgSO4.7H2O ⇌ MgSO4 + 7H2O (Magnesium sulphate heptahydrate) Cooling (Anhydrous Magnesium sulphate) If you add few drops of water or allow it to cool, the colourless anhydrous salt again turns back into hydrated salt. 9.7 Hygroscopy Certain substances, when exposed to the atmospheric air at ordinary temperature, absorb moisture without changing their physical state.",SUBSTANCE STATE ABSORB HEAT MAGNESIUM SULPHATE HEPTAHYDRATE COOL ANHYDROUS ADD FEW DROP WATER ALLOW COLOURLESS SALT AGAIN TURN BACK HYDRATE HYGROSCOPY CERTAIN SUBSTANCES EXPOSE ATMOSPHERIC AIR ORDINARY TEMPERATURE MOISTURE CHANGE PHYSICAL PRESENT PAST
Such substances are called hygroscopic substances and this property is called hygroscopy.,SUCH SUBSTANCES CALL HYGROSCOPIC PROPERTY HYGROSCOPY PAST
Hygroscopic substances are used as drying agents.,SUBSTANCE AGENT USE HYGROSCOPIC SUBSTANCES DRY AGENTS PAST
Example: 1.,EXAMPLE
Conc.Sulphuric acid (H2SO4). 2.,CONC SULPHURIC ACID
Phosphorus Pentoxide (P2O5). 3.,PHOSPHORUS PENTOXIDE
Quick lime (CaO). 4.,QUICK LIME CAO
"Silica gel (SiO2). 9.8 Deliquescence Certain substances which are so hygroscopic, when exposed to the atmospheric air at ordinary temperatures, absorb enough water and get completely dissolved.",WHICH WATER ABSORB SILICA GEL DELIQUESCENCE CERTAIN SUBSTANCES HYGROSCOPIC EXPOSE ATMOSPHERIC AIR ORDINARY TEMPERATURES ENOUGH GET COMPLETELY DISSOLVE PAST
Such substances are called deliquescent substances and this property is called deliquescence.,SUCH SUBSTANCES CALL DELIQUESCENT PROPERTY DELIQUESCENCE PAST
Deliquescent substances lose their crystalline shape and ultimately dissolve in the absorbed water forming a saturated solution.,SUBSTANCE SOLUTION LOSE DELIQUESCENT SUBSTANCES CRYSTALLINE SHAPE ULTIMATELY DISSOLVE ABSORB WATER FORM SATURATE PRESENT PAST
"Deliquescence is maximum when: 1) The temperature is low 2) The atmosphere is humid Examples: Caustic soda (NaOH), Caustic potash (KOH) and Ferric chloride (FeCl3).",DELIQUESCENCE MAXIMUM TEMPERATURE LOW ATMOSPHERE HUMID EXAMPLES CAUSTIC SODA NAOH POTASH KOH FERRIC CHLORIDE
Figure 9.11 Deliquescence in Sodium hydroxide 9.9 Problems Based on Solubility and Percentage by Mass and Volume I.,FIGURE DELIQUESCENCE SODIUM HYDROXIDE PROBLEMS BASE SOLUBILITY PERCENTAGE MASS VOLUME PAST
Problems based on solubility 1) 1.5 g of solute is dissolved in 15 g of water to form a saturated solution at 298K.,PROBLEM 2-9-8-K-. DISSOLVE PROBLEMS BASE SOLUBILITY G SOLUTE WATER FORM SATURATE SOLUTION PAST
Find out the solubility of the solute at the temperature.,FIND SOLUBILITY SOLUTE TEMPERATURE
Table 9.3 Difference between hygroscopic substances and deliquescence.,TABLE DIFFERENCE HYGROSCOPIC SUBSTANCES DELIQUESCENCE
"Hygroscopic substances Deliquescence substances When exposed to the atmosphere at ordinary temperature, they absorb moisture and do not dissolve.",THEY MOISTURE ABSORB HYGROSCOPIC SUBSTANCES DELIQUESCENCE EXPOSE ATMOSPHERE ORDINARY TEMPERATURE DISSOLVE PAST PRESENT NOT
"When exposed to the atmospheric air at ordinary temperature, they absorb moisture and dissolve.",THEY MOISTURE ABSORB EXPOSE ATMOSPHERIC AIR ORDINARY TEMPERATURE DISSOLVE PAST PRESENT
Hygroscopic substances do not change its physical state on exposure to air.,SUBSTANCE AIR CHANGE HYGROSCOPIC SUBSTANCES PHYSICAL STATE EXPOSURE NOT
Deliquescent substances change its physical state on exposure to air.,SUBSTANCE AIR CHANGE DELIQUESCENT SUBSTANCES PHYSICAL STATE EXPOSURE PRESENT
Hygroscopic substances may be amorphous solids or liquids.,HYGROSCOPIC SUBSTANCES AMORPHOUS SOLIDS LIQUIDS
Deliquescent substances are crystalline solids. 10th_Science_Unit-9.indd 131 12/3/2022 3:39:22 PM 132 10th Standard Science Mass of the solute = 1.5 g Mass of the solvent = 15 g Solubility of the solute = Mass of the solute × 100 Mass of the solvent Solubility of the solute = 1.5 × 100 15 = 10 g 2) Find the mass of potassium chloride would be needed to form a saturated solution in 60 g of water at 303 K?,MASS K FIND DELIQUESCENT SUBSTANCES CRYSTALLINE SOLIDS PM STANDARD SCIENCE SOLUTE G SOLVENT SOLUBILITY POTASSIUM CHLORIDE NEED FORM SATURATE SOLUTION WATER PRESENT PAST QUESTION
Given that solubility of the KCl is 37/100 g at this temperature.,GIVE SOLUBILITY KCL G TEMPERATURE PAST
Mass of potassium chloride in 100 g of water in saturated solution = 37 g Mass of potassium chloride in = 60 g of water in saturated solution 37 × 60 100 = 22.2 g 3) What is the mass of sodium chloride that would be needed to form a saturated solution in 50 g of water at 30°C.,MASS POTASSIUM CHLORIDE G WATER SATURATE SOLUTION SODIUM NEED FORM C PAST
Solubility of sodium chloride is 36 g at 30°C?,SOLUBILITY SODIUM CHLORIDE G C QUESTION
"At 30°C, 36 g of sodium chloride is dissolved in 100 g of water. ∴ Mass of sodium chloride that would be need for 100 g of water = 36 g ∴ Mass of sodium chloride dissolved in 50 g of water = 36 × 50 100 = 18 g 4) The solubility of sodium nitrate at 50°C and 30°C is 114 g and 96 g respectively.",SOLUBILITY C NEED G SODIUM CHLORIDE DISSOLVE WATER MASS NITRATE RESPECTIVELY PAST
Find the amount of salt that will be thrown out when a saturated solution of sodium nitrate containing 50 g of water is cooled from 50°C to 30°C?,SOLUTION C FIND AMOUNT SALT THROW SATURATE SODIUM NITRATE CONTAIN G WATER COOL PAST WHEN
Amount of sodium nitrate dissolved in 100 g of water at 50°C is 114 g ∴ Amount of sodium nitrate dissolving in 50 g of water at 50°C is = 114 × 50 100 = 57 g Similarly amount of sodium nitrate dissolving in 50g of water at 30°C is = 96 × 50 100 = 48g Amount of sodium nitrate thrown when 50g of water is cooled from 50°C to 30°C is 57 – 48 = 9 g II.,AMOUNT SODIUM NITRATE DISSOLVE G WATER C SIMILARLY THROW COOL II PAST
Problem based on mass percentage 1) A solution was prepared by dissolving 25 g of sugar in 100 g of water.,SOLUTION WATER PREPARE PROBLEM BASE MASS PERCENTAGE DISSOLVE G SUGAR PAST
Calculate the mass percentage of solute.,CALCULATE MASS PERCENTAGE SOLUTE
Mass of the solute = 25 g Mass of the solvent = 100 g Mass Percentage = Mass of the solute × 100 Mass of the solution Mass Percentage = Mass of the solute × 100 Mass of the solute + Mass of the solvent = 25 × 100 25+100 = 25 × 100 125 = 20% 2) 16 grams of NaOH is dissolved in 100 grams of water at 25°C to form a saturated solution.,GRAM SOLUTION DISSOLVE MASS SOLUTE G SOLVENT PERCENTAGE GRAMS NAOH WATER C FORM SATURATE PRESENT PAST
Find the mass percentage of solute and solvent.,FIND MASS PERCENTAGE SOLUTE SOLVENT
Mass of the solute (NaOH) = 16 g Mass of the solvent H2O = 100 g (i) Mass percentage of the solute Mass percentage = of solute Mass of the solute × 100 Mass of the solute + Mass of the solvent = 16 × 100 16 + 100 = 1600 116 10th_Science_Unit-9.indd 132 12/3/2022 3:39:22 PM 133 Solutions Mass percentage of the solute = 13.79 % (ii) Mass percentage of solvent = 100 – (Mass percentage of the solute) = 100 – 13.79 = 86.21% 3) Find the amount of urea which is to be dissolved in water to get 500 g of 10% w/w aqueous solution?,WHICH SOLUTION FIND MASS SOLUTE NAOH G SOLVENT I PERCENTAGE PM SOLUTIONS II AMOUNT UREA DISSOLVE WATER GET W AQUEOUS PRESENT PAST
Mass = percentage (w/w) Mass of the solute × 100 Mass of the solution 10 = Mass of the urea × 100 500 Mass of urea = 50g (iii) Problem based on volume – volume percentage. 1) A solution is made from 35 ml of Methanol and 65 ml of water.,SOLUTION WATER MAKE MASS PERCENTAGE W SOLUTE UREA G III PROBLEM BASE VOLUME ML METHANOL PAST
Calculate the volume percentage.,CALCULATE VOLUME PERCENTAGE
Volume of the ethanol = 35 ml Volume of the water = 65 ml Volume percentage = Volume of the solute × 100 Volume of the solution Volume percentage = Volume of the solute × 100 Volume of the solute + Volume of the solvent Volume percentage = 35 × 100 35+65 Volume percentage = 35 × 100 100 = 35% 2) Calculate the volume of ethanol in 200 ml solution of 20% v/v aqueous solution of ethanol.,VOLUME ETHANOL CALCULATE ML WATER PERCENTAGE SOLUTE SOLUTION SOLVENT AQUEOUS PRESENT
"Volume of aqueous solution = 200 ml Volume percentage = 20% Volume percentage = Volume of solute × 100 Volume of solution 20 = Volume of ethanol × 100 200 Volume of ethanol = 20 × 200 100 Points to Remember   A solution is a homogeneous mixture of two or more substances.   An aqueous solution is a solution in which the solvent is water.   A non-aqueous solution is a solution in which the solvent is a liquid, other than water   A solution in which no more solute can be dissolved in a definite amount of the solvent at a given temperature is called saturated solution.   An unsaturated solution is one that contains less solute than the saturated solution at a given temperature.   A supersaturated solution is one that contains more solute than the saturated solution at a given temperature.   Polar compounds are soluble in polar solvents.   Non-polar compounds are soluble in non-polar solvents.   In endothermic process, solubility of solid solute increases with increase in temperature.   In exothermic process, solubility of solid solute decreases with increase in temperature. = 40 ml 10th_Science_Unit-9.indd 133 12/3/2022 3:39:22 PM 134 10th Standard Science I.",VOLUME AQUEOUS SOLUTION ML PERCENTAGE SOLUTE ETHANOL POINT REMEMBER HOMOGENEOUS MIXTURE TWO MORE SUBSTANCES SOLVENT WATER NON LIQUID OTHER DISSOLVE DEFINITE AMOUNT GIVE TEMPERATURE CALL SATURATE UNSATURATED ONE CONTAIN LESS SUPERSATURATED POLAR COMPOUND SOLUBLE SOLVENTS ENDOTHERMIC PROCESS SOLUBILITY SOLID INCREASE EXOTHERMIC DECREASE PM STANDARD SCIENCE PRESENT PAST NOT
Choose the correct answer. 1.,CHOOSE CORRECT ANSWER
A solution is a __________ mixture. a. homogeneous b. heterogeneous c. homogeneous and heterogeneous d. non homogeneous 2.,SOLUTION MIXTURE HOMOGENEOUS HETEROGENEOUS NON
The number of components in a binary solution is __________ a. 2 b. 3 c. 4 d. 5 3.,NUMBER COMPONENTS BINARY SOLUTION
Which of the following is the universal solvent? a.,FOLLOW UNIVERSAL SOLVENT
Acetone b.,ACETONE
Benzene c.,BENZENE
Water d.,WATER
Alcohol 4.,ALCOHOL
A solution in which no more solute can be dissolved in a definite amount of solvent at a given temperature is called _______ a.,SOLUTE TEMPERATURE CALL SOLUTION MORE DISSOLVE DEFINITE AMOUNT SOLVENT GIVE PAST NOT
Saturated solution b.,SATURATE SOLUTION PAST
Un saturated solution c.,UN SOLUTION SATURATE PAST
Super saturated solution d.,SUPER SATURATE SOLUTION PAST
Dilute solution 5.,DILUTE SOLUTION
Identify the non aqueous solution. a. sodium chloride in water b. glucose in water c. copper sulphate in water d. sulphur in carbon-di-sulphide 6.,IDENTIFY NON AQUEOUS SOLUTION SODIUM CHLORIDE WATER GLUCOSE COPPER SULPHATE SULPHUR CARBON DI SULPHIDE
When pressure is increased at constant temperature the solubility of gases in liquid ___________. a.,PRESSURE LIQUID INCREASE CONSTANT TEMPERATURE SOLUBILITY GAS PAST
No change b. increases c. decreases d. no reaction 7.,CHANGE INCREASE DECREASE REACTION PRESENT NOT
Solubility of NaCl in 100 ml water is 36 g.,SOLUBILITY NACL ML WATER
If 25 g of salt is dissolved in 100 ml of water how much more salt is required for saturation _____________. a. 12g b. 11g c. 16g d. 20g 8.,SALT _ REQUIRE G DISSOLVE ML WATER MUCH MORE SATURATION PAST
A 25% alcohol solution means a. 25 ml alcohol in 100 ml of water b. 25 ml alcohol in 25 ml of water c. 25 ml alcohol in 75 ml of water d. 75 ml alcohol in 25 ml of water 9.,SOLUTION WATER MEAN ALCOHOL ML PRESENT
Deliquescence is due to __________ a.,DELIQUESCENCE DUE
Strong affinity to water b.,STRONG AFFINITY WATER
Less affinity to water c.,LESS AFFINITY WATER
Strong hatred to water d.,STRONG HATRED WATER
Inertness to water 10.,INERTNESS WATER
Which of the following is hygroscopic in nature? a. ferric chloride b. copper sulphate penta hydrate c. silica gel d. none of the above II.,FOLLOW HYGROSCOPIC NATURE FERRIC CHLORIDE COPPER SULPHATE PENTA HYDRATE SILICA GEL NONE ABOVE II NOT
Fill in the blanks 1.,FILL BLANK
"The component present in lesser amount, in a solution is called _______ 2.",COMPONENT SOLUTION CALL PRESENT LESSER AMOUNT PAST
Example for liquid in solid type solution is _____ 3.,EXAMPLE LIQUID SOLID TYPE SOLUTION
Solubility is the amount of solute dissolved in _____ g of solvent. 4.,SOLUBILITY AMOUNT SOLUTE DISSOLVE G SOLVENT PAST
Polar compounds are soluble in _____ solvents 5.,POLAR COMPOUND SOLUBLE SOLVENTS
Volume persentage decreases with increases in temperature because _____ III.,PERSENTAGE III DECREASE VOLUME INCREASE TEMPERATURE PRESENT
Match the following 1.,MATCH FOLLOW
Blue vitriol – CaSO4 .2H2O 2.,BLUE VITRIOL
Gypsum – CaO 3.,GYPSUM CAO
Deliquescence – CuSO4.5H2O 4.,DELIQUESCENCE
Hygroscopic – NaOH TEXTBOOK EVALUATION 10th_Science_Unit-9.indd 134 12/3/2022 3:39:22 PM 135 Solutions IV.,HYGROSCOPIC NAOH TEXTBOOK EVALUATION PM SOLUTIONS IV
True or False: (If false give the correct statement) 1.,TRUE FALSE GIVE CORRECT STATEMENT
Solutions which contain three components are called binary solution. 2.,WHICH COMPONENT CALL SOLUTIONS CONTAIN THREE COMPONENTS BINARY SOLUTION PRESENT PAST
In a solution the component which is present in lesser amount is called solvent. 3.,WHICH AMOUNT CALL SOLUTION COMPONENT PRESENT LESSER SOLVENT PAST
Sodium chloride dissolved in water forms a non-aqueous solution. 4.,SODIUM CHLORIDE DISSOLVE WATER FORM NON AQUEOUS SOLUTION PAST
The molecular formula of green vitriol is MgSO4.7H2O 5.,MOLECULAR FORMULA GREEN VITRIOL
"When Silica gel is kept open, it absorbs moisture from the air, because it is hygroscopic in nature V.",IT NATURE ABSORB SILICA GEL KEEP OPEN MOISTURE AIR HYGROSCOPIC PAST PRESENT
Short answer 1.,SHORT ANSWER
Define the term: Solution 2.,DEFINE TERM SOLUTION
What is mean by binary solution 3.,MEAN BINARY SOLUTION
Give an example each i) gas in liquid ii) solid in liquid iii) solid in solid iv) gas in gas 4.,GIVE EXAMPLE I GAS LIQUID II SOLID III IV
What is aqueous and non-aqueous solution?,AQUEOUS NON SOLUTION WHAT
Give an example. 5.,GIVE EXAMPLE
Define Volume percentage 6.,DEFINE VOLUME PERCENTAGE
The aquatic animals live more in cold region Why? 7.,ANIMAL REGION LIVE AQUATIC ANIMALS MORE COLD PRESENT
Define Hydrated salt. 8.,DEFINE HYDRATE SALT
A hot saturated solution of copper sulphate forms crystals as it cools.,HOT SATURATE SOLUTION COPPER SULPHATE FORM CRYSTALS COOL PAST PRESENT
"Classify the following substances into deliquescent, hygroscopic.",CLASSIFY FOLLOW SUBSTANCES DELIQUESCENT HYGROSCOPIC
Conc.,CONC
"Sulphuric acid, Copper sulphate penta hydrate, Silica gel, Calcium chloride, and Gypsum salt.",COPPER HYDRATE SULPHATE SULPHURIC ACID PENTA SILICA GEL CALCIUM CHLORIDE GYPSUM SALT PRESENT
VI.,VI
Long answer: 1.,LONG ANSWER
Write notes on i) saturated solution ii) unsaturated solution 2.,WRITE NOTE I SATURATE SOLUTION II UNSATURATED PAST
Write notes on various factors affecting solubility. 3. a) What happens when MgSO4.7H2O is heated?,M-G-S-O-4-.-7-H-2-O SOLUBILITY HAPPEN WRITE NOTE VARIOUS FACTOR AFFECT HEAT PRESENT PAST WHAT
Write the appropriate equation b) Define solubility 4.,WRITE APPROPRIATE EQUATION B DEFINE SOLUBILITY
In what way hygroscopic substances differ from deliquescent substances. 5.,SUBSTANCE DIFFER WAY HYGROSCOPIC SUBSTANCES DELIQUESCENT PRESENT
A solution is prepared by dissolving 45 g of sugar in 180 g of water.,SOLUTION WATER PREPARE DISSOLVE G SUGAR PAST
Calculate the mass percentage of solute. 6. 3.5 litres of ethanol is present in 15 litres of aqueous solution of ethanol.,LITRE ETHANOL CALCULATE MASS PERCENTAGE SOLUTE LITRES PRESENT AQUEOUS SOLUTION
Calculate volume percent of ethanol solution.,CALCULATE VOLUME PERCENT ETHANOL SOLUTION
VII.,VII
HOTS 1.,HOTS
"Vinu dissolves 50 g of sugar in 250 ml of hot water, Sarath dissolves 50 g of same sugar in 250 ml of cold water.",SARATH WATER DISSOLVE VINU G SUGAR ML HOT SAME COLD PRESENT
Who will get faster dissolution of sugar? and Why? 2. 'A' is a blue coloured crystaline salt.,A SUGAR GET FASTER DISSOLUTION BLUE COLOUR CRYSTALINE SALT
On heating it loses blue colour and to give 'B'.,IT B LOSE HEAT BLUE COLOUR GIVE PRESENT
"When water is added, 'B' gives back to 'A'.",WATER ' GIVE ADD B PAST PRESENT
"Identify A and B, write the equation. 3.",IDENTIFY B WRITE EQUATION
Will the cool drinks give more fizz at top of the hills or at the foot?,DRINK FOOT GIVE COOL MORE FIZZ TOP HILL PRESENT QUESTION
Explain REFERENCE BOOKS 1.,EXPLAIN REFERENCE BOOK
Properties Liquids Solutions John Murrell 2nd Edition. 2.,PROPERTIES LIQUIDS SOLUTIONS JOHN MURRELL EDITION
"Fundamental Interrelationships Between Certain Soluble Salts and Soil Colloids (Classic Reprint) Hardcover, by Leslie Theodore Sharp INTERNET RESOURCES 1. https://www.cwcboe.org/cms/lib/ NJ01001185/Centricity/Domain/203/ Solutions%20Suspensions%20and%20 Colloids.pdf 10th_Science_Unit-9.indd 135 12/3/2022 3:39:22 PM 136 10th Standard Science URL: https://play.google.com/store/apps/details?id=air.thix.sciencesense.beaker or Scan the QR Code.",FUNDAMENTAL INTERRELATIONSHIPS CERTAIN SOLUBLE SALT SOIL COLLOIDS CLASSIC REPRINT HARDCOVER LESLIE THEODORE SHARP INTERNET RESOURCES CENTRICITY PM STANDARD SCIENCE URL SCAN QR CODE
"ICT CORNER Solutions • Access the application “BEAKER – Mix Chemicals” with help of the URL or QR code, Install it in the mobile.",ICT MOBILE INSTALL CORNER SOLUTIONS ACCESS APPLICATION BEAKER MIX CHEMICALS HELP URL QR CODE PAST
"You can see that the screen will act like a beaker after opening the application. • If you click the round button, you can see many elements and compounds. • If you click any elements and compounds, it will be added to the beaker in the home screen. • By clicking Menu at the left side, You can see lid, match stick, burner and chemist.",YOU STICK SEE SCREEN ACT BEAKER OPEN APPLICATION CLICK ROUND BUTTON MANY ELEMENTS COMPOUND ADD HOME MENU LEAVE SIDE LID MATCH BURNER CHEMIST PRESENT PAST
Use those whenever necessary.,USE NECESSARY
Steps BEAKER application enable the students to use their mobile as virtual chemistry laboratory and also to do various experiments on their own.,STUDENT OWN ENABLE STEP BEAKER APPLICATION STUDENTS USE MOBILE VIRTUAL CHEMISTRY LABORATORY ALSO VARIOUS EXPERIMENT PRESENT
"Solvent + solute solution Types of solution Based on type of solvent Based on type of solute Based on the physical state of solute and solvent 1.Auqous solution 2.Non aqueous solution 1.Saturated solution 2.Unsaturated solution 3.Super saturated solution 1.Dilute solution 2.Concentrated solution 1.Solid solution 2.Liquid solution 3.Gases solution Concentration of solution 0DVV SHUFHQWDJH Volume SHUFHQWDJH solubility Salt Factors affecting solubility Water obsorbing from atmospheric air Hydrated salt Hygroscopy Deliquescence Concept Map 10th_Science_Unit-9.indd 136 12/3/2022 3:39:23 PM 137 INTRODUCTION As you know from your earlier studies, a chemical reaction involves breaking of old chemical bonds and formation of new chemical bonds.",REACTION BOND INVOLVE SOLVENT SOLUTE SOLUTION TYPE BASE PHYSICAL STATE AQUEOUS SATURATE CONCENTRATION SHUFHQWDJH VOLUME SOLUBILITY SALT FACTOR AFFECT WATER OBSORBING ATMOSPHERIC AIR HYDRATE HYGROSCOPY DELIQUESCENCE CONCEPT MAP PM INTRODUCTION KNOW EARLIER STUDY CHEMICAL BREAK OLD FORMATION NEW PAST PRESENT
This change may happen spontaneously or it may be facilitated by external forces or energy.,IT FORCE HAPPEN CHANGE SPONTANEOUSLY FACILITATE EXTERNAL ENERGY PAST
Chemistry is all about chemical reactions.,CHEMISTRY ALL CHEMICAL REACTIONS
"In your day to day life, you could observe many chemical reactions.",YOU REACTION OBSERVE DAY LIFE MANY CHEMICAL REACTIONS
A clear understanding of these reactions is essential in order to manipulate them for the sake of human life and environment.,CLEAR UNDERSTAND REACTIONS ESSENTIAL ORDER MANIPULATE SAKE HUMAN LIFE ENVIRONMENT
"So, chemistry mainly focuses on chemical reactions.",CHEMISTRY REACTION FOCUS MAINLY CHEMICAL REACTIONS PRESENT
"Let us try to find the answer for the following questions: You need energy to play, walk, run or to perform various physical activities.",YOU ACTIVITY NEED LET TRY FIND ANSWER FOLLOW QUESTION ENERGY PLAY WALK RUN PERFORM VARIOUS PHYSICAL ACTIVITIES PRESENT
Where do you get the energy from?,YOU ENERGY GET WHERE
How do plants grow and get their food?,PLANT FOOD GROW GET HOW
How does a car move using fuel?,CAR FUEL MOVE USE HOW
Why does iron rust on its exposure to water or air?,IRON RUST EXPOSURE WATER AIR WHY
You get energy from the digestion of the food you eat.,YOU FOOD GET ENERGY DIGESTION EAT PRESENT
Plants grow by absorbing nutrients from the Earth and get their food by photosynthesis.,PLANT PHOTOSYNTHESIS GROW ABSORB NUTRIENTS EARTH GET FOOD PRESENT
The combustion of a fuel makes the car to move.,CAR FUEL MAKE COMBUSTION MOVE PRESENT
Oxidation of iron causes rusting.,OXIDATION IRON CAUSE RUST
"So, all these processes are chemical changes i.e. the materials, which undergo changes are converted into some other new materials.",PROCESS CHEMICAL CHANGE MATERIALS UNDERGO CONVERT OTHER NEW PRESENT PAST
"For example, by burning petrol, the hydrocarbons present in it are converted into carbon dioxide and water.",HYDROCARBON DIOXIDE CONVERT EXAMPLE BURN PETROL HYDROCARBONS PRESENT CARBON WATER PAST
"In this chapter, let us discuss the nature and types of chemical reactions.",WE REACTION LET CHAPTER DISCUSS NATURE TYPE CHEMICAL REACTIONS
"Learning Objectives After completing this lesson learners will be able to infer different types of chemical reaction. acquire knowledge about combination reaction and skill to perform a combination reaction using quick lime and water. identify and differentiate between reversible and irreversible reactions. explain the reversible reaction occurring at the equilibrium state. list and explain characteristics of equilibrium state. define rate of reaction. discuss the dependence of rate of reactions on concentration, temperature and catalyst. define pH. correlate the concentration of hydrogen ions and pH with neutral, acidic and basic nature of aqueous solutions. recognize the importance of pH in everyday life. explain the term ionic product of water. 138 10th Standard Science equal in the given equation.",LEARN OBJECTIVES COMPLETE LESSON LEARNERS ABLE INFER DIFFERENT TYPE CHEMICAL REACTION ACQUIRE KNOWLEDGE COMBINATION SKILL PERFORM USE QUICK LIME WATER IDENTIFY DIFFERENTIATE REVERSIBLE IRREVERSIBLE REACTIONS EXPLAIN OCCUR EQUILIBRIUM STATE LIST CHARACTERISTICS DEFINE RATE DISCUSS DEPENDENCE CONCENTRATION TEMPERATURE CATALYST CORRELATE HYDROGEN IONS PH NEUTRAL ACIDIC BASIC NATURE AQUEOUS SOLUTIONS RECOGNIZE IMPORTANCE EVERYDAY LIFE TERM IONIC PRODUCT STANDARD SCIENCE EQUAL GIVE EQUATION PAST
"On balancing the number of atoms, the following equation can be obtained: CH4 + 2O2 → CO2 + 2H2O Further, the chemical equation provides information on the physical state of the substances and the conditions under which the reaction takes place.",REACTION PLACE PROVIDE BALANCE NUMBER ATOMS FOLLOW EQUATION OBTAIN FURTHER CHEMICAL INFORMATION PHYSICAL STATE SUBSTANCES CONDITION TAKE PAST PRESENT
"CH4(g) + 2O2(g) → CO2(g) + 2H2O(g) Methane Oxygen Carbon dioxide Water A balanced chemical equation is the simplified representation of a chemical reaction which describes the chemical composition, physical state of the reactants and the products, and the reaction conditions.",METHANE OXYGEN CARBON DIOXIDE WATER BALANCE CHEMICAL EQUATION SIMPLIFY REPRESENTATION REACTION DESCRIBE COMPOSITION PHYSICAL STATE REACTANTS PRODUCTS CONDITION PRESENT
What happens during a chemical reaction?,WHAT REACTION HAPPEN CHEMICAL PRESENT
"In a chemical reaction, the atoms of the reacting molecules or elements are rearranged to form new molecules.",ATOM MOLECULE REARRANGE CHEMICAL REACTION ATOMS REACT MOLECULES ELEMENTS FORM NEW PAST
Old chemical bonds between atoms are broken and new chemical bonds are formed.,BOND ATOM BREAK OLD CHEMICAL ATOMS NEW FORM PAST
Bond breaking absorbs energy whereas bond formation releases energy How are chemical reactions represented?,REACTION ENERGY ABSORB BOND BREAK FORMATION RELEASE CHEMICAL REACTIONS REPRESENT PRESENT PAST HOW
"When methane reacts with oxygen, it forms carbon dioxide and water.",IT DIOXIDE FORM METHANE REACT OXYGEN CARBON WATER PRESENT
How can you represent this reaction?,YOU REACTION REPRESENT HOW
"It can be written as a word equation as shown below: Methane + Oxygen → Carbon dioxide + Water But, this equation does not give the chemical composition of the reactants and products.",EQUATION REACTANT GIVE WRITE WORD SHOW BELOW METHANE OXYGEN CARBON DIOXIDE WATER CHEMICAL COMPOSITION REACTANTS PRODUCTS PAST NOT
"So, to learn the characteristics of a chemical reaction, it is represented by a chemical equation.",IT EQUATION REPRESENT LEARN CHARACTERISTICS CHEMICAL REACTION PAST
"In the chemical equation, the chemicals of the reaction are represented by their chemical formulas.The compounds or elements, which undergo reactions (reactants) are shown to the left of an arrow and the compounds formed (products) are shown to the right of the arrow.",COMPOUND ARROW SHOW CHEMICAL EQUATION CHEMICALS REACTION REPRESENT FORMULAS ELEMENTS UNDERGO REACTIONS REACTANTS LEAVE FORM PRODUCTS RIGHT PAST PRESENT
The arrow indicates the direction of the reaction.,ARROW REACTION INDICATE DIRECTION PRESENT
"Thus, the aforesaid reaction can be written as follows: CH4 + O2 → CO2 + H2O But, this is also an incomplete chemical equation.",THIS C-H-4 WRITE THUS AFORESAID REACTION FOLLOW ALSO INCOMPLETE CHEMICAL EQUATION PAST PRESENT
"Because, the law of conservation of matter states that matter cannot be created or destroyed.",MATTER STATE CREATE LAW CONSERVATION DESTROY PAST NOT
You cannot create new atoms by a chemical reaction.,YOU REACTION CREATE NEW ATOMS CHEMICAL NOT
"In contrast, they are rearranged in different ways by a chemical reaction to form a new compound.",THEY COMPOUND REARRANGE CONTRAST DIFFERENT WAYS CHEMICAL REACTION FORM NEW PAST
"So, in a chemical equation, the number of atoms of the reactants and that of the products must be equal.",CHEMICAL EQUATION NUMBER ATOMS REACTANTS PRODUCTS EQUAL
"The number of hydrogen and oxygen atoms in the reactants and the products are not MORE TO KNOW The phases or the physical state of the substances in a chemical reaction are denoted in short form within a bracket, as the subscript of the formula, of the respective substances.",NUMBER HYDROGEN OXYGEN ATOMS REACTANTS PRODUCTS MORE KNOW PHASE PHYSICAL STATE SUBSTANCES CHEMICAL REACTION DENOTE SHORT FORM BRACKET SUBSCRIPT FORMULA RESPECTIVE PAST NOT
"For example, when solid potassium reacts with liquid water, it produces hydrogen gas and potassium hydroxide solution.",IT SOLUTION PRODUCE EXAMPLE SOLID POTASSIUM REACT LIQUID WATER HYDROGEN GAS HYDROXIDE PRESENT
All these information of the reaction is given in the chemical equation as shown below: 2K(s) + 2H2O(I) → 2KOH(aq) + H2(g) Symbol Phase or physical state s Solid l Liquid g Gas aq Aqueous Solution 10th_Science_Unit-10.indd 138 12/3/2022 2:55:18 PM 139 Types of Chemical Reactions 10.1 TYPES OF CHEMICAL REACTIONS Classification based on the nature of rearrangements of atoms So far you studied about a chemical reaction and how it can be described as a chemical equation.,IT EQUATION STUDY INFORMATION REACTION GIVE CHEMICAL SHOW BELOW SYMBOL PHASE PHYSICAL STATE SOLID L LIQUID G GAS AQUEOUS SOLUTION PM TYPE REACTIONS CLASSIFICATION BASE NATURE REARRANGEMENTS ATOMS FAR DESCRIBE PAST
A large number of chemical reactions are taking place around us every day.Are they taking place in a similar way?,THEY WAY TAKE LARGE NUMBER CHEMICAL REACTIONS PLACE DAY SIMILAR QUESTION
No.,NOT
Each reaction involves different kinds of atoms and hence the way they react also differs.,THEY ATOM INVOLVE REACTION DIFFERENT KINDS ATOMS HENCE WAY REACT ALSO DIFFER PRESENT
"Thus, based on the manner by which the atoms of the reactants are rearranged, chemical reactions are classified as follows. (a) Combination reactions A combination reaction is a reaction in which two or more reactants combine to form a compound.",REACTANT COMPOUND CLASSIFY THUS BASE MANNER ATOMS REACTANTS REARRANGE CHEMICAL REACTIONS FOLLOW COMBINATION REACTION TWO MORE COMBINE FORM PAST PRESENT
It is otherwise called 'synthesis reaction' or 'composition reaction'.,OTHERWISE CALL SYNTHESIS REACTION COMPOSITION PAST
"When a reactant ‘A’ combines with ‘B’, it forms the product ‘AB’.",IT PRODUCT FORM REACTANT COMBINE B AB PRESENT
The generalised scheme of a combination reaction is given below: A + B → A B Example: Hydrogen gas combines with chlorine gas to form hydrogen chloride gas.,GAS COMBINE GENERALISE SCHEME COMBINATION REACTION GIVE BELOW B EXAMPLE HYDROGEN CHLORINE FORM CHLORIDE PAST PRESENT
"H2(g) + Cl2(g) → 2HCl(g) Depending on the chemical nature of the reactants, there are three classes of combination reactions:  Element + Element → Compound In this type of combination reaction, two elements react with one other to form a compound.",ELEMENT COMPOUND REACT DEPEND CHEMICAL NATURE REACTANTS THREE CLASS COMBINATION REACTIONS TYPE REACTION TWO ELEMENTS ONE OTHER FORM PRESENT
The reaction may take place between a metal and a non-metal or two non-metals.,REACTION METAL TAKE PLACE NON TWO
"Example 1: When solid sulphur reacts with oxygen, it produces sulphur dioxide.",IT DIOXIDE PRODUCE EXAMPLE SOLID SULPHUR REACT OXYGEN PRESENT
"Here both the reactants are non-metals. 140 10th Standard Science (b) Decomposition reactions In a decomposition reaction, a single compound splits into two or more simpler substances under suitable conditions.",HERE REACTANTS NON METAL STANDARD SCIENCE B DECOMPOSITION REACTIONS REACTION SINGLE COMPOUND SPLIT TWO MORE SIMPLER SUBSTANCES SUITABLE CONDITION
It is the opposite of the combination reaction.,OPPOSITE COMBINATION REACTION
"The generalised scheme of a decomposition reaction is given below: Breaking of bonds is the major phenomenon in a decomposition reaction and hence it requires energy to break the bonds, depending on the nature of the energy used in the decomposition reaction.",GENERALISE SCHEME DECOMPOSITION REACTION GIVE BELOW BREAK BOND MAJOR PHENOMENON HENCE REQUIRE ENERGY DEPEND NATURE USE PAST PRESENT
There are three main classes of decomposition reactions.,THREE MAIN CLASS DECOMPOSITION REACTIONS PRESENT
They are (i) Thermal Decomposition Reactions (ii) Electrolytic Decomposition Reactions (iii) Photo Decomposition Reactions A solution of slaked lime is used for white washing walls.,SOLUTION WALL USE I THERMAL DECOMPOSITION REACTIONS II ELECTROLYTIC III PHOTO SLAKE LIME WHITE WASH PAST
Calcium hydroxide reacts slowly with the carbon dioxide in air to form a thin layer of calcium carbonate on the walls.,CALCIUM WALL REACT HYDROXIDE SLOWLY CARBON DIOXIDE AIR FORM THIN LAYER CARBONATE PRESENT
Calcium carbonate is formed after two to three days of white washing and gives a shiny finish to the walls.,CARBONATE WALL FORM CALCIUM TWO THREE DAYS WHITE WASH GIVE SHINY FINISH PAST PRESENT
"It is interesting to note that the chemical formula for marble is also CaCO3 Ca(OH)2(aq) + CO2(g) → CaCO3(s) + H2O(I) Slaked Lime Carbon dioxide Calcium Carbonate Water (i) Thermal Decomposition Reactions In this type of reaction, the reactant is decomposed by applying heat.",REACTANT HEAT DECOMPOSE INTEREST NOTE CHEMICAL FORMULA MARBLE ALSO SLAKE LIME CARBON DIOXIDE CALCIUM CARBONATE WATER I THERMAL DECOMPOSITION REACTIONS TYPE REACTION APPLY PAST
"For example, on heating mercury (II) oxide is decomposed into mercury metal and oxygen gas.",OXIDE METAL DECOMPOSE EXAMPLE HEAT MERCURY II OXYGEN GAS PAST
"As the molecule is dissociated by the absorption of heat, it is otherwise called ‘Thermolysis’.",IT HEAT CALL MOLECULE DISSOCIATE ABSORPTION OTHERWISE THERMOLYSIS PAST
"It is a class of compound to element/element decomposition. i.e. a compound (HgO) is decomposed into two elements (Hg and Oxygen). 2HgO(s) Heat → 2Hg(l) + O2(g) Similarly, when calcium carbonate is heated, it breaks down in to calcium oxide and carbon dioxide.",IT OXIDE BREAK CLASS COMPOUND ELEMENT DECOMPOSITION HGO DECOMPOSE TWO ELEMENTS HG OXYGEN HEAT SIMILARLY CALCIUM CARBONATE CARBON DIOXIDE PAST PRESENT
It is a type of compound to compound/compound decomposition.,TYPE COMPOUND DECOMPOSITION
"CaCO3(s) Heat → CaO(s) + CO2(g) In thermal decomposition reaction, heat is supplied to break the bonds.",HEAT BOND SUPPLY THERMAL DECOMPOSITION REACTION BREAK PAST
"Such reactions, in which heat is absorbed, are called ‘Endothermic reactions’. (ii) Electrolytic Decomposition Reactions In some of the decomposition reactions, electrical energy is used to bring about the reaction.",ENERGY REACTION USE SUCH REACTIONS HEAT ABSORB CALL ENDOTHERMIC II ELECTROLYTIC DECOMPOSITION ELECTRICAL BRING PAST
"For example, decomposition of sodium chloride occurs on passing electric current through its aqueous solution.",DECOMPOSITION SOLUTION OCCUR EXAMPLE SODIUM CHLORIDE PASS ELECTRIC CURRENT AQUEOUS PRESENT
Sodium chloride decomposes in to metallic sodium and chlorine gas.,SODIUM CHLORIDE DECOMPOSE METALLIC CHLORINE GAS
"This process is termed as ‘Electrolysis’. 2NaCl(aq) 2Na(s) + Cl2(g) Here, a compound (NaCl) is converted into elements (Na and chlorine).",COMPOUND ELEMENT CONVERT PROCESS TERM ELECTROLYSIS HERE NACL ELEMENTS NA CHLORINE PAST
"So it is a type of compound to element/element decomposition. (iii) Photo Decomposition Reactions Light is an another form of energy, which facilitates some of the decomposition reactions.",TYPE COMPOUND ELEMENT DECOMPOSITION III PHOTO REACTIONS LIGHT FORM ENERGY FACILITATE PRESENT
"For example, when silver bromide is exposed to light, it breaks down into silver metal and bromine gas.",IT METAL BREAK EXAMPLE SILVER BROMIDE EXPOSE LIGHT BROMINE GAS PAST PRESENT
"As the decomposition is caused by light, this kind of reaction is also called ‘Photolysis’. 2AgBr(s) → 2Ag(s) + Br2(g) Figure 10.1 Photo decomposition of silver bromide Electricity Light 10th_Science_Unit-10.indd 140 12/3/2022 2:55:19 PM 141 Types of Chemical Reactions The yellow coloured silver bromide turns into grey coloured silver metal.",BROMIDE METAL TURN DECOMPOSITION CAUSE LIGHT KIND REACTION ALSO CALL PHOTOLYSIS FIGURE PHOTO SILVER ELECTRICITY PM TYPE CHEMICAL REACTIONS YELLOW COLOUR GREY PAST PRESENT
It is also a compound to element/element decomposition. (c) Single Displacement Reactions It is a reaction between an element and a compound.,ALSO COMPOUND ELEMENT DECOMPOSITION C SINGLE DISPLACEMENT REACTIONS REACTION
"When they react, one of the elements of the compound-reactant is replaced by the element-reactant to form a new compound and an element.",ONE COMPOUND REPLACE REACT ELEMENTS REACTANT ELEMENT FORM NEW PRESENT PAST
The general schematic representation of a single displacement reaction is given as: ‘A’ displaces element ‘B’ from the compound ‘BC’ and hence a single displacement reaction occurs.,REACTION BC GIVE GENERAL SCHEMATIC REPRESENTATION SINGLE DISPLACEMENT DISPLACE ELEMENT B COMPOUND HENCE OCCUR PAST PRESENT
"If zinc metal is placed in hydrochloric acid, hydrogen gas is evolved.",GAS ACID EVOLVE ZINC METAL PLACE HYDROCHLORIC HYDROGEN PAST
"Here, hydrogen is displaced by zinc metal and zinc chloride is formed.",HYDROGEN METAL DISPLACE HERE ZINC CHLORIDE FORM PAST
"Zn(s) + 2HCl(aq) → ZnCl2(aq) + H2(g) Fe(s) + CuSO4(aq) → FeSO4(aq) + Cu(s) If an iron nail is placed in an aqueous solution of copper (II) sulphate as shown in Fig. 10.2, the iron displaces copper from its aqueous solution and the so formed copper deposits over the iron nail.",NAIL PLACE IRON AQUEOUS SOLUTION COPPER II SULPHATE SHOW FIG DISPLACE FORM DEPOSIT PAST
Figure 10.2 Displacement of copper It is easy to propose so many reactions of this kind with different combinations of reactants.,FIGURE DISPLACEMENT COPPER EASY PROPOSE MANY REACTIONS KIND DIFFERENT COMBINATIONS REACTANTS
Will they all occur in practice?,THEY PRACTICE OCCUR QUESTION
No.,NOT
This is most easily demonstrated with halogens.,THIS HALOGEN DEMONSTRATE MOST EASILY HALOGENS PAST
"Let us consider the following two reactions: 2NaCl(aq) + F2(g) → 2NaF(aq) + Cl2(g) 2NaF(aq) + Cl2(g) → 2NaCl(aq) + F2(g) The first reaction involves the displacement of chlorine from NaCl, by fluorine.",REACTION FLUORINE INVOLVE LET CONSIDER FOLLOW TWO REACTIONS FIRST DISPLACEMENT CHLORINE NACL PRESENT
"In the second reaction, chlorine displaces fluorine from NaF.",DISPLACE N-A-F-. FLUORINE SECOND REACTION CHLORINE PRESENT
"Out of these two, the second reaction will not occur.",REACTION TWO OCCUR SECOND NOT
"Because, fluorine is more active than chlorine and occupies the upper position in the periodic table.",FLUORINE MORE ACTIVE CHLORINE OCCUPY UPPER POSITION PERIODIC TABLE PRESENT
"So, in displacement reactions, the activity of the elements and their relative position in the periodic table are the key factors to determine the feasibility of the reactions.",DISPLACEMENT REACTIONS ACTIVITY ELEMENTS RELATIVE POSITION PERIODIC TABLE KEY FACTOR DETERMINE FEASIBILITY
More active elements readily displace less active elements from their aqueous solution.,ELEMENT SOLUTION DISPLACE MORE ACTIVE ELEMENTS READILY LESS AQUEOUS PRESENT
"The activity series of some elements is given below: To remember Activity Series • Please Potassium (K) • Send Sodium (Na) • Lions Lithium (Li) • Cats Calcium (Ca) • Monkeys Magnesuim (Mg) • And Aluminium (Al) • Zebras Zinc (Zn) • Into Iron (Fe) • Lovely Lead (Pb) • Hot Hydrogen (H) non-metal • Countries Copper (Cu) • Signed Silver (Ag) • General Gold (Au) • Penguin Platinum (Pt) Most reactive Least reactive By referring the activity series, try to answer the following questions: Which of the metals displaces hydrogen gas from hydrochloric acid?",WHICH ACID REACTIVE ACTIVITY SERIES ELEMENTS GIVE BELOW REMEMBER POTASSIUM K SEND SODIUM NA LIONS LITHIUM LI CAT CALCIUM CA MONKEY MAGNESUIM MG ALUMINIUM AL ZEBRAS ZINC ZN IRON FE LOVELY LEAD PB HOT HYDROGEN H NON METAL COUNTRIES COPPER CU SIGN SILVER AG GENERAL GOLD AU PENGUIN PLATINUM PT MOST LEAST REFER TRY ANSWER FOLLOW QUESTION DISPLACE GAS HYDROCHLORIC PAST PRESENT
Silver or Zinc.,SILVER ZINC
"Give the chemical equation of the reaction and Justify your answer. 10th_Science_Unit-10.indd 141 12/3/2022 2:55:19 PM 142 10th Standard Science Activity 10.1 Take about 50 ml of toilet cleaning acid in a beaker Place a small iron nail in it Wait for about 10 minutes Observe what happen in the beaker Do you recognize any change? Report your observations with the chemical equation. (d) Double Displacement Reactions When two compounds react, if their ions are interchanged, then the reaction is called double displacement reaction.",REACTION EQUATION CALL GIVE CHEMICAL JUSTIFY ANSWER PM STANDARD SCIENCE ACTIVITY ML TOILET CLEAN ACID BEAKER SMALL IRON NAIL MINUTES HAPPEN RECOGNIZE CHANGE OBSERVATIONS DOUBLE DISPLACEMENT REACTIONS TWO COMPOUND REACT IONS INTERCHANGE THEN PRESENT PAST
The ion of one compound is replaced by the ion of the another compound.,ION COMPOUND REPLACE ONE PAST
"Ions of identical charges are only interchanged, i.e., a cation can be replaced by other cations.",CATION REPLACE IONS IDENTICAL CHARGE ONLY INTERCHANGE OTHER CATIONS PAST
This reaction is also called ‘Metathesis Reaction’.,REACTION ALSO CALL METATHESIS PAST
The schematic representation of a double displacement reaction is given below: + D C → + A C A B B D In a double displacement reaction either one of the products must be either a precipitate or water.,ONE PRODUCT GIVE SCHEMATIC REPRESENTATION DOUBLE DISPLACEMENT REACTION BELOW D C B PRODUCTS PRECIPITATE WATER PAST
"By this way, there are major classes of double displacement reactions.",WAY MAJOR CLASS DOUBLE DISPLACEMENT REACTIONS PRESENT
"They are: (i) Precipitation Reactions (ii) Neutralization Reactions (i) Precipitation Reactions When aqueous solutions of two compounds are mixed, if they react to form an insoluble compound and a soluble compound, then it is called precipitation reaction.",IT COMPOUND CALL I PRECIPITATION REACTIONS II NEUTRALIZATION AQUEOUS SOLUTIONS TWO MIX REACT FORM INSOLUBLE SOLUBLE THEN REACTION PRESENT PAST
"Because the insoluble compound, formed as one of the products, is a precipitate and hence the reaction is so called.",INSOLUBLE COMPOUND FORM ONE PRODUCTS PRECIPITATE HENCE REACTION CALL PAST
"When the clear aqueous solutions of potassium iodide and lead (II) nitrate are mixed, a double displacement reaction takes place between them.",REACTION THEY TAKE CLEAR AQUEOUS SOLUTIONS POTASSIUM IODIDE LEAD II NITRATE MIX DOUBLE DISPLACEMENT PLACE PRESENT
Pb(NO3)2(aq) + 2KI(aq) → PbI2(s)↓ + 2KNO3(aq) Potassium and lead displace or replace one other and form a yellow precipitate of lead (II) iodide as shown in Fig. 10.3.,POTASSIUM LEAD DISPLACE REPLACE ONE OTHER FORM YELLOW PRECIPITATE II IODIDE SHOW FIG PAST
"Figure 10.3 Precipitation of PbI2 Activity 10.2 Take a pinch of silver nitrate crystals. Collect about 5 ml of tap water in a test tube. Add the silver nitrate crystals to water and shake well. Observe what happen in the test tube. Report your observations and what you infer from that? (ii) Neutralization Reactions In your lower classes, you have learned the reaction between an acid and a base.",YOU ACID LEARN FIGURE PRECIPITATION ACTIVITY PINCH SILVER NITRATE CRYSTALS ML TAP WATER TEST TUBE SHAKE WELL HAPPEN OBSERVATIONS INFER II NEUTRALIZATION REACTIONS LOWER CLASS REACTION BASE PRESENT PAST
It is Table 10.1 Differences between combination and decomposition reactions COMBINATION REACTIONS DECOMPOSITION REACTIONS One or more reactants combine to form a single product A single reactant is decomposed to form one or more products Energy is released Energy is absorbed Elements or compounds may be the reactants Single compound is the reactant 10th_Science_Unit-10.indd 142 12/3/2022 2:55:19 PM 143 Types of Chemical Reactions another type of displacement reaction in which the acid reacts with the base to form a salt and water.,ACID SALT COMBINE TABLE DIFFERENCES COMBINATION DECOMPOSITION REACTIONS ONE MORE REACTANTS FORM SINGLE PRODUCT REACTANT DECOMPOSE PRODUCTS ENERGY RELEASE ABSORB ELEMENTS COMPOUND PM TYPE CHEMICAL DISPLACEMENT REACTION REACT BASE WATER PRESENT PAST
It is called 'neutralization reaction' as both acid and base neutralize each other.,ACID OTHER CALL NEUTRALIZATION REACTION BASE NEUTRALIZE PAST PRESENT
Acid Base Salt Water + + → Reaction of sodium hydroxide with hydrochloric acid is a typical neutralization reaction.,ACID BASE SALT WATER REACTION SODIUM HYDROXIDE HYDROCHLORIC TYPICAL NEUTRALIZATION
"Here, sodium replaces hydrogen from hydrochloric acid forming sodium chloride, a neutral soluble salt.",SODIUM CHLORIDE REPLACE HERE HYDROGEN HYDROCHLORIC ACID FORM NEUTRAL SOLUBLE SALT PRESENT
"NaOH(aq) + HCl(aq) → NaCl(aq) + H2O(l) Similarly, when ammonium hydroxide reacts with nitric acid, it forms ammonium nitrate and water.",IT AMMONIUM FORM SIMILARLY HYDROXIDE REACT NITRIC ACID NITRATE WATER PRESENT
HNO3(aq) + NH4OH(aq) → NH4NO3(aq) + H2O(l) (e) Combustion Reactions A combustion reaction is one in which the reactant rapidly combines with oxygen to form one or more oxides and energy (heat).,COMBUSTION REACTIONS REACTION ONE REACTANT RAPIDLY COMBINE OXYGEN FORM MORE OXIDES ENERGY HEAT PRESENT
"So in combustion reactions, one of the reactants must be oxygen.",COMBUSTION REACTIONS ONE REACTANTS OXYGEN
Combustion reactions are majorly used as heat energy sources in many of our day to day activities.,REACTION ACTIVITY USE COMBUSTION REACTIONS MAJORLY HEAT ENERGY SOURCE MANY DAY ACTIVITIES PAST
"For instance, we use LPG gas for domestic cooking purposes.",WE PURPOSE USE INSTANCE LPG GAS DOMESTIC COOK PRESENT
We get heat and flame from LPG gas by its combustion reaction of its constituent gases.,WE GAS GET HEAT FLAME LPG COMBUSTION REACTION CONSTITUENT PRESENT
"LPG is a mixture of hydrocarbon gases like propane, butane, propylene, etc.",LPG MIXTURE HYDROCARBON GAS PROPANE BUTANE PROPYLENE
All these hydrocarbons burn with oxygen to form carbon dioxide and water.,HYDROCARBON DIOXIDE BURN HYDROCARBONS OXYGEN FORM CARBON WATER PRESENT
"C3H8(g) + 5O2(g) → 3CO2(g) + 4H2O(g) + Heat Since heat is evolved, it is an exothermic reaction.",HEAT EVOLVE EXOTHERMIC REACTION PAST
"As oxygen is added, it is also an oxidation.",OXYGEN ADD ALSO OXIDATION PAST
"So, combustion may be called as an Propane exothermic oxidation.",COMBUSTION OXIDATION CALL PROPANE EXOTHERMIC PAST
"If a flame is formed (as shown in Fig. 10.4), then it is called burning.",IT FIG CALL FLAME FORM SHOW THEN BURN PAST
Figure 10.4 Combustion of LPG gas Which of the following is a combustion? (i) Digestion of Food (ii) Rusting of iron Many thousands of reactions fall under these five categories and further you will learn in detail about these reactions in your higher classes. 10.1.2 Classification based on the direction of the reaction You know that innumerable changes occur every day around us.,CHANGE WE FALL FIGURE COMBUSTION LPG GAS FOLLOW I DIGESTION FOOD II RUST IRON MANY THOUSANDS REACTIONS FIVE CATEGORIES FURTHER LEARN DETAIL HIGHER CLASS CLASSIFICATION BASE DIRECTION REACTION KNOW INNUMERABLE OCCUR DAY PRESENT PAST
Are all they permanent?,PERMANENT QUESTION
"For example, liquid water freezes into ice, but then ice melts into liquid water.",WATER FREEZE EXAMPLE LIQUID ICE THEN MELT PRESENT
"In other words, freezing is reversed.",OTHER WORD FREEZE REVERSE
"So, it is not a permanent change.",PERMANENT CHANGE NOT
"Moreover, it is a physical change.",MOREOVER PHYSICAL CHANGE
Physical changes can be reversed easily.,PHYSICAL CHANGE REVERSE EASILY PAST
Can chemical changes be reversed?,CHEMICAL CHANGE REVERSE PAST QUESTION
Can the products be converted into reactants?,PRODUCT REACTANT CONVERT PRODUCTS REACTANTS PAST QUESTION
Let us consider the burning of a wood.,WE WOOD LET CONSIDER BURN
The carbon compounds present in the wood are burnt into carbon dioxide gas and water.,COMPOUND GAS BURN CARBON PRESENT WOOD DIOXIDE WATER PAST
Can we get back the wood immediately from carbon dioxide and water?,WE DIOXIDE GET BACK WOOD IMMEDIATELY CARBON WATER QUESTION
We cannot.,NOT
"So, it is a permanent change.",PERMANENT CHANGE
"In most of the cases, we cannot.",MOST CASE NOT
"But, some chemical reactions can be reversed.",CHEMICAL REACTIONS REVERSE PAST
Our mobile phone gets energy from its lithium ion battery by chemical reactions.,PHONE REACTION GET MOBILE ENERGY LITHIUM ION BATTERY CHEMICAL REACTIONS PRESENT
It is called discharging.,CALL DISCHARGE PAST
"On recharging the mobile, these chemical reactions are reversed.",RECHARGE MOBILE CHEMICAL REACTIONS REVERSE PAST
"Thus, chemical reactions may be reversed under suitable conditions.",REACTION CONDITION REVERSE THUS CHEMICAL REACTIONS SUITABLE PAST
"Hence, they are 10th_Science_Unit-10.indd 143 12/3/2022 2:55:20 PM 144 10th Standard Science grouped into two categories such as reversible and irreversible reactions.",THEY REACTION GROUP HENCE PM STANDARD SCIENCE TWO CATEGORIES SUCH REVERSIBLE IRREVERSIBLE REACTIONS PAST
Figure 10.5 Burning of wood and recharging of mobile battery Reversible Reactions A reversible reaction is a reaction in which the products can be converted back to the reactants.,PRODUCT REACTANT FIGURE BURN WOOD RECHARGE MOBILE BATTERY REVERSIBLE REACTIONS REACTION PRODUCTS CONVERT BACK REACTANTS PAST
A reversible reaction is represented by a double arrow with their heads in the direction opposite to each other.,REACTION OTHER REPRESENT REVERSIBLE DOUBLE ARROW HEAD DIRECTION OPPOSITE PAST
"Thus, a reversible reaction can be represented by the following equation: Explanation: Here, the compound ‘AB’ undergoes decomposition to form the products ‘A’ and ‘B’.",REACTION PRODUCT REPRESENT THUS REVERSIBLE FOLLOW EQUATION EXPLANATION HERE COMPOUND AB UNDERGO DECOMPOSITION FORM PRODUCTS B PAST PRESENT
It is the forward reaction.,FORWARD REACTION
"As soon as the products are formed, they combine together to form ‘AB’.",THEY AB COMBINE AS SOON PRODUCTS FORM TOGETHER FUTURE PAST PRESENT
It is the backward reaction.,BACKWARD REACTION
"So, the reaction takes place in both the directions.",REACTION DIRECTION TAKE PLACE DIRECTIONS PRESENT
Do you think then that no products are formed in the aforesaid reaction?,PRODUCT REACTION THINK THEN PRODUCTS FORM AFORESAID PAST NOT QUESTION
"If you think so, you are wrong.",THINK WRONG PRESENT
"Because, even though the reaction takes place in both the directions, at the initial stage the rates (speed) of these reactions are not equal.",EVEN REACTION TAKE PLACE DIRECTIONS INITIAL STAGE RAT SPEED REACTIONS EQUAL PRESENT NOT
Consider the following decomposition reaction of phosphorous pentachloride into phosphorous trichloride and chlorine.,CONSIDER FOLLOW DECOMPOSITION REACTION PHOSPHOROUS PENTACHLORIDE TRICHLORIDE CHLORINE
PCl5(g) PCl3(g) + Cl2(g) The forward reaction is the decomposition of PCl5 and the backward reaction is the combination of PCl3 and Cl2.,FORWARD REACTION DECOMPOSITION BACKWARD COMBINATION
"Initially, the forward reaction proceeds faster than the backward reaction.",REACTION PROCEED INITIALLY FORWARD FASTER BACKWARD PRESENT
"After sometimes, the speed of both the reactions become equal.",SPEED REACTION BECOME SOMETIMES REACTIONS EQUAL OCCASIONAL PRESENT
"So, PCl5 cannot be completely converted into the products as the reaction is reversed.",REACTION PRODUCT CONVERT COMPLETELY PRODUCTS REVERSE PAST NOT
It is a reversible reaction.,REVERSIBLE REACTION
"The actual measurements of the given reaction show that the reaction is at equilibrium, but the amount of PCl5 is more than that of PCl3 and Cl2.",AMOUNT P-C-L-3 SHOW ACTUAL MEASUREMENTS GIVE REACTION EQUILIBRIUM MORE PAST PRESENT
"MORE TO KNOW If hydrogen peroxide is poured on a wound, it decomposes into water and oxygen.",IT WATER DECOMPOSE MORE KNOW HYDROGEN PEROXIDE POUR WIND OXYGEN PAST PRESENT
The gaseous oxygen bubbles away as it is formed and thus prevent the formation of H2O2.,IT H-2-O-2 BUBBLE GASEOUS OXYGEN AWAY FORM THUS PREVENT FORMATION PRESENT PAST
"Hydrogen peroxide on a wound Thus, more amount of products can be obtained in a reversible reaction by the periodical removal of one of the products or the periodical addition of the reactants. 2H2O2(aq) 2H2O(l) + O2(g) Irreversible Reactions The reaction that cannot be reversed is called irreversible reaction.",THAT REACTANT CALL HYDROGEN PEROXIDE WIND THUS MORE AMOUNT PRODUCTS OBTAIN REVERSIBLE REACTION PERIODICAL REMOVAL ONE ADDITION REACTANTS IRREVERSIBLE REACTIONS REVERSE PAST NOT
"The irreversible reactions are unidirectional, i.e., they take place only in the forward direction.",THEY DIRECTION TAKE IRREVERSIBLE REACTIONS UNIDIRECTIONAL PLACE ONLY FORWARD PRESENT
Consider the combustion of coal into carbon dioxide and water.,CONSIDER COMBUSTION COAL CARBON DIOXIDE WATER
"C(s) + O2(g) → CO2(g) + Heat Coal Oxygen Carbon dioxide In this reaction, solid coal burns with oxygen and gets converted into carbon dioxide gas and water.",BURN GAS CONVERT HEAT COAL OXYGEN CARBON DIOXIDE REACTION SOLID WATER PAST
"As the product is a gas, as soon as it is formed it escapes out of the reaction container.",IT CONTAINER ESCAPE PRODUCT GAS AS SOON FORM REACTION FUTURE PAST PRESENT
It is extremely hard to decompose a gas into a solid.,EXTREMELY HARD DECOMPOSE GAS SOLID
"Thus, the backward reaction is not possible in this case.",THUS BACKWARD REACTION POSSIBLE CASE NOT
"So, it is an irreversible reaction.",IRREVERSIBLE REACTION
Table 10.2 provides the 10th_Science_Unit-10.indd 144 12/3/2022 2:55:20 PM 145 Types of Chemical Reactions main differences between a reversible and an irreversible reaction: Table 10.2 Differences between reversible and irreversible reactions REVERSIBLE REACTION IRREVERSIBLE REACTION It can be reversed under suitable conditions.,IT CONDITION REVERSE TABLE PROVIDE PM TYPE CHEMICAL REACTIONS MAIN DIFFERENCES REVERSIBLE IRREVERSIBLE REACTION SUITABLE PRESENT PAST
It cannot be reversed.,REVERSE PAST NOT
Both forward and backward reactions take place simultaneously.,REACTION PLACE TAKE FORWARD BACKWARD REACTIONS SIMULTANEOUSLY PRESENT
It is unidirectional.,UNIDIRECTIONAL
It proceeds only in forward direction.,IT DIRECTION PROCEED ONLY FORWARD PRESENT
It attains equilibrium.,IT EQUILIBRIUM ATTAIN PRESENT
Equilibrium is not attained.,EQUILIBRIUM ATTAIN PAST NOT
The reactants cannot be converted completely into products.,REACTANT PRODUCT CONVERT REACTANTS COMPLETELY PRODUCTS PAST NOT
The reactants can be completely converted into products.,REACTANT PRODUCT CONVERT REACTANTS COMPLETELY PRODUCTS PAST
It is relatively slow.,RELATIVELY SLOW
It is fast.,FAST
You will learn more about these reactions in your higher classes. 10.2 RATE OF A CHEMICAL REACTION So far we discussed various types of chemical reactions and the nature of the reactants and products.,WE REACTANT DISCUSS LEARN MORE REACTIONS HIGHER CLASS RATE CHEMICAL REACTION FAR VARIOUS TYPE NATURE REACTANTS PRODUCTS PAST
Let us consider the following reactions: Rusting of iron Digestion of food Burning of petrol Weathering of rock How fast is each reaction?,LET CONSIDER FOLLOW REACTIONS RUST IRON DIGESTION FOOD BURN PETROL WEATHER ROCK FAST REACTION HOW
Rank them from the slowest to fastest.,RANK SLOWEST FASTEST
"How will you determine, which is the fastest and which is the slowest?",DETERMINE FASTEST SLOWEST HOW
One of the ways to find out how fast a reaction is as follows: Measure the amount of reactants or products before and after a specific period of time.,REACTION TIME MEASURE ONE WAYS FIND FAST FOLLOW AMOUNT REACTANTS PRODUCTS SPECIFIC PERIOD PRESENT
"For example, let us assume that 100 g of a substance ‘A’ undergoes a reaction and after an hour 50 g of ‘A’ is left.",G A LET EXAMPLE ASSUME SUBSTANCE UNDERGO REACTION HOUR LEAVE PRESENT PAST
"A → Product In another instance, 100 g of substance ‘C’ undergoes a reaction and after an hour, 20 g of ‘C’ is left.",G C UNDERGO PRODUCT INSTANCE SUBSTANCE REACTION HOUR LEAVE PRESENT PAST
C → Product Can you say which is the faster reaction?,C PRODUCT SAY FASTER REACTION WHICH
"In the first reaction, 50 g of the reactant (A) is converted into products whereas in the second reaction 80 g of the reactant is converted into products in one hour.",G HOUR CONVERT FIRST REACTION REACTANT PRODUCTS SECOND ONE PAST
"So, the second reaction is faster.",SECOND REACTION FASTER
This measurement is called ‘the reaction rate’. “Rate of a reaction is the change in the amount or concentration of any one of the reactants or products per unit time”.,RATE TIME CALL MEASUREMENT REACTION CHANGE AMOUNT CONCENTRATION ONE REACTANTS PRODUCTS UNIT PAST
"Consider the following reaction A → B The rate of this reaction is given by Rate = –d[A] dt = +d[B] dt Where, [A] – Concentration of A [B] – Concentration of B The negative sign indicates the decrease in the concentration of A with time.",SIGN TIME INDICATE CONSIDER FOLLOW REACTION RATE GIVE CONCENTRATION B NEGATIVE DECREASE PAST PRESENT
The postive sign indicates the increase in the concentration of B with time.,SIGN TIME INDICATE POSTIVE INCREASE CONCENTRATION B PRESENT
"Note: ‘[ ]’ represents the concentration, ‘d’ represents the infinitesimal change in the concentration.",D CONCENTRATION REPRESENT NOTE INFINITESIMAL CHANGE PRESENT
Why is reaction rate important?,REACTION RATE IMPORTANT WHY
"Faster the reaction, more will be the amount of the product in a specified time.",FASTER REACTION MORE AMOUNT PRODUCT SPECIFY TIME
"So, the rate of a reaction is important for a chemist for designing a process to get a good yield of a product.",RATE REACTION IMPORTANT CHEMIST DESIGN PROCESS GET GOOD YIELD PRODUCT
Rate of reaction is also important for a food processor who hopes to slow down the reactions that cause food to spoil. 10.2.1 Factors influencing the rate of a reaction Can the rate of a reaction be changed?,RATE REACTION CHANGE ALSO IMPORTANT FOOD PROCESSOR HOP SLOW REACTIONS CAUSE SPOIL FACTOR INFLUENCE PRESENT PAST WHO
The rate of a reaction can be changed.,RATE REACTION CHANGE PAST
"For 10th_Science_Unit-10.indd 145 12/3/2022 2:55:20 PM 146 10th Standard Science example, iron gets rusted faster in an acid than in water.",IRON WATER RUST PM STANDARD SCIENCE EXAMPLE FASTER ACID PAST
Important factors that affect rate of a reaction are (i) Nature of the reactants (ii) Concentration of the reactants (iii) Temperature (iv) Catalyst (v) Pressure (vi) Surface area of the reactants (i) Nature of the reactants The reaction of sodium with hydrochloric acid is faster than that with acetic acid.,IMPORTANT FACTOR AFFECT RATE REACTION I NATURE REACTANTS II CONCENTRATION III TEMPERATURE IV CATALYST V PRESSURE VI SURFACE AREA SODIUM HYDROCHLORIC ACID FASTER ACETIC PRESENT
Do you know why?,KNOW WHY
Hydrochloric acid is a stronger acid than acetic acid and thus more reactive.,HYDROCHLORIC ACID STRONGER ACETIC THUS MORE REACTIVE
"So, the nature of the reactants influence the reaction rate. 2Na(s) + 2HCl(aq) → 2NaCl(aq) + H2 (g) (fast) 2Na(s) + 2CH3COOH(aq) → 2CH3COONa(aq) + H2(g)(slow) (ii) Concentration of the reactants Changing the amount of the reactants also increases the reaction rate.",CONCENTRATION RATE INCREASE NATURE REACTANTS INFLUENCE REACTION G FAST II CHANGE AMOUNT ALSO PRESENT
The amount of the substance present in a certain volume of the solution is called ‘concentration’.,AMOUNT SOLUTION CALL SUBSTANCE PRESENT CERTAIN VOLUME CONCENTRATION PAST
"More the concentration, more particles per volume exist in it and hence faster the reaction.",PARTICLE IT EXIST MORE CONCENTRATION PARTICLES VOLUME HENCE FASTER REACTION PRESENT
Granulated zinc reacts faster with 2M hydrochloric acid than 1M hydrochloric acid. (iii) Temperature Most of the reactions go faster at higher temperature.,MOST TEMPERATURE GO GRANULATE ZINC REACT FASTER M HYDROCHLORIC ACID III REACTIONS HIGHER PAST PRESENT
Because adding heat to the reactants provides energy to break more bonds and thus speed up the reaction.,ADD REACTION PROVIDE HEAT REACTANTS ENERGY BREAK MORE BOND THUS SPEED PRESENT
Calcium carbonate reacts slowly with hydrochloric acid at room temperature.,CALCIUM CARBONATE REACT SLOWLY HYDROCHLORIC ACID ROOM TEMPERATURE PRESENT
When the reaction mixture is heated the reaction rate increases.,MIXTURE INCREASE HEAT REACTION RATE PAST
Food kept at room temperature spoils faster than that kept in the refrigerator.,THAT REFRIGERATOR KEEP FOOD ROOM TEMPERATURE SPOIL FASTER PAST PRESENT
"In the refrigerator, the temperature is lower than the room temperature and hence the reaction rate is less. (iv) Pressure If the reactants are gases, increasing their pressure increases the reaction rate.",INCREASE RATE REFRIGERATOR TEMPERATURE LOWER ROOM HENCE REACTION LESS PRESSURE REACTANTS GAS PRESENT
"This is because, on increasing the pressure the reacting particles come closer and collide frequently. (v) Catalyst A catalyst is a substance which increases the reaction rate without being consumed in the reaction.",INCREASE PRESSURE REACT PARTICLES COME CLOSER COLLIDE FREQUENTLY CATALYST SUBSTANCE REACTION RATE CONSUME PRESENT PAST
"In certain reactions, adding a substance as catalyst speeds up the reaction.",CATALYST REACTION ADD CERTAIN REACTIONS SUBSTANCE SPEED PRESENT
"For example, on heating potassium chlorate, it decomposes into potassium chloride and oxygen gas, but at a slower rate.",IT RATE DECOMPOSE EXAMPLE HEAT POTASSIUM CHLORATE CHLORIDE OXYGEN GAS SLOWER PRESENT
"If manganese dioxide is added, it increases the reaction rate. (vi) Surface area of the reactants When solid reactants are involve in a reaction, their powdered form reacts more readily.",FORM REACTION REACT MANGANESE DIOXIDE ADD INCREASE RATE VI SURFACE AREA REACTANTS SOLID INVOLVE POWDER MORE READILY PAST PRESENT
"For example, powdered calcium carbonate reacts more readily with hydrochloric acid than marble chips.",CARBONATE CHIP REACT EXAMPLE POWDER CALCIUM MORE READILY HYDROCHLORIC ACID MARBLE PRESENT
"Because, powdering of the reactants increases the surface area and more energy is available on collision of the reactant particles.",ENERGY PARTICLE INCREASE POWDER REACTANTS SURFACE AREA MORE AVAILABLE COLLISION REACTANT PARTICLES PRESENT
"Thus, the reaction rate is increased.",THUS REACTION RATE INCREASE PAST
"You will study more about reaction rate in you higher classes. 10.3 STATE OF EQUILIBRIUM In a reversible reaction, both forward and backward reactions take place simultaneously.",REACTION PLACE TAKE STUDY MORE RATE HIGHER CLASS STATE EQUILIBRIUM REVERSIBLE FORWARD BACKWARD REACTIONS SIMULTANEOUSLY PRESENT
"When the rate of the forward reaction becomes equal to the rate of backward reaction, then no more product is formed.",PRODUCT REACTION FORM RATE FORWARD BECOME EQUAL BACKWARD THEN MORE PRESENT PAST NOT
This stage of the reaction is called ‘equilibrium state’.,STAGE REACTION CALL EQUILIBRIUM STATE PAST
"After this stage, no net change in the reaction can occur and hence in the amount of the reactants and products.",CHANGE REACTANT OCCUR STAGE NET REACTION HENCE AMOUNT REACTANTS PRODUCTS NOT
"Since this equilibrium is attained in a chemical reaction, it is called ‘Chemical Equilibrium’.",IT REACTION CALL EQUILIBRIUM ATTAIN CHEMICAL PAST
Chemical Equilibrium: It is state of a reversible chemical reaction in which no change in the amount of the reactants and products takes place.,CHEMICAL EQUILIBRIUM STATE REVERSIBLE REACTION CHANGE AMOUNT REACTANTS PRODUCTS TAKE PLACE PRESENT NOT
"At equilibrium, Rate of forward reaction = Rate of backward reaction 10th_Science_Unit-10.indd 146 12/3/2022 2:55:20 PM 147 Types of Chemical Reactions Explanation: Initially the rate of the forward reaction is greater than the rate of the backward reaction.",EQUILIBRIUM RATE FORWARD REACTION BACKWARD PM TYPE CHEMICAL REACTIONS EXPLANATION INITIALLY GREATER
"However, during the course of reaction, the concentration of the reactants decreases and the concentration of the products increases.",CONCENTRATION INCREASE DECREASE HOWEVER COURSE REACTION REACTANTS PRODUCTS PRESENT
"Since the rate of a reaction is directly proportional to the concentration, the rate of the forward reaction decreases with time, whereas the rate of the backward reaction increases.",RATE INCREASE DECREASE REACTION DIRECTLY PROPORTIONAL CONCENTRATION FORWARD TIME BACKWARD PRESENT
"At a certain stage, both the rates become equal.",RATE STAGE BECOME CERTAIN RAT EQUAL PRESENT
"From this point onwards, there will be no change in the concentrations of both the reactants and the products with time.",POINT ONWARDS CHANGE CONCENTRATIONS REACTANTS PRODUCTS TIME NOT
This state is called as equilibrium state.,STATE CALL EQUILIBRIUM PAST
Let us consider the decomposition of calcium carbonate into lime and carbon dioxide.,WE DIOXIDE LET CONSIDER DECOMPOSITION CALCIUM CARBONATE LIME CARBON
It is a reversible reaction.,REVERSIBLE REACTION
The speed of each reaction can be determined by how quickly the reactant disappears.,REACTANT REACTION DETERMINE SPEED QUICKLY DISAPPEAR PAST PRESENT
"If the reaction is carried out in a closed vessel, it reaches a chemical equilibrium.",IT EQUILIBRIUM REACH REACTION CARRY CLOSE VESSEL CHEMICAL PAST PRESENT
"At this stage, CaCO3(s) CaO(s) + CO2(g) The rate of decomposition of CaCO3 = The rate of combination of CaO and CO2 Not only chemical changes, physical changes also may attain equilibrium.",CHANGE EQUILIBRIUM ATTAIN STAGE RATE DECOMPOSITION COMBINATION CAO ONLY CHEMICAL PHYSICAL ALSO NOT
"When water kept in a closed vessel evaporates, it forms water vapour.",IT VAPOUR FORM WATER KEEP CLOSE VESSEL EVAPORATE PAST PRESENT
No water vapour escapes out of the container as the process takes place in a closed vessel.,PROCESS VESSEL ESCAPE WATER VAPOUR CONTAINER TAKE PLACE CLOSE PRESENT NOT
"So, it builds up the vapour pressure in the container.",IT CONTAINER BUILD VAPOUR PRESSURE PRESENT
"At one time, the water vapour condenses back into liquid water and when the rate of this condensation becomes equal to that of vapourisation, the process attains equilibrium.",PROCESS EQUILIBRIUM ATTAIN ONE TIME WATER VAPOUR CONDENSE BACK LIQUID RATE CONDENSATION BECOME EQUAL VAPOURISATION PRESENT
"At this stage, the volume of the liquid and gaseous phases remain constant.",VOLUME PHASE REMAIN STAGE LIQUID GASEOUS CONSTANT PRESENT
"Since it is a physical change, the equilibrium attained is called ‘Physical Equilibrium’.",PHYSICAL CHANGE EQUILIBRIUM ATTAIN CALL PAST
Physical equilibrium is a state of a physical change at which the volume of all the phases remain unchanged.,PHYSICAL EQUILIBRIUM STATE CHANGE VOLUME PHASE REMAIN UNCHANGED PRESENT
"Evaporation H2O(l) H2O(g) Condensation Figure 10.6 State of physical equilibrium Characteristics of equilibrium In a chemical equilibrium, the rates of the forward and backward reactions are equal.",EVAPORATION CONDENSATION FIGURE STATE PHYSICAL EQUILIBRIUM CHARACTERISTICS CHEMICAL RAT FORWARD BACKWARD REACTIONS EQUAL
"The observable properties such as pressure, concentration, colour, density, viscosity etc., of the system remain unchanged with time.",PROPERTY TIME REMAIN OBSERVABLE PROPERTIES SUCH PRESSURE CONCENTRATION COLOUR DENSITY VISCOSITY SYSTEM UNCHANGED PRESENT
"The chemical equilibrium is a dynamic equilibrium, because both the forward and backward reactions continue to occur even though it appears static externally.",CHEMICAL EQUILIBRIUM DYNAMIC FORWARD BACKWARD REACTIONS CONTINUE OCCUR EVEN APPEAR STATIC EXTERNALLY PRESENT
"In physical equilibrium, the volume of all the phases remain constant.",VOLUME PHASE REMAIN PHYSICAL EQUILIBRIUM CONSTANT PRESENT
Aerated soft drinks contain dissolved carbon dioxide in a pop bottle (Soda).,DRINK BOTTLE CONTAIN AERATE SOFT DISSOLVE CARBON DIOXIDE POP SODA PRESENT PAST
"When the bottle is sealed, the dissolved carbon dioxide (in the form of carbonic acid) and gaseous CO2 are in equilibrium with each other.",BOTTLE SEAL DISSOLVE CARBON DIOXIDE FORM CARBONIC ACID GASEOUS EQUILIBRIUM OTHER PAST
"When you open the bottle, the gaseous CO2 can escape.",C-O-2 BOTTLE ESCAPE OPEN GASEOUS PRESENT
"So, the dissolved CO2 begins to undissolve back to the gas phase trying to replace the gas that was lost, when you opened the bottle.",YOU BOTTLE BEGIN DISSOLVE UNDISSOLVE BACK GAS PHASE TRY REPLACE LOSE OPEN PAST PRESENT
"That’s why if you leave it open long enough, it will goes ‘flat’.",LEAVE OPEN LONG ENOUGH GO FLAT PRESENT
"All the CO2 will be gone, blown away in the air. 10th_Science_Unit-10.indd 147 12/3/2022 2:55:20 PM 148 10th Standard Science 10.4 IONIC PRODUCT OF WATER Although pure water is often considered as a non-conductor of electricity, precise measurements show that it conducts electricity to a little extent.",IT EXTENT SHOW GO BLOW AWAY AIR PM STANDARD SCIENCE IONIC PRODUCT WATER PURE OFTEN CONSIDER NON CONDUCTOR ELECTRICITY PRECISE MEASUREMENTS CONDUCT LITTLE PAST HABITUAL PRESENT
This conductivity of water has resulted from the self-ionisation of water.,CONDUCTIVITY WATER RESULT SELF IONISATION PAST
Self- ionisation or auto ionisation is a reaction in which two like molecules react to give ions.,IONISATION AUTO REACTION TWO MOLECULES REACT GIVE IONS PRESENT
"In the process of ionisation of water, a proton from one water molecule is transferred to another water molecule leaving behind an OH— ion.",PROTON ION TRANSFER PROCESS IONISATION WATER ONE MOLECULE LEAVE OH PAST
The proton gets dissolved in water forming the hydronium ion as shown in the following equation: H2O(l) + H2O(l) H3O+ (aq) + OH– (aq) The hydronium ion formed is a strong acid and the hydroxyl ion is a strong base.,ION EQUATION DISSOLVE PROTON WATER FORM HYDRONIUM SHOW FOLLOW AQ OH STRONG ACID HYDROXYL BASE PAST
"So as fast as they are formed, they react again to produce water.",THEY WATER REACT AS FAST FORM AGAIN PRODUCE PAST PRESENT
"Thus, it is a reversible reaction and attains equilibrium very quickly.",THUS REVERSIBLE REACTION ATTAIN EQUILIBRIUM VERY QUICKLY
"So, the extent of ionisation is very little and the concentration of the ions produced is also very less.",EXTENT IONISATION VERY LITTLE CONCENTRATION IONS PRODUCE ALSO LESS PAST
The product of the concentration of the hydronium ion and the hydroxyl ion is called ‘ionic product of water’.,ION WATER CALL PRODUCT CONCENTRATION HYDRONIUM HYDROXYL IONIC PAST
It is denoted as ‘Kw’.,IT KW DENOTE PAST
It is mathematically expressed as follows: Kw = [H3O+] [OH−] [H3O+] may be simply written as [H+].,] H+ WRITE MATHEMATICALLY EXPRESS FOLLOW KW SIMPLY PAST PRESENT
Thus the ionic product of water may also be expressed as Kw = [H+] [OH−] Its unit is mol2 dm−6.,UNIT KW EXPRESS THUS IONIC PRODUCT WATER ALSO PAST
"At 25° C, its value is 1.00 × 10−14. 10.5 pH SCALE All the aqueous solutions may contain hydrogen and hydroxyl ions due to self- ionisation of water.",C VALUE PH SCALE AQUEOUS SOLUTIONS CONTAIN HYDROGEN HYDROXYL IONS DUE IONISATION WATER
"In addition to this ionisation, substances dissolved in water also may produce hydrogen ions or hydroxyl ions.",SUBSTANCE ION PRODUCE ADDITION IONISATION SUBSTANCES DISSOLVE WATER ALSO HYDROGEN IONS HYDROXYL PAST
The concentration of these ions decides whether the solution is acidic or basic. pH scale is a scale for measuring the hydrogen ion concentration in a solution.,SCALE SOLUTION DECIDE CONCENTRATION IONS ACIDIC BASIC PH MEASURE HYDROGEN ION PRESENT
"The 'p' in pH stands for ‘Potenz’ in German meaning 'power'. pH notation was devised by the Danish biochemist Sorensen in 1909. pH scale is a set of numbers from 0 to 14 which is used to indicate whether a solution is acidic, basic or neutral.  Acids have pH less than 7  Bases have pH greater than 7  A neutral solution has pH equal to 7 The pH is the negative logarithm of the hydrogen ion concentration i.e pH = –log10[H+] COMMON ACIDS pH COMMON BASES pH HCl (4%) 0 Blood plasma 7.4 Stomach acid 1 Egg white 8 Lemon juice 2 Sea water 8 Vinegar 3 Baking soda 9 Oranges 3.5 Antacids 10 Soda, grapes 4 Ammonia water 11 Sour milk 4.5 Lime water 12 Fresh milk 5 Drain cleaner 13 Human saliva 6-8 Caustic soda 4% (NaOH) 14 Pure water 7 Milk of magnesia 10 Tomato juice 4.2 Coffee 5.6 How can we measure the pH of a given solution using pH Paper 10th_Science_Unit-10.indd 148 12/3/2022 2:55:20 PM 149 Types of Chemical Reactions pH in our digestive system It is very interesting to note that our stomach produces hydrochloric acid.",STOMACH ACID MEASURE P PH STAND POTENZ GERMAN MEAN POWER NOTATION DEVISE DANISH BIOCHEMIST SORENSEN SCALE SET NUMBER USE INDICATE SOLUTION ACIDIC BASIC NEUTRAL ACIDS LESS BASE GREATER EQUAL NEGATIVE LOGARITHM HYDROGEN ION CONCENTRATION COMMON HCL BLOOD PLASMA EGG WHITE LEMON JUICE SEA WATER VINEGAR BAKE SODA ORANGES ANTACIDS GRAPES AMMONIA SOUR MILK LIME FRESH DRAIN CLEANER HUMAN SALIVA CAUSTIC NAOH PURE MAGNESIA TOMATO COFFEE GIVE PAPER PM TYPE CHEMICAL REACTIONS DIGESTIVE SYSTEM VERY INTEREST NOTE PRODUCE HYDROCHLORIC PRESENT PAST
It helps in the digestion of food without harming the stomach.,IT STOMACH HELP DIGESTION FOOD HARM PRESENT
During indigestion the stomach produces too much acid and this causes pain and irritation. pH of the stomach fluid is approximately 2.0. pH changes as the cause of tooth decay pH of the saliva normally ranges between 6.5 to 7.5.,CHANGE 7-.-5 RANGE INDIGESTION STOMACH PRODUCE TOO MUCH ACID CAUSE PAIN IRRITATION PH FLUID APPROXIMATELY TOOTH DECAY SALIVA NORMALLY PRESENT
"White enamel coating of our teeth is calcium phosphate, the hardest substance in our body.",WHITE ENAMEL COAT TEETH CALCIUM PHOSPHATE HARDEST SUBSTANCE BODY
"When the pH of the mouth saliva falls below 5.5, the enamel gets weathered.",ENAMEL 5-.-5 WEATHER PH MOUTH SALIVA FALL PRESENT PAST
"Toothpastes, which are generally basic are used for cleaning the teeth that can neutralise the excess acid and prevent tooth decay. pH of soil In agriculture, the pH of the soil is very important.",PH SOIL USE TOOTHPASTES GENERALLY BASIC CLEAN TEETH NEUTRALISE EXCESS ACID PREVENT TOOTH DECAY AGRICULTURE VERY IMPORTANT PAST
"Citrus fruits require slightly alkaline soil, while rice requires acidic soil and sugarcane requires neutral soil. pH of rain water The pH of rain water is approximately 7, which means that it is neutral and also represents its high purity.",IT PURITY REQUIRE CITRUS FRUIT SLIGHTLY ALKALINE SOIL RICE ACIDIC SUGARCANE NEUTRAL PH RAIN WATER APPROXIMATELY MEAN ALSO REPRESENT HIGH PRESENT
"If the atmospheric air is polluted with oxide gases of sulphur and nitrogen, they get dissolved in the rain water and make its pH less than 7.",THEY PH DISSOLVE ATMOSPHERIC AIR POLLUTE OXIDE GAS SULPHUR NITROGEN RAIN WATER MAKE LESS PAST
"Thus, if the pH of rain water is less than 7, then it is called acid rain.",IT WATER CALL THUS PH RAIN LESS THEN ACID PAST
When acid rain flows into the rivers it lowers the pH of the river water also.,IT WATER FLOW ACID RAIN RIVERS LOWER PH RIVER ALSO PRESENT
Conceptual Thoughts Why pure water has pH 7 at room temperature?,WATER TEMPERATURE HAVE CONCEPTUAL THOUGHTS PURE PH ROOM PRESENT WHY
The survival of aquatic life in such rivers becomes difficult.,SURVIVAL RIVER BECOME AQUATIC LIFE SUCH RIVERS DIFFICULT PRESENT
The pH of a solution can be determined by using a universal indicator.,PH INDICATOR DETERMINE SOLUTION USE UNIVERSAL PAST
It contains a mixture of dyes.,IT DYE CONTAIN MIXTURE PRESENT
It comes in the form of a solution or a pH paper.,IT SOLUTION COME FORM PH PAPER PRESENT
Figure 10.7 pH Indicator A more common method of measuring pH in a school laboratory is by using the pH paper.,FIGURE PH INDICATOR MORE COMMON METHOD MEASURE SCHOOL LABORATORY USE PAPER
A pH paper contains a mixture of indicators.,PAPER INDICATOR CONTAIN PH MIXTURE INDICATORS PRESENT
It shows a specific colour at a given pH.,IT P-H-. SHOW SPECIFIC COLOUR GIVE PRESENT PAST
"A colour guide is provided with the bottle of the indicator or the strips of paper impregnated with it, which are called pH paper strips.",WHICH IT PROVIDE COLOUR GUIDE BOTTLE INDICATOR STRIP PAPER IMPREGNATE CALL PH PAST
"The test solution is tested with a drop of the universal indicator, or a drop of the test solution is put on the pH paper.",DROP PAPER TEST SOLUTION UNIVERSAL INDICATOR PUT PH PAST
The colour of the solution on the pH paper is compared with the colour chart and the pH value is read from it.,COLOUR IT COMPARE SOLUTION PH PAPER CHART VALUE READ PAST
The pH values thus obtained are only approximate values. 10.6 ROLE OF pH IN EVERYDAY LIFE Are plants and animals pH sensitive?,PH VALUE THUS OBTAIN ONLY APPROXIMATE ROLE EVERYDAY LIFE PLANT ANIMALS SENSITIVE PAST QUESTION
Our body works within the pH range of 7.0 to 7.8.,BODY 7-.-8 WORK PH RANGE PRESENT
Living organisms can survive only in a narrow range of pH change.,ORGANISM CHANGE SURVIVE LIVE ORGANISMS ONLY NARROW RANGE PH
Different body fluids have different pH values.,FLUID VALUE HAVE DIFFERENT BODY FLUIDS PH PRESENT
"For example, pH of blood is ranging from 7.35 to 7.45.",PH 7-.-4-5 RANGE EXAMPLE BLOOD
Any increase or decrease in this value leads to diseases.,INCREASE DISEASE LEAD DECREASE VALUE DISEASES PRESENT
The ideal pH for blood is 7.4. 10th_Science_Unit-10.indd 149 12/3/2022 2:55:20 PM 150 10th Standard Science 10.7 pH CALCULATION The pH is the negative logarithm of the hydrogen ion concentration pH = –log10 [H+] Example: Calculate the pH of 0.01 M HNO3?,IDEAL PH BLOOD PM STANDARD SCIENCE CALCULATION NEGATIVE LOGARITHM HYDROGEN ION CONCENTRATION EXAMPLE CALCULATE M QUESTION
Solution: [H+] = 0.01 pH = –log10 [H+] pH = –log10 [0.01] pH = –log10 [1 × 10−2] pH = –(log101 – 2 log1010) pH = 0 + 2 × log1010 pH = 0 + 2 × 1 = 2 pH = 2 pOH: The pOH of an aqueous solution is realted to the pH.,POH P-H-. REALTE SOLUTION PH AQUEOUS REALTED PAST
The pOH is the negative logarithm of the hydroxyl ion concentration pOH = –log10[OH–] Example: The hydroxyl ion concentration of a solution is 1 × 10−9M.,POH NEGATIVE LOGARITHM HYDROXYL ION CONCENTRATION EXAMPLE SOLUTION
What is the pOH of the solution?,POH SOLUTION WHAT
"Solution pOH = –log10 [OH–] pOH = –log10 [1 × 10−9] pOH = –(log10 1.0 + log10 10−9) pOH = –(0–9 log1010) pOH = –(0 – 9) pOH = 9 Relationship between pH and pOH The pH and pOH of a water solution at 25oC are related by the following equation. pH + pOH = 14 If either the pH or the pOH of a solution is known, the other value can be calculated.",VALUE SOLUTION CALCULATE POH RELATIONSHIP PH WATER RELATE FOLLOW EQUATION KNOW OTHER PAST
Example: A solution has a pOH of 11.76.,SOLUTION 1-1-.-7-6 HAVE EXAMPLE POH PRESENT
What is the pH of this solution? pH = 14 – pOH pH = 14 – 11.76 = 2.24 10.8 PROBLEMS Example 1: Calculate the pH of 0.001 molar solution of HCl.,PH HCL CALCULATE SOLUTION POH PROBLEMS EXAMPLE MOLAR
Solution: HCl is a strong acid and is completely dissociated in its solutions according to the process: HCl(aq) → H+ (aq) + Cl– (aq) From this process it is clear that one mole of HCl would give one mole of H+ ions.,SOLUTION HCL STRONG ACID COMPLETELY DISSOCIATE SOLUTIONS ACCORD PROCESS AQ CL CLEAR ONE MOLE GIVE IONS PAST
"Therefore, the concentration of H+ ions would be equal to that of HCl, i.e., 0.001 molar or 1.0 × 10–3 mol litre–1.",THEREFORE CONCENTRATION IONS EQUAL HCL MOLAR MOL
"Thus, [H+] = 1 × 10–3 mol litre–1 pH = –log10[H+] = –log1010–3 = –(–3 × log10) = –(3 × 1) = 3 Thus, pH = 3 Example 2: What would be the pH of an aqueous solution of sulphuric acid which is 5 × 10–5 mol litre–1 in concentration.",THUS MOL PH EXAMPLE AQUEOUS SOLUTION SULPHURIC ACID CONCENTRATION
Solution: Sulphuric acid dissociates in water as: H2SO4(aq) → 2 H+ (aq) + SO4 2– (aq) Each mole of sulphuric acid gives two mole of H+ ions in the solution.,MOLE SOLUTION GIVE SULPHURIC ACID DISSOCIATE WATER AQ TWO IONS PRESENT
One litre of H2SO4 solution contains 5 × 10–5 moles of H2SO4 which would give 2 × 5 × 10–5 = 10 × 10–5 or 1.0 × 10–4 moles of H+ ion in one litre of the solution.,WHICH SOLUTION CONTAIN ONE LITRE MOLES GIVE ION PRESENT
"Therefore, [H+] = 1.0 × 10–4 mol litre–1 pH = –log10[H+] = –log1010–4 = –(–4 × log1010) = –(–4 × 1) = 4 Example 3: Calculate the pH of 1 × 10–4 molar solution of NaOH.",THEREFORE MOL PH EXAMPLE CALCULATE MOLAR SOLUTION NAOH
Solution: NaOH is a strong base and dissociates in its solution as: NaOH(aq) → Na+ (aq) + OH– (aq) One mole of NaOH would give one mole of OH– ions.,SOLUTION NAOH STRONG BASE DISSOCIATE AQ OH ONE MOLE GIVE IONS
"Therefore, 10th_Science_Unit-10.indd 150 12/3/2022 2:55:20 PM 151 Types of Chemical Reactions [OH–] = 1 × 10–4 mol litre–1 pOH = –log10[OH–] = –log10 × [10–4] = –(–4 × log1010)= –(–4) = 4 Since, pH + pOH = 14 pH = 14 – pOH = 14 – 4 = 10 Example 4: Calculate the pH of a solution in which the concentration of the hydrogen ions is 1.0 × 10–8 mol litre–1.",CONCENTRATION ION CALCULATE THEREFORE PM TYPE CHEMICAL REACTIONS MOL POH PH EXAMPLE SOLUTION HYDROGEN IONS
"Solution: Here, although the solution is extremely dilute, the concentration given is not of an acid or a base but that of H+ ions.",SOLUTION HERE EXTREMELY DILUTE CONCENTRATION GIVE ACID BASE IONS PAST NOT
"Hence, the pH can be calculated from the relation: pH = –log10[H+] given [H+] = 1.0 × 10–8 mol litre–1 pH = –log1010–8 = –(–8 × log1010) = –(–8 × 1) = 8 Example 5: If the pH of a solution is 4.5, what is its pOH?",HENCE PH CALCULATE RELATION GIVE MOL EXAMPLE SOLUTION POH PAST WHAT
Solution: pH + pOH = 14 pOH = 14 – 4.5 = 9.5 pOH = 9.5 Points to Remember  A chemical change is a change in which one or more new substances are formed.  Most combination reactions are exothermic  All photo decomposition reaction are endothermic reactions.  Double displacement reaction or metathesis may occur by the mutal exchange of ions.  Precipitation reaction gives an insoluble salt as the product.  Neutralisation reactions are reactions between an acid and a base that forms salt and water.  Neutralisation prevents tooth decay.  Most reactions in chemistry are irreversible reactions.  Chemical equilibrium-the rate of the forward reaction is equal to rate of the back ward reactions.  Equilibrium is possible in a closed system.  Temperature increases the reaction rate.  Pressure increases the reaction rate.  The term pH means power of hydrogen.  pH plays a vital role in everyday life.  In humans all bio chemical reactions take place between the pH value of 7.0 to 7.8.  If pH of rain water is below 5.6 its called acid rain.  Pure water is a weak electrolyte. 10th_Science_Unit-10.indd 151 12/3/2022 2:55:20 PM 152 10th Standard Science TEXTBOOK EVALUATION I.,WATER RAIN BIO SOLUTION PH POH POINT REMEMBER CHEMICAL CHANGE ONE MORE NEW SUBSTANCES FORM MOST COMBINATION REACTIONS EXOTHERMIC PHOTO DECOMPOSITION REACTION ENDOTHERMIC DOUBLE DISPLACEMENT METATHESIS OCCUR MUTAL EXCHANGE IONS PRECIPITATION GIVE INSOLUBLE SALT PRODUCT NEUTRALISATION ACID BASE PREVENT TOOTH DECAY CHEMISTRY IRREVERSIBLE EQUILIBRIUM RATE FORWARD EQUAL BACK WARD POSSIBLE CLOSE SYSTEM TEMPERATURE INCREASE PRESSURE TERM MEAN POWER HYDROGEN PLAY VITAL ROLE EVERYDAY LIFE HUMANS TAKE PLACE VALUE CALL PURE WEAK ELECTROLYTE PM STANDARD SCIENCE TEXTBOOK EVALUATION PAST PRESENT
Choose the correct answer. 1.,CHOOSE CORRECT ANSWER
Decomposition Reaction b.,DECOMPOSITION REACTION
Combination Reaction c.,COMBINATION REACTION
Single Displacement Reaction d.,SINGLE DISPLACEMENT REACTION
Double Displacement Reaction 2.,DOUBLE DISPLACEMENT REACTION
Photolysis is a decomposition reaction caused by ___________ a. heat b. electricity c. light d. mechanical energy 3.,PHOTOLYSIS DECOMPOSITION REACTION CAUSE HEAT ELECTRICITY LIGHT MECHANICAL ENERGY PAST
A reaction between carbon and oxygen is represented by C(s) + O2(g) → CO2(g) + Heat.,REACTION C( REPRESENT CARBON OXYGEN HEAT PAST
"In which of the type(s), the above reaction can be classified? (i) Combination Reaction (ii) Combustion Reaction (iii) Decomposition Reaction (iv) Irreversible Reaction a. i and ii b. i and iv c. i, ii and iii d. i, ii and iv 4.",REACTION T-Y-P-E-(-S CLASSIFY ABOVE I COMBINATION II COMBUSTION III DECOMPOSITION IV IRREVERSIBLE PAST
The chemical equation Na2SO4(aq) + BaCl2(aq) → BaSO4(s)↓ + 2NaCl(aq) represents which of the following types of reaction? a.,N-A-2-S-O-4-(-A-Q REACTION REPRESENT CHEMICAL EQUATION FOLLOW TYPE PRESENT
Neutralisation b.,NEUTRALISATION
Combustion c.,COMBUSTION
Precipitation d.,PRECIPITATION
Single displacement 5.,SINGLE DISPLACEMENT
"Which of the following statements are correct about a chemical equilibrium? (i) It is dynamic in nature (ii) The rate of the forward and backward reactions are equal at equilibrium (iii) Irreversible reactions do not attain chemical equilibrium (iv) The concentration of reactants and products may be different a. i, ii and iii b. i, ii and iv c. ii, iii and iv d. i, iii and iv 6.",FOLLOW STATEMENTS CORRECT CHEMICAL EQUILIBRIUM I DYNAMIC NATURE II RATE FORWARD BACKWARD REACTIONS EQUAL III IRREVERSIBLE ATTAIN CONCENTRATION REACTANTS PRODUCTS DIFFERENT IV NOT
A single displacement reaction is represented by X(s) + 2HCl(aq) → XCl2(aq) + H2(g).,REACTION X-C-L-2-(-A-Q REPRESENT SINGLE DISPLACEMENT PAST
Which of the following(s) could be X. (i) Zn (ii) Ag (iii) Cu (iv) Mg.,I ZN II AG III CU IV MG
Choose the best pair. a. i and ii b. ii and iii c. iii and iv d. i and iv 7.,CHOOSE BEST PAIR I II III IV
Which of the following is not an “element + element → compound” type reaction? a.,FOLLOW ELEMENT COMPOUND TYPE REACTION NOT
Which of the following represents a precipitation reaction? a.,WHICH REACTION REPRESENT FOLLOW PRECIPITATION PRESENT
The pH of a solution is 3.,PH SOLUTION
Its [OH–] concentration is a. 1 × 10–3 M b. 3 M c. 1 × 10–11 M d. 11 M 10.,CONCENTRATION M
Powdered CaCO3 reacts more rapidly than flaky CaCO3 because of ___________. a. large surface area b. high pressure c. high concentration d. high temperature II.,C-A-C-O-3 _ REACT POWDER MORE RAPIDLY FLAKY LARGE SURFACE AREA HIGH PRESSURE CONCENTRATION TEMPERATURE II PRESENT
Fill in the blanks 1.,FILL BLANK
A reaction between an acid and a base is called _________________. 2.,REACTION ACID CALL BASE PAST
"When lithium metal is placed in hydrochloric acid, ________ gas is evolved. 10th_Science_Unit-10.indd 152 12/3/2022 2:55:20 PM 153 Types of Chemical Reactions 3.",TYPE REACTIONS EVOLVE LITHIUM METAL PLACE HYDROCHLORIC ACID GAS PM CHEMICAL PAST
The equilibrium attained during the melting of ice is known as ___________. 4.,EQUILIBRIUM _ ATTAIN MELT ICE KNOW PAST
The pH of a fruit juice is 5.6.,PH FRUIT JUICE
"If you add slaked lime to this juice, its pH _____________ (increse/decrese) 5.",YOU _ SLAKE ADD LIME JUICE PH INCRESE DECRESE PRESENT PAST
The value of ionic product of water at 250 C is _____________. 6.,VALUE IONIC PRODUCT WATER C
The normal pH of human blood is _________ 7.,NORMAL PH HUMAN BLOOD
Electrolysis is type of _______________ reaction 8.,ELECTROLYSIS TYPE REACTION
The number of products formed in a synthesis reaction is _________ 9.,NUMBER PRODUCTS FORM SYNTHESIS REACTION PAST
Chemical volcano is an example for _______________ type of reaction 10.,CHEMICAL VOLCANO EXAMPLE TYPE REACTION
The ion formed by dissolution of H+ in water is called _______________ III.,ION WATER CALL FORM DISSOLUTION III PAST
Match the following 1.,MATCH FOLLOW
Identify the types of reaction REACTION TYPE NH4OH(aq) + CH3COOH(aq) → CH3COONH4(aq) + H2O(l) Single Displacement Zn(s) + CuSO4(aq) → ZnSO4(aq) + Cu(s) Combustion ZnCO3(s) + Heat → ZnO(s) + CO2(g) Neutralisation C2H4(g) + 4O2(g) → 2CO2(g) + 2H2O(g) + Heat Thermal decomposition IV.,IDENTIFY TYPE REACTION SINGLE DISPLACEMENT COMBUSTION HEAT NEUTRALISATION THERMAL DECOMPOSITION IV
True or False: (If false give the correct statement) 1.,TRUE FALSE GIVE CORRECT STATEMENT
Silver metal can displace hydrogen gas from nitric acid. 2.,METAL ACID DISPLACE SILVER HYDROGEN GAS NITRIC
"The pH of rain water containing dissolved gases like SO3, CO2, NO2 will be less than 7. 3.",PH RAIN WATER CONTAIN DISSOLVE GAS LESS PAST
"At the equilibrium of a reversible reaction, the concentration of the reactants and the products will be equal. 4.",EQUILIBRIUM REVERSIBLE REACTION CONCENTRATION REACTANTS PRODUCTS EQUAL
Periodical removal of one of the products of a reversible reaction increases the yield. 5.,REMOVAL YIELD INCREASE PERIODICAL ONE PRODUCTS REVERSIBLE REACTION PRESENT
"On dipping a pH paper in a solution, it turns into yellow.",IT SOLUTION TURN DIP PH PAPER YELLOW PRESENT
Then the solution is basic.,THEN SOLUTION BASIC
Short answer questions: 1.,SHORT ANSWER QUESTION
"When an aqueous solution of potassium chloride is added to an aqueous solution of silver nitrate, a white precipitate is formed.",PRECIPITATE NITRATE FORM AQUEOUS SOLUTION POTASSIUM CHLORIDE ADD SILVER WHITE PAST
Give the chemical equation of this reaction. 2.,GIVE CHEMICAL EQUATION REACTION
Why does the reaction rate of a reaction increase on raising the temperature? 3.,REACTION RATE INCREASE RAISE TEMPERATURE
Define combination reaction.,DEFINE COMBINATION REACTION
Give one example for an exothermic combination reaction. 4.,GIVE ONE EXAMPLE EXOTHERMIC COMBINATION REACTION
Differentiate reversible and irreversible reactions VI.,DIFFERENTIATE REVERSIBLE IRREVERSIBLE REACTIONS VI
Answer in detail 1.,ANSWER DETAIL
What are called thermolysis reactions? 2.,CALL THERMOLYSIS REACTIONS PAST
Explain the types of double displacement reactions with examples. 3.,EXPLAIN TYPE DOUBLE DISPLACEMENT REACTIONS EXAMPLES
Explain the factors influencing the rate of a reaction 4.,EXPLAIN FACTOR INFLUENCE RATE REACTION
How does pH play an important role in everyday life? 5.,PH LIFE PLAY IMPORTANT ROLE EVERYDAY
What is a chemical equilibrium?,CHEMICAL EQUILIBRIUM WHAT
What are its characteristics?,CHARACTERISTICS WHAT
VII.,VII
HOT questions 1.,HOT QUESTION
A solid compound ‘A’ decomposes on heating into ‘B’ and a gas ‘C’.,SOLID COMPOUND DECOMPOSE HEAT B GAS C
"On passing the gas ‘C’ through water, it becomes acidic.",IT WATER BECOME PASS GAS C ACIDIC PRESENT
"Identify A, B and C. 10th_Science_Unit-10.indd 153 12/3/2022 2:55:20 PM 154 10th Standard Science 2.",IDENTIFY B PM STANDARD SCIENCE
Can a nickel spatula be used to stir copper sulphate solution?,SPATULA SOLUTION USE NICKEL STIR COPPER SULPHATE PAST QUESTION
Justify your answer.,JUSTIFY ANSWER
VIII.,VIII
Solve the following problems 1.,SOLVE FOLLOW PROBLEMS
"Lemon juice has a pH 2, what is the concentration of H+ ions? 2.",CONCENTRATION ION HAVE LEMON JUICE PH IONS PRESENT
Calculate the pH of 1.0 ×10–4 molar solution of HNO3. 3.,CALCULATE PH MOLAR SOLUTION
What is the pH of 1.0 × 10–5 molar solution of KOH? 4.,PH MOLAR SOLUTION KOH
The hydroxide ion concentration of a solution is 1 × 10–11M.,HYDROXIDE ION CONCENTRATION SOLUTION
What is the pH of the solution?,PH SOLUTION WHAT
REFERENCE BOOKS 1.,REFERENCE BOOK
"Text book of inorganic chemistry-P.L.Soni- S.Chand & sons publishers, New Delhi. 2.",TEXT BOOK INORGANIC CHEMISTRY SONS PUBLISHERS NEW DELHI
"Principles of Physical Chemistry- B.R.Ruri, L.R.",PRINCIPLES PHYSICAL
"Sharma, Vishal publishing Co Punjab.",SHARMA VISHAL PUBLISH CO PUNJAB
"INTERNET RESOURCES Webliography:www.chem4kids.com http://aravindguptatoys.com/filims.html Concept Map 155 INTRODUCTION You have studied, in your lower classes, that carbon is an inseparable element in human life as we use innumerable number of carbon compounds in our day to day life.",INTERNET RESOURCES WEBLIOGRAPHY CONCEPT MAP INTRODUCTION STUDY LOWER CLASS CARBON INSEPARABLE ELEMENT HUMAN LIFE USE INNUMERABLE NUMBER COMPOUND DAY PAST PRESENT
"Because, the food we eat, medicines we take when ill, clothes we wear; domestic and automobile fuels, paint, cosmetics, automobile parts, etc., that we use contain carbon compounds.",FOOD EAT MEDICINE TAKE ILL CLOTHE WEAR DOMESTIC AUTOMOBILE FUEL PAINT COSMETICS PART USE CONTAIN CARBON COMPOUND PRESENT
"The number of carbon compounds found in nature and man-made, is much higher than that of any other element in the periodic table.",NUMBER CARBON COMPOUND FIND NATURE MAN MAKE MUCH HIGHER OTHER ELEMENT PERIODIC TABLE PAST
Infact there are more than 5 million compounds of carbon.,INFACT MORE MILLION COMPOUND CARBON PRESENT
"The unique nature of carbon, such as catenation, tetravalency and multiple bonding, enables it to combine with itself or other elements like hydrogen, oxygen, nitrogen,sulphur etc., and hence form large number of compounds.",IT COMPOUND ENABLE UNIQUE NATURE CARBON SUCH CATENATION TETRAVALENCY MULTIPLE BOND COMBINE OTHER ELEMENTS HYDROGEN OXYGEN NITROGEN SULPHUR HENCE FORM LARGE NUMBER PRESENT
All these compounds are made of covalent bonds.,COMPOUND BOND MAKE COVALENT PAST
These compounds are called organic compounds.,COMPOUND CALL ORGANIC PAST
"In this lesson, you will learn about carbon compounds. 11.1 GENERAL CHARACTERISTICS OF ORGANIC COMPOUNDS Everything in this world has unique character, similarly organic compounds are unique in their characteristics.",CHARACTERISTICS CHARACTERISTIC HAVE LESSON LEARN CARBON COMPOUND GENERAL ORGANIC WORLD UNIQUE CHARACTER SIMILARLY PRESENT
Some of them are given below: Organic compounds have a high molecular weight and a complex structure.,COMPOUND WEIGHT HAVE GIVE BELOW ORGANIC HIGH MOLECULAR COMPLEX STRUCTURE PAST PRESENT
"They are mostly insoluble in water, but soluble in organic solvents such as ether, carbon tetrachloride, toluene, etc.",MOSTLY INSOLUBLE WATER SOLUBLE ORGANIC SOLVENTS SUCH ETHER CARBON TETRACHLORIDE TOLUENE
They are highly inflammable in nature Organic compounds are less reactive compared to inorganic compounds.,HIGHLY INFLAMMABLE NATURE ORGANIC COMPOUND LESS REACTIVE COMPARE INORGANIC PAST
"Hence, the reactions involving organic compounds proceed at slower rates.",REACTION RATE PROCEED HENCE REACTIONS INVOLVE ORGANIC COMPOUND SLOWER RAT PRESENT
"Learning Objectives After studying this lesson, the student will be able to: know the importance of organic compounds. classify the organic compounds and name them based on IUPAC rules. identify the functional groups of organic compounds. explain the preparation, properties and uses of ethanol and ethanoic acids. know the composition and preparation of soap and detergent. understand the cleansing action of soap and detergents. differentiate soap and detergents.",STUDENT SOAP UNDERSTAND LEARN OBJECTIVES STUDY LESSON ABLE KNOW IMPORTANCE ORGANIC COMPOUND CLASSIFY NAME BASE IUPAC RULE IDENTIFY FUNCTIONAL GROUP EXPLAIN PREPARATION PROPERTIES USE ETHANOL ETHANOIC ACIDS COMPOSITION DETERGENT CLEANSE ACTION DETERGENTS DIFFERENTIATE PRESENT PAST
UNIT 11 CARBON AND ITS COMPOUNDS 10th_Science_Unit-11.indd 155 12/3/2022 2:58:07 PM 156 10th Standard Science Mostly organic compounds form covalent bonds in nature.,COMPOUND NATURE FORM UNIT CARBON PM STANDARD SCIENCE MOSTLY ORGANIC COVALENT BOND PRESENT
"They have lower melting point and boiling point when compared to inorganic compounds They exhibit the phenomenon of isomerism, in which a single molecular formula represents several organic compounds that differ in their physical and chemical properties They are volatile in nature.",THEY NATURE HAVE LOWER MELT POINT BOIL COMPARE INORGANIC COMPOUND EXHIBIT PHENOMENON ISOMERISM SINGLE MOLECULAR FORMULA REPRESENT SEVERAL ORGANIC DIFFER PHYSICAL CHEMICAL PROPERTIES VOLATILE PRESENT PAST
Organic compounds can be prepared in the laboratory 11.2 CLASSIFICATION OF ORGANIC COMPOUNDS BASED ON THE PATTERN OF CARBON CHAIN What is the significance of classification?,SIGNIFICANCE CLASSIFICATION PREPARE ORGANIC COMPOUND LABORATORY BASE PATTERN CARBON CHAIN PAST WHAT
There are millions of organic compounds known and many new organic compounds are discovered every year in nature or synthesized in laboratory.,COMPOUND LABORATORY BE MILLIONS ORGANIC KNOW MANY NEW DISCOVER YEAR NATURE SYNTHESIZE PRESENT PAST
This may mystify organic chemistry to a large extent.,THIS EXTENT MYSTIFY ORGANIC CHEMISTRY LARGE
"However, a unique molecular structure can be assigned to each compound and it can be listed by using systematic methods of classification and eventually named on the basis of its structural arrangements.",IT ARRANGEMENT ASSIGN HOWEVER UNIQUE MOLECULAR STRUCTURE COMPOUND LIST USE SYSTEMATIC METHODS CLASSIFICATION EVENTUALLY NAME BASIS STRUCTURAL ARRANGEMENTS PAST
"In early days, chemists recognised that compounds having similar structural features have identical chemical properties.",COMPOUND PROPERTY RECOGNISE EARLY DAYS CHEMISTS HAVE SIMILAR STRUCTURAL FEATURE IDENTICAL CHEMICAL PROPERTIES PAST PRESENT
So they began to classify compounds based on the common structural arrangements found among them.,THEY BEGIN CLASSIFY COMPOUND BASE COMMON STRUCTURAL ARRANGEMENTS FIND PAST
Organic chemistry is the chemistry of catenated carbon compounds.,ORGANIC CHEMISTRY CATENATE CARBON COMPOUND
The carbon atoms present in organic compounds are linked with each other through covalent bonds and thus exist as chains.,ATOM CHAIN LINK CARBON ATOMS PRESENT ORGANIC COMPOUND OTHER COVALENT BOND THUS EXIST PAST
"By this way, organic compounds are classified into two types as follows: 1.",COMPOUND TYPE CLASSIFY WAY ORGANIC TWO FOLLOW PAST PRESENT
Acyclic or Open chain compounds: These are the compounds in which the carbon atoms are linked in a linear pattern to form the chain.,ACYCLIC OPEN CHAIN COMPOUND CARBON ATOMS LINK LINEAR PATTERN FORM PAST
"If all the carbon atoms in the chain are connected by single bonds, the compound is called as saturated.",COMPOUND BOND CALL CARBON ATOMS CHAIN CONNECT SINGLE SATURATE PAST
"If one or more double bonds or triple bonds exist between the carbon atoms, then the compound is said to unsaturated.",COMPOUND ATOM SAY ONE MORE DOUBLE BOND TRIPLE EXIST CARBON ATOMS THEN UNSATURATED PRESENT PAST
CH3-CH2-CH3 CH3-CH=CH2 Propane Propene Saturated compound Unsaturated compound 2.,CH PROPANE PROPENE SATURATE COMPOUND UNSATURATED
Cyclic Compounds: Organic compounds in which the chain of carbon atoms is closed or cyclic are called cyclic compounds.,CYCLIC COMPOUND ORGANIC CHAIN CARBON ATOMS CLOSE CALL PAST
"If the chain contains only carbon atoms, such compounds are called carbocyclic (Homocyclic) compounds.",COMPOUND ATOM CALL CHAIN CONTAIN ONLY CARBON ATOMS SUCH CARBOCYCLIC HOMOCYCLIC PRESENT PAST
"If the chain contains carbon and other atoms like oxygen, nitrogen, sulphur, etc., these compounds are called heterocyclic compounds.",COMPOUND OXYGEN CALL CHAIN CONTAIN CARBON OTHER ATOMS NITROGEN SULPHUR HETEROCYCLIC PRESENT PAST
Carbocyclic compounds are further subdivided into alicyclic and aromatic compounds.,COMPOUND SUBDIVIDE CARBOCYCLIC FURTHER ALICYCLIC AROMATIC PAST
Alicyclic compounds contain one or more carbocyclic rings which may be saturated or unsaturated whereas aromatic compounds contain one or more benzene rings (ring containing alternate double bonds between carbon atoms).,COMPOUND ATOM CONTAIN ALICYCLIC ONE MORE CARBOCYCLIC RING SATURATE UNSATURATED AROMATIC BENZENE ALTERNATE DOUBLE BOND CARBON ATOMS PRESENT PAST
"Carbo (Homo) cyclic compounds Benzene Aromatic Compound Cyclobutane Alicyclic Compound or or CH CH HC HC C H H C H2C H2C CH2 CH2 Hetrocyclic compounds o Furan or CH CH HC O HC Figure 11.1 depicts the classification of organic compounds based on the pattern of carbon arrangements and their bonding in organic compounds: 10th_Science_Unit-11.indd 156 12/3/2022 2:58:07 PM 157 Carbon and its Compounds 11.3 CLASSES OF ORGANIC COMPOUNDS (BASED ON THE KIND OF ATOMS) Other than carbon, organic compounds contain atoms like hydrogen, oxygen, nitrogen, etc., bonded to the carbon.",OTHER CARBON CONTAIN CARBO HOMO CYCLIC COMPOUND BENZENE AROMATIC CYCLOBUTANE ALICYCLIC CH HC C H HETROCYCLIC O FURAN FIGURE DEPICT CLASSIFICATION ORGANIC BASE PATTERN ARRANGEMENTS BOND PM CLASS KIND ATOMS HYDROGEN OXYGEN NITROGEN PRESENT PAST
Combination of these kinds of atoms with carbon gives different classes of organic compounds.,COMBINATION COMPOUND GIVE KINDS ATOMS CARBON DIFFERENT CLASS ORGANIC PRESENT
"In the following section, let us discuss various classes of organic compounds. 11.3.1 Hydrocarbons The organic compounds that are composed of only carbon and hydrogen atoms are called hydrocarbons.",THAT ATOM CALL FOLLOW SECTION LET DISCUSS VARIOUS CLASS ORGANIC COMPOUND HYDROCARBONS COMPOSE ONLY CARBON HYDROGEN ATOMS PAST
The carbon atoms join together to form the framework of the compounds.,ATOM COMPOUND JOIN CARBON ATOMS TOGETHER FORM FRAMEWORK PRESENT
These are regarded as the parent organic compounds and all other compounds are considered to be derived from hydrocarbons by replacing one or more hydrogen atoms with other atoms or group of atoms.,COMPOUND ATOM REGARD PARENT ORGANIC OTHER CONSIDER DERIVE HYDROCARBONS REPLACE ONE MORE HYDROGEN ATOMS GROUP PAST
"Hydrocarbons are, further, sub divided into three classes such as: (a) Alkanes: These are hydrocarbons, which contain only single bonds.",HYDROCARBONS FURTHER SUB DIVIDE THREE CLASS SUCH ALKANES CONTAIN ONLY SINGLE BOND PAST PRESENT
"They are represented by the general formula CnH2n + 2 (where n = 1,2, 3, ……).",N FORMULA REPRESENT GENERAL PAST
The simplest alkane (for n=1) is methane (CH4).,SIMPLEST ALKANE METHANE
"Since, all are single bonds in alkanes, they are saturated compounds. (b) Alkenes: The hydrocarbons, which contain one or more C=C bonds are called alkenes.",WHICH BOND CALL SINGLE ALKANES SATURATE COMPOUND ALKENES HYDROCARBONS CONTAIN ONE MORE C PAST PRESENT
These are unsaturated compounds.,UNSATURATED COMPOUND
They are represented by the general formula CnH2n.,THEY C-N-H-2-N REPRESENT GENERAL FORMULA PAST
The simplest alkene contains two carbon atoms (n=2) and is called ethylene (C2H4). (c) Alkynes: The hydrocarbons containing carbon to carbon triple bond are called alkynes.,HYDROCARBON BOND CONTAIN SIMPLEST ALKENE TWO CARBON ATOMS CALL ETHYLENE C ALKYNES HYDROCARBONS TRIPLE PRESENT PAST
They are also unsaturated as they contain triple bond between carbon atoms.,ALSO UNSATURATED CONTAIN TRIPLE BOND CARBON ATOMS PRESENT
They have the general formula CnH2n – 2.,THEY FORMULA HAVE GENERAL PRESENT
"Acetylene (C2H2) is the simplest alkyne, which contains two carbon atoms.",ACETYLENE SIMPLEST ALKYNE CONTAIN TWO CARBON ATOMS PRESENT
"Table 11.1 lists the first five hydrocarbons of each class: Table 11.1 Hydrocarbons containing 1to 5 carbon atoms No. of carbon atoms Alkane (CnH2n + 2) Alkene (CnH2n) Alkyne (CnH2n - 2) 1 Methane (CH4) - - 2 Ethane (C2H6) Ethene (C2H4) Ethyne (C2H2) 3 Propane (C3H8) Propene (C3H6) Propyne (C3H4) 4 Butane (C4H10) Butene (C4H8) Butyne (C4H6) 5 Pentane (C5H12) Pentene (C5H10) Pentyne (C5H8) Organic compounds Acyclic or Open chain compounds Cyclic or Closed chain compounds Heterocyclic Compounds (Ring containing carbon and other element) E.g Pyridine, Furan Carbocyclic Compounds (Only cabon ring) Unsaturated (double or triple bond) Ethene CH2 = CH2 Ethyne CH CH Saturated (Compounds containing C-C single bond) E.g.Ethane C2H6 Alicyclic Compounds E.g Cyclobutane Aromatic Compounds E.g Benzene Figure 11.1 Classification of organic compounds 10th_Science_Unit-11.indd 157 12/3/2022 2:58:08 PM 158 10th Standard Science 11.3.2 Characteristics of hydrocarbons: Lower hydrocarbons are gases at room temperature E.g. methane, ethane are gases.",ETHANE TEMPERATURE COMPOUND TABLE LIST FIRST FIVE HYDROCARBONS CLASS CONTAIN CARBON ATOMS NO ALKANE ALKENE ALKYNE METHANE ETHENE ETHYNE PROPANE PROPENE PROPYNE BUTANE BUTENE BUTYNE PENTANE PENTENE PENTYNE ORGANIC ACYCLIC OPEN CHAIN CYCLIC CLOSE HETEROCYCLIC RING OTHER ELEMENT PYRIDINE FURAN CARBOCYCLIC ONLY CABON UNSATURATED DOUBLE TRIPLE BOND CH SATURATE C SINGLE ALICYCLIC CYCLOBUTANE AROMATIC BENZENE FIGURE CLASSIFICATION PM STANDARD SCIENCE CHARACTERISTICS LOWER GAS ROOM PRESENT NOT
They are colourless and odourless.,COLOURLESS ODOURLESS
The boiling point of hydrocarbons increases with an increase in the number of carbon atoms.,POINT ATOM INCREASE BOIL HYDROCARBONS NUMBER CARBON ATOMS PRESENT
They undergo combustion reaction with oxygen to form CO2 and water.,THEY C-O-2 UNDERGO COMBUSTION REACTION OXYGEN FORM WATER PRESENT
Alkanes are least reactive when compared to other classes of hydrocarbons.,ALKANES LEAST REACTIVE COMPARE OTHER CLASS HYDROCARBONS PAST
Alkynes are the most reactive due to the presence of the triple bond.,ALKYNES MOST REACTIVE PRESENCE TRIPLE BOND
Alkanes are saturated whereas alkenes and alkynes are unsaturated.,ALKANES SATURATE ALKENES ALKYNES UNSATURATED PAST
They are insoluble in water.,INSOLUBLE WATER
Test to identify saturated and unsaturated compounds: Take the given sample solution in a test tube.,TEST IDENTIFY SATURATE UNSATURATED COMPOUND TAKE GIVE SAMPLE SOLUTION TUBE PAST
Add a few drops of bromine water and observe any characteristic change in colour.,ADD FEW DROP BROMINE WATER OBSERVE CHARACTERISTIC CHANGE COLOUR
"If the given compound is unsaturated, it will decolourise bromine water.",IT WATER DECOLOURISE GIVE COMPOUND UNSATURATED BROMINE PAST
Saturated compounds do not decolourise bromine.,SATURATE COMPOUND DECOLOURISE BROMINE NOT
"ALKANE ADDITION OF BROMINE WATER TO ALKANES AND ALKENES Does not react with bromine water, and does not decolourise bromine water ALKENE Will react with bromine water, and as such also decolourises bromine water Figure 11.2 Test to identify unsaturated compounds 11.3.3 Classification of organic compounds based on functional groups The structural frameworks of organic compounds are made of carbon and hydrogen, which are relatively less reactive.",WHICH CARBON MAKE ALKANE ADDITION BROMINE WATER ALKANES ALKENES REACT DECOLOURISE ALKENE SUCH ALSO FIGURE TEST IDENTIFY UNSATURATED COMPOUND CLASSIFICATION ORGANIC BASE FUNCTIONAL GROUP STRUCTURAL FRAMEWORKS HYDROGEN RELATIVELY LESS REACTIVE PRESENT PAST NOT
"But, the presence of some other atoms or group of atoms makes the compounds more reactive and thus determines the chemical properties of the compound.",COMPOUND MAKE PRESENCE OTHER ATOMS GROUP MORE REACTIVE THUS DETERMINE CHEMICAL PROPERTIES PRESENT
These groups are called functional groups.,GROUP CALL FUNCTIONAL PAST
"A functional group is an atom or group of atoms in a molecule, which gives its characteristic chemical properties.",FUNCTIONAL GROUP ATOM ATOMS MOLECULE GIVE CHARACTERISTIC CHEMICAL PROPERTIES PRESENT
The chemical properties of an organic compound depend on its functional group whereas its physical properties rely on remaining part of the structure.,PROPERTY STRUCTURE DEPEND CHEMICAL PROPERTIES ORGANIC COMPOUND FUNCTIONAL GROUP PHYSICAL RELY REMAIN PART PRESENT
"Carbon to carbon multiple bonds (C=C, C C) also are considered as functional groups as many of the properties are influenced by these bonds.",MANY BOND CONSIDER CARBON MULTIPLE C ALSO FUNCTIONAL GROUP AS PROPERTIES INFLUENCE PAST
"Other functional groups include, –OH, –CHO, –COOH, etc.",GROUP OH INCLUDE OTHER FUNCTIONAL CHO COOH PRESENT
"For example, ethane is a hydrocarbon having molecular formula C2H6.",EXAMPLE ETHANE HYDROCARBON HAVE MOLECULAR FORMULA
"If one of its hydrogen is replaced by –OH group, you will get an alcohol.",YOU ALCOHOL GET ONE HYDROGEN REPLACE OH GROUP PAST
"Leaving the functional group, the rest of the structure is represented by ‘R’.",REST R REPRESENT LEAVE FUNCTIONAL GROUP STRUCTURE PAST
Thus an alcohol is represented by ‘R-OH’ CH3-CH3 CH3-CH2-OH Ethane Ethanol Hydrocarbon Alcohol Functional Group A series of compounds containing the same functional group is called a class of organic compounds.,SERIES COMPOUND REPRESENT THUS ALCOHOL R OH ETHANE ETHANOL HYDROCARBON FUNCTIONAL GROUP CONTAIN SAME CALL CLASS ORGANIC PAST
Table 11.2 shows various classes or families of organic compounds and their functional groups: 10th_Science_Unit-11.indd 158 12/3/2022 2:58:08 PM 159 Carbon and its Compounds 11.4 HOMOLOGOUS SERIES Homologous series is a group or a class of organic compounds having same general formula and similar chemical properties in which the successive members differ by a - CH2 group.,TABLE SHOW VARIOUS CLASS FAMILIES ORGANIC COMPOUND FUNCTIONAL GROUP PM CARBON HOMOLOGOUS SERIES HAVE SAME GENERAL FORMULA SIMILAR CHEMICAL PROPERTIES SUCCESSIVE MEMBERS DIFFER PRESENT
Let us consider members of alkanes given in Table 11.1.,WE TABLE LET CONSIDER MEMBERS ALKANES GIVE PAST
Their condensed structural formulas are given below: Methane - CH4 Ethane - CH3CH3 Propane - CH3CH2CH3 Butane - CH3(CH2)2CH3 Pentane - CH3(CH2)3CH3 If you observe the above series. you can notice that each successive member has one methylene group more than the precedent member of the series and hence they are called homologs. 11.4.1 Characteristics of homologous series Each member of the series differs from the preceding or succeeding member by one methylene group (–CH2) and hence by a molecular mass of 14 amu.,MEMBER AMU DIFFER CONDENSE STRUCTURAL FORMULAS GIVE BELOW METHANE ETHANE PROPANE BUTANE PENTANE OBSERVE ABOVE SERIES NOTICE SUCCESSIVE ONE METHYLENE GROUP MORE PRECEDENT HENCE CALL HOMOLOGS CHARACTERISTICS HOMOLOGOUS PRECEDE SUCCEED MOLECULAR MASS PAST PRESENT
All members of a homologous series contain the same elements and functional group.,MEMBER ELEMENT CONTAIN MEMBERS HOMOLOGOUS SERIES SAME ELEMENTS FUNCTIONAL GROUP PRESENT
They are represented by a general molecular formula. e.g.,THEY FORMULA REPRESENT GENERAL MOLECULAR PAST
"Alkanes, CnH2n + 2.",ALKANES
The members in each homologous series show a regular gradation in their physical properties with respect to their increase in molecular mass.,MEMBER MASS SHOW MEMBERS HOMOLOGOUS SERIES REGULAR GRADATION PHYSICAL PROPERTIES RESPECT INCREASE MOLECULAR PRESENT
Chemical properties of the members of a homologous series are similar.,CHEMICAL PROPERTIES MEMBERS HOMOLOGOUS SERIES SIMILAR
All the members can be prepared by a common method.,MEMBER METHOD PREPARE MEMBERS COMMON PAST
"Table 11.2 Classes of organic compounds based on functional group Class of the compound Functional group Common Formula Examples Alcohol –OH R-OH Ethanol, CH3CH2OH Aldehyde O || −C−H R-CHO Acetaldehyde, CH3 CHO Ketone O || −C− R–CO-R Acetone, CH3COCH3 Carboxylic acid O || −C−OH R-COOH Acetic acid, CH3COOH Ester O || −C−OR R-COOR Methyl acetate, CH3COOCH3 Ether –O–R R-O-R Dimethyl ether, CH3OCH3 10th_Science_Unit-11.indd 159 12/3/2022 2:58:08 PM 160 10th Standard Science 11.5 NOMENCLATURE OF ORGANIC COMPOUNDS 11.5.1 Why do we need nomenclature?",WE COMPOUND NEED TABLE CLASS ORGANIC BASE FUNCTIONAL GROUP COMMON FORMULA EXAMPLES ALCOHOL OH R ETHANOL ALDEHYDE CHO ACETALDEHYDE KETONE CO ACETONE CARBOXYLIC ACID COOH ACETIC ESTER COOR METHYL ACETATE ETHER O DIMETHYL PM STANDARD SCIENCE NOMENCLATURE PAST WHY
"In ancient days, the names of organic compounds were related to the natural things from which they were obtained.",THEY WHICH RELATE ANCIENT DAYS NAME ORGANIC COMPOUND NATURAL THINGS OBTAIN PAST
"For example, the formic acid was initially obtained by distillation of ‘red ants’.",ACID ANT OBTAIN EXAMPLE FORMIC INITIALLY DISTILLATION RED ANTS PAST
Latin name of the red ant is ‘Formica’.,LATIN NAME RED ANT FORMICA
"So, the name of the formic acid was derived from the Latin name of its source Later, the organic compounds were synthesized from sources other than the natural sources.",COMPOUND SOURCE SYNTHESIZE NAME FORMIC ACID DERIVE LATIN LATER ORGANIC OTHER NATURAL PAST FUTURE
So scientists framed a systematic method for naming the organic compounds based on their structures.,SCIENTIST STRUCTURE FRAME SCIENTISTS SYSTEMATIC METHOD NAME ORGANIC COMPOUND BASE PAST
"Hence, a set of rules was formulated by IUPAC (International Union of Pure and Applied Chemistry) for the nomenclature of chemical compounds. 11.5.2 Components of an IUPAC name The IUPAC name of the any organic compound consists of three parts: i.",COMPONENTS PART CONSIST HENCE SET RULE FORMULATE IUPAC INTERNATIONAL UNION PURE APPLY CHEMISTRY NOMENCLATURE CHEMICAL COMPOUND NAME ORGANIC THREE PAST PRESENT
Root word ii.,ROOT WORD II
Prefix iii.,PREFIX III
"Suffix These parts are combined as per the following sequence to get the IUPAC name of the compound: Prefix Root Word Suffix IUPAC Name (i) Root word: It is the basic unit, which describes the carbon skeleton.",SUFFIX PART COMBINE FOLLOW SEQUENCE GET IUPAC NAME COMPOUND PREFIX ROOT WORD I BASIC UNIT DESCRIBE CARBON SKELETON PAST PRESENT
It gives the number of carbon atoms present in the parent chain of the compound and the pattern of their arrangement.,IT ARRANGEMENT GIVE NUMBER CARBON ATOMS PRESENT PARENT CHAIN COMPOUND PATTERN
"Based on the number of carbon atoms present in the carbon skeleton, most of the names are derived from Greek numerals (except the first four).",MOST FOUR DERIVE BASE NUMBER CARBON ATOMS PRESENT SKELETON NAME GREEK NUMERALS FIRST PAST
Table 11.3 shows the root words for the parent chain of hydrocarbons containing 1to10 carbon atoms: Table 11.3 Root words of hydrocarbons No. of carbon atoms Root word 1 Meth- 2 Eth- 3 Prop- 4 But- 5 Pent- 6 Hex- 7 Hept- 8 Oct- 9 Non- 10 Dec- (ii) Prefix: The prefix represents the substituents or branch present in the parent chain.,PREFIX CHAIN REPRESENT TABLE SHOW ROOT WORD PARENT HYDROCARBONS CONTAIN CARBON ATOMS NO II SUBSTITUENTS BRANCH PRESENT NOT
"Atoms or group of atoms, other than hydrogen, attached to carbon of the parent chain are called substituents.",ATOM CHAIN CALL ATOMS GROUP OTHER HYDROGEN ATTACH CARBON PARENT SUBSTITUENTS PAST
Table 11.4 presents the major substituents of organic compounds and respective prefix used for them: Table 11.4 Prefix for IUPAC Name Substituent Prefix used -F Fluoro -Cl Chloro -Br Bromo -I Iodo -NH2 Amino -CH3 Methyl -CH2CH3 Ethyl (iii) Suffix The suffix forms the end of the name.,SUFFIX NAME FORM TABLE PRESENT MAJOR SUBSTITUENTS ORGANIC COMPOUND RESPECTIVE PREFIX USE IUPAC SUBSTITUENT FLUORO CHLORO BROMO IODO AMINO METHYL ETHYL III END PAST
It is divided into two parts such as (a) Primary suffix and (b) Secondary suffix.,IT SUFFIX DIVIDE TWO PART SUCH PRIMARY SECONDARY PAST
The primary suffix comes after the root word.,SUFFIX WORD COME PRIMARY ROOT PRESENT
It represents the nature in carbon to carbon bonding of the parent chain.,IT CHAIN REPRESENT NATURE CARBON BOND PARENT PRESENT
"If all the bonds between the carbon atoms of the parent chain are single, then suffix ‘ane’ has to be used.",BOND CARBON ATOMS PARENT CHAIN SINGLE THEN SUFFIX ANE USE PRESENT PAST
Suffix ‘ene’ and ‘yne’ are used for the compounds containing double 10th_Science_Unit-11.indd 160 12/3/2022 2:58:08 PM 161 Carbon and its Compounds and triple bonds respectively.,ENE CARBON USE SUFFIX YNE COMPOUND CONTAIN DOUBLE PM TRIPLE BOND RESPECTIVELY PAST
The secondary suffix describes the functional group of the compound.,SUFFIX COMPOUND DESCRIBE SECONDARY FUNCTIONAL GROUP PRESENT
Table 11.5 Suffix for IUPAC Name Class of the Compound Functional group Suffix used Alcohol −OH -ol Aldehyde −CHO -al Ketone O || −C− -one Carboxylic acid −COOH -oic acid 11.5.3 IUPAC rules for naming organic compounds: Rule1: Identify the longest chain of carbon atoms to get the parent name (root word).,−-C-O-O-H NAME IDENTIFY TABLE SUFFIX IUPAC CLASS COMPOUND FUNCTIONAL GROUP USE ALCOHOL ALDEHYDE KETONE CARBOXYLIC ACID RULE ORGANIC LONGEST CHAIN CARBON ATOMS GET PARENT ROOT WORD PAST
"Rule 2: Number the carbon atoms of the parent chain, beginning at the closest end of the substituent or functional group.",RULE NUMBER CARBON ATOMS PARENT CHAIN BEGIN CLOSEST END SUBSTITUENT FUNCTIONAL GROUP
These are called locant numbers.,CALL LOCANT NUMBER PAST
"If both functional group and substituent are present, then the priority will be given to the functional group.",PRIORITY GROUP GIVE FUNCTIONAL SUBSTITUENT PRESENT THEN PAST
"Rule 3: In case of alkenes and alkynes, locate the double bond or triple bond and use its locant number followed by a dash and a primary suffix.",RULE DASH LOCATE CASE ALKENES ALKYNES DOUBLE BOND TRIPLE USE LOCANT NUMBER FOLLOW PRIMARY SUFFIX PRESENT PAST
The carbon chain is numbered in such a way that the multiple bonds have the lowest possible locant number.,BOND NUMBER CARBON CHAIN WAY MULTIPLE LOWEST POSSIBLE LOCANT PAST PRESENT
"Rule 4: If the compound contains functional group, locate it and use its locant number followed by a dash and a secondary suffix.",COMPOUND DASH LOCATE RULE CONTAIN FUNCTIONAL GROUP USE LOCANT NUMBER FOLLOW SECONDARY SUFFIX PRESENT PAST
"Rule 5: When the primary and secondary suffixes are joined, the terminal ‘e’ of the primary suffix is removed.",TERMINAL SUFFIX REMOVE RULE PRIMARY SECONDARY JOIN E PAST
"Rule 6: Identify the substituent and use a number followed by a dash and a prefix to specify its location and identity. 11.5.4 IUPAC Nomenclature of hydrocarbons – Solved examples Let us try to name, systematically, some of the linear and substituted hydrocarbons by following IUPAC rules: Example 1: CH3-CH2-CH2-CH2-CH3 Step 1: It is a five- carbon chain and hence the root word is ‘Pent’. (Rule 1) Step 2: All the bonds between carbon atoms are single bonds, and thus the suffix is ‘ane’.",SUFFIX ATOM IDENTIFY RULE SUBSTITUENT USE NUMBER FOLLOW DASH PREFIX SPECIFY LOCATION IDENTITY IUPAC NOMENCLATURE HYDROCARBONS SOLVE EXAMPLES LET TRY NAME SYSTEMATICALLY LINEAR SUBSTITUTE EXAMPLE STEP CARBON CHAIN HENCE ROOT WORD PEN BOND ATOMS SINGLE THUS ANE PAST
"So, its name is Pent + ane = Pentane Example 2: CH3 | CH3−CH−CH2−CH2−CH3 Step 1: The longest chain contains five carbon atoms and hence the root word is ‘Pent’.",WORD ATOM CONTAIN NAME PEN ANE PENTANE EXAMPLE STEP LONGEST CHAIN FIVE CARBON ATOMS HENCE ROOT PRESENT
Step 2: There is a substituent.,STEP SUBSTITUENT PRESENT
"So, the carbon chain is numbered from the left end, which is closest to the substituent. (Rule 2) CH3 1 |2 3 4 5 CH3−CH−CH2−CH2−CH3 Step 3: All are single bonds between the carbon atoms and thus the suffix is ‘ane’.",SUFFIX ATOM NUMBER CARBON CHAIN LEAVE END CLOSEST SUBSTITUENT RULE STEP SINGLE BOND ATOMS THUS ANE PAST
Step 4: The substituent is a methyl group and it is located at second carbon atom.,STEP SUBSTITUENT METHYL GROUP LOCATE SECOND CARBON ATOM PAST
"So, its locant number is 2.",LOCANT NUMBER
Thus the prefix is ‘2-Methyl’. (Rule 6).,THUS PREFIX METHYL RULE
The name of the compound is 2-Methyl + pent +ane = 2-Methylpentane Example 3: CH3− CH− CH2− CH2− CH2 − CH3 CH3 CH2 − − Step 1: The longest chain contains seven carbon atoms and hence the root word is ‘Hept’.,WORD ATOM CONTAIN NAME COMPOUND METHYL PEN ANE METHYLPENTANE EXAMPLE STEP LONGEST CHAIN SEVEN CARBON ATOMS HENCE ROOT HEPT PAST PRESENT
Step 2: There is a substituent.,STEP SUBSTITUENT PRESENT
"So, the 10th_Science_Unit-11.indd 161 12/3/2022 2:58:08 PM 162 10th Standard Science carbon chain is numbered from the end, which is closest to substituent. (Rule 2) CH3− CH− CH2− CH2− CH2 − CH3 CH3 CH2 − − Correct Wrong 1 2 3 4 5 6 7 CH3− CH− CH2− CH2− CH2 − CH3 CH3 CH2 − − 1 2 3 4 5 6 Step 3: All are single bonds between the carbon atoms and thus the suffix is ‘ane’.",SUFFIX ATOM NUMBER PM STANDARD SCIENCE CARBON CHAIN END CLOSEST SUBSTITUENT RULE CORRECT WRONG STEP SINGLE BOND ATOMS THUS ANE PAST
Step 4: The substituent is a methyl group and it is located at third carbon.,STEP SUBSTITUENT METHYL GROUP LOCATE THIRD CARBON PAST
"So, its locant number is 3.",LOCANT NUMBER
Thus the prefix is ‘3-Methyl’. (Rule 6) Hence the name of the compound is 3-Methyl + hept + ane = 3 –Methylheptane Example 4: CH3-CH2-CH2-CH=CH2 Step 1: It is a ‘five- carbon atoms chain’ and hence the root word is ‘Pent’. (Rule 1) Step 2: There is a carbon to carbon double bond.,WORD BOND BE THUS PREFIX METHYL RULE HENCE NAME COMPOUND HEPT ANE METHYLHEPTANE EXAMPLE CH STEP CARBON ATOMS CHAIN ROOT PEN DOUBLE PRESENT
The suffix is ‘ene’.,SUFFIX ENE
Step 3: The carbon chain is numbered from the end such that double bond has the lowest locant number as shown below: (Rule 3): CH3− CH2− CH2− CH= CH2 5 4 3 2 1 Step 4: The locant number of the double bond is 1 and thus the suffix is ‘-1-ene’.,SUFFIX BOND HAVE STEP CARBON CHAIN NUMBER END SUCH DOUBLE LOWEST LOCANT SHOW BELOW RULE THUS ENE PAST PRESENT
"So, the name of the compound is Pent + (-1-ene) = Pent-1-ene 11.5.5 IUPAC Nomenclature of other classes – Solved examples Example 1: CH3-CH2-CH2-OH Step1: The parent chain consists of 3 carbon atoms.",CHAIN ATOM CONSIST NAME COMPOUND PEN ENE IUPAC NOMENCLATURE OTHER CLASS SOLVE EXAMPLES EXAMPLE OH PARENT CARBON ATOMS PRESENT PAST
The root word is ‘Prop’.,ROOT WORD PROP
Step 2: There are single bonds between the carbon atoms of the chain.,STEP SINGLE BOND CARBON ATOMS CHAIN PRESENT
"So, the primary suffix is ‘ane’.",PRIMARY SUFFIX ANE
"Step 3: Since, the compound contains – OH group, it is an alcohol.",STEP COMPOUND CONTAIN OH GROUP ALCOHOL PRESENT
The carbon chain is numbered from the end which is closest to –OH group. (Rule 3) CH3− CH2− CH2− OH 3 2 1 Step 4: The locant number of –OH group is 1 and thus the secondary suffix is ‘1-ol’.,SUFFIX GROUP NUMBER CARBON CHAIN END CLOSEST OH RULE STEP LOCANT THUS SECONDARY PAST
The name of the compound is Prop + ane + (1-ol) = Propan-1-ol Note: Terminal ‘e’ of ‘ane’ is removed as per Rule 5 Example 2: CH3COOH Step1: The parent chain consists of 2 carbon atoms.,CHAIN ATOM CONSIST NAME COMPOUND PROP ANE OL NOTE TERMINAL E REMOVE RULE EXAMPLE PARENT CARBON ATOMS PAST PRESENT
The root word is ‘Eth’.,ROOT WORD ETH
Step 2: All are single bonds between the carbon atoms of the chain.,STEP SINGLE BOND CARBON ATOMS CHAIN
So the primary suffix is ‘ane’.,PRIMARY SUFFIX ANE
"Step 3: Since the compound contains the–COOH group, it is a carboxylic acid.",STEP COMPOUND CONTAIN COOH GROUP CARBOXYLIC ACID PRESENT
The secondary suffix is ‘oic acid’ The name of the compound is Eth + ane + oic acid) = Ethanoic acid Table 11.6 lists IUPAC names homologs of various classes of organic compounds Test yourself: Obtain the IUPAC name of the following compounds systematically: (a) CH3CHO (b) CH3CH2COCH3 (c) ClCH2-CH2-CH 2-CH3 10th_Science_Unit-11.indd 162 12/3/2022 2:58:08 PM 163 Carbon and its Compounds 11.6 ETHANOL (CH3CH2OH) Ethanol is commonly known as alcohol.,CARBON ALCOHOL OBTAIN SECONDARY SUFFIX OIC ACID NAME COMPOUND ETH ANE ETHANOIC TABLE LIST IUPAC HOMOLOGS VARIOUS CLASS ORGANIC TEST FOLLOW SYSTEMATICALLY C CH PM ETHANOL COMMONLY KNOW PAST
All alcoholic beverages and some cough syrups contain ethanol.,BEVERAGE ETHANOL CONTAIN ALCOHOLIC BEVERAGES COUGH SYRUPS PRESENT
Its molecular formula is C2H5OH.,MOLECULAR FORMULA
"Its structural formula is Ethanol H—C—C—O—H H H H H — — — — (C2H5OH) 11.6.1 Manufacture of ethanol Ethanol is manufactured in industries by the fermentation of molasses, which is a by-product obtained during the manufacture of sugar from sugarcane.",WHICH SUGARCANE MANUFACTURE STRUCTURAL FORMULA ETHANOL H C O INDUSTRIES FERMENTATION MOLASSES PRODUCT OBTAIN SUGAR PAST
Molasses is a dark coloured syrupy liquid left after the crystallization of sugar from the concentrated sugarcane juice.,MOLASSES DARK COLOUR SYRUPY LIQUID LEAVE CRYSTALLIZATION SUGAR CONCENTRATE SUGARCANE JUICE PAST
"Molasses contain about 30% of sucrose, which cannot be separated by crystallization.",WHICH CRYSTALLIZATION CONTAIN MOLASSES SUCROSE SEPARATE PRESENT PAST NOT
It is converted into ethanol by the following steps: (i) Dilution of molasses Molasses is first diluted with water to bring down the concentration of sugar to about 8 to 10 percent. (ii) Addition of Nitrogen source Molasses usually contains enough nitrogenous matter to act as food for yeast during the fermentation process.,MOLASSE PROCESS CONTAIN CONVERT ETHANOL FOLLOW STEP I DILUTION MOLASSES FIRST DILUTE WATER BRING CONCENTRATION SUGAR PERCENT II ADDITION NITROGEN SOURCE USUALLY ENOUGH NITROGENOUS MATTER ACT FOOD YEAST FERMENTATION PAST HABITUAL PRESENT
"If the nitrogen content of the molasses is poor, it may be fortified by the addition of ammonium sulphate or ammonium phosphate. (iii) Addition of Yeast The solution obtained in step (ii) is collected in large ‘fermentation tanks’ and yeast is added to it.",YEAST IT COLLECT NITROGEN CONTENT MOLASSES POOR FORTIFY ADDITION AMMONIUM SULPHATE PHOSPHATE III SOLUTION OBTAIN STEP II LARGE FERMENTATION TANK ADD PAST
The mixture is kept at about 303K for a few days.,MIXTURE DAY KEEP K FEW DAYS PAST
"During this period, the enzymes invertase and zymase present in yeast, bring about the conversion of sucrose into ethanol.",INVERTASE ETHANOL BRING PERIOD ENZYMES ZYMASE PRESENT YEAST CONVERSION SUCROSE
"C12H22O11 + H2O C6H12O6 + C6H12O6 Sugar invertase fructose glucose C6H12O6 2C2H5OH + 2 CO2 glucose or fructose zymase ethanol The fermented liquid is technically called wash. (iv) Distillation of 'Wash' The fermented liquid (i.e. wash), containing 15 to 18 percent alcohol, is now subjected to fractional distillation.",DISTILLATION SUBJECT SUGAR INVERTASE FRUCTOSE GLUCOSE ZYMASE ETHANOL FERMENT LIQUID TECHNICALLY CALL WASH CONTAIN PERCENT ALCOHOL NOW FRACTIONAL PAST PRESENT
The main fraction drawn is an aqueous solution of ethanol which contains Table 11.6 IUPAC Name of various classes of compounds No. of carbons atoms IUPAC Name Alcohols Aldehydes Ketones Carboxylic acid 1 Methanol (CH3OH) Methanal (HCHO) - Methanoic acid (HCOOH) 2 Ethanol (CH3CH2OH) Ethanal (CH3CHO) - Ethanoic acid (CH3COOH) 3 Propanol (CH3CH2CH2OH) Propanal (CH3CH2CHO) Propanone (CH3COCH3) Propanoic acid (CH3CH2COOH) 4 Butanol (CH3CH2CH2CH2OH) Butanal (CH3CH2CH2CHO) Butanone (CH3COCH2CH3) Butanoic acid (CH3CH2CH2COOH) 5 Pentanol (CH3CH2CH2CH2 CH2OH) Pentanal (CH3CH2CH2CH2 CHO) Pentanone (CH3COCH2CH2 CH3) Pentanoic acid (CH3CH2CH2CH2 COOH) 10th_Science_Unit-11.indd 163 12/3/2022 2:58:09 PM 164 10th Standard Science 95.5% of ethanol and 4.5% of water.,MAIN FRACTION DRAW AQUEOUS SOLUTION ETHANOL CONTAIN TABLE IUPAC NAME VARIOUS CLASS COMPOUND NO CARBONS ATOMS ALCOHOLS ALDEHYDES KETONES CARBOXYLIC ACID METHANOL METHANAL HCHO METHANOIC HCOOH ETHANAL ETHANOIC PROPANOL PROPANAL PROPANONE PROPANOIC BUTANOL BUTANAL BUTANONE BUTANOIC PENTANOL PENTANAL CHO PENTANONE PENTANOIC COOH PM STANDARD SCIENCE WATER PAST PRESENT NOT
This is called rectified spirit.,CALL RECTIFY SPIRIT PAST
This mixture is then refluxed over quicklime for about 5 to 6 hours and then allowed to stand for 12 hours.,MIXTURE HOUR REFLUXE THEN REFLUXED QUICKLIME HOURS ALLOW STAND PAST
"On distillation of this mixture, pure alcohol (100%) is obtained.",ALCOHOL MIXTURE OBTAIN DISTILLATION PURE PAST
This is called absolute alcohol.,CALL ABSOLUTE ALCOHOL PAST
"More to know Yeast and Fermentation: Yeasts are single–celled microorganisms, belonging to the class of fungi.",MORE KNOW YEAST FERMENTATION YEASTS SINGLE CELLED MICROORGANISMS BELONG CLASS FUNGI PAST
The enzymes present in yeasts catalyse many complex organic reactions.,ENZYMES PRESENT YEASTS CATALYSE MANY COMPLEX ORGANIC REACTIONS
Fermentation is conversion of complex organic molecules into simpler molecules by the action of enzymes.,FERMENTATION CONVERSION COMPLEX ORGANIC MOLECULES SIMPLER ACTION ENZYMES
"Curdling of milk 11.6.2 Physical properties i) Ethanol is a colourless liquid, having a pleasant smell and a burning taste. ii) It is a volatile liquid.",IT SMELL CURDLE MILK PHYSICAL PROPERTIES I ETHANOL COLOURLESS LIQUID HAVE PLEASANT BURN TASTE II VOLATILE
"Its boiling point is 780 C (351K), which is much higher than that of its corresponding alkane, i.e. ethane (Boiling Point = 184 K). iii) It is completely miscible with water in all proportions. 11.6.3 Chemical Properties (i) Dehydration (Loss of water) When ethanol is heated with con H2SO4 at 443K, it loses a water molecule i.e. dehydrated to form ethene.",IT ETHENE LOSE BOIL POINT C K MUCH HIGHER CORRESPOND ALKANE ETHANE COMPLETELY MISCIBLE WATER PROPORTION CHEMICAL PROPERTIES I DEHYDRATION LOSS ETHANOL HEAT CON MOLECULE DEHYDRATE FORM PAST PRESENT
"CH3CH2OH CH2 = CH2 + H2O Ethanol Ethene (ii) Reaction with sodium: Ethanol reacts with sodium metal to form sodium ethoxide and hydrogen gas. 2C2H5OH + 2Na 2C2H5ONa + H2 ↑ sodium ethoxide 443K Conc.H2SO4 (iii) Oxidation: Ethanol is oxidized to ethanoic acid with alkaline KMnO4 or acidified K2Cr2O7 CH3CH2OH CH3COOH +H2O 2[O] Ethanoic acid During this reaction, the orange colour of K2Cr2O7 changes to green.",COLOUR GREEN CHANGE ETHANOL ETHENE II REACTION SODIUM REACT METAL FORM ETHOXIDE HYDROGEN GAS K CONC III OXIDATION OXIDIZE ETHANOIC ACID ALKALINE ACIDIFY ORANGE PRESENT PAST
"Therefore, this reaction can be used for the identification of alcohols. (iv) Esterification: The reaction of an alcohol with a carboxylic acid gives a compound having fruity odour.",FRUITY COMPOUND USE THEREFORE REACTION IDENTIFICATION ALCOHOLS ESTERIFICATION ALCOHOL CARBOXYLIC ACID GIVE HAVE ODOUR PAST PRESENT
This compound is called an ester and the reaction is called esterification.,COMPOUND CALL ESTER REACTION ESTERIFICATION PAST
Ethanol reacts with ethanoic acid in the presence of conc.,ETHANOL REACT ETHANOIC ACID PRESENCE CONC
"H2SO4 to form ethyl ethanoate, an ester.",FORM ETHYL ETHANOATE ESTER
"C2H5OH + CH3COOH CH3COOC2H5 + H2O Ethanol Ethanoic acid Ethyl ethanoate conc.H2SO4 (v) Dehydrogenation: When the vapour of ethanol is passed over heated copper, used as a catalyst at 573 K, it is dehydrogenated to acetaldehyde.",IT K DEHYDROGENATE ETHANOL ETHANOIC ACID ETHYL ETHANOATE CONC V DEHYDROGENATION VAPOUR PASS HEAT COPPER USE CATALYST ACETALDEHYDE PAST
CH3CH2OH CH3CHO + H2 Ethanol Acetadehyde Cu 573K (vi) Combustion: Ethanol is highly inflammable liquid.,ETHANOL ACETADEHYDE CU K VI COMBUSTION HIGHLY INFLAMMABLE LIQUID
It burns with oxygen to form carbon dioxide and water.,IT DIOXIDE BURN OXYGEN FORM CARBON WATER PRESENT
"C2H5OH + 3O2 2CO2 + 3H2O Ethanol Carbon dioxide 11.6.4 Uses of ethanol Ethanol is used in medical wipes, as an antiseptic. as an anti-freeze in automobile radiators. for effectively killing micro organisms like bacteria, fungi, etc., by including it in many hand sanitizers.",ETHANOL CARBON DIOXIDE USE MEDICAL WIPE ANTISEPTIC ANTI FREEZE AUTOMOBILE RADIATORS EFFECTIVELY KILL MICRO ORGANISMS BACTERIA FUNGI INCLUDE MANY HAND SANITIZERS PAST
"K2Cr2O7 / H + 10th_Science_Unit-11.indd 164 12/3/2022 2:58:09 PM 165 Carbon and its Compounds as an antiseptic to sterilize wounds in hospitals. as a solvent for drugs, oils, fats, perfumes, dyes, etc. in the preparation of methylated spirit (mixture of 95% of ethanol and 5% of methanol) rectified spirit (mixture of 95.5% of ethanol and 4.5% of water), power alcohol (mixture of petrol and ethanol) and denatured spirit (ethanol mixed with pyridine). to enhance the flavour of food extracts, for example vanilla extract; a common food flavour, which is made by processing vanilla beans in a solution of ethanol and water. 11.7 ETHANOIC ACID (CH3COOH) Ethanoic acid or acetic acid is one of the most important members of the carboxylic acid family.",ACID FAMILY ENHANCE H PM CARBON COMPOUND ANTISEPTIC STERILIZE WOUND HOSPITALS SOLVENT DRUG OIL FAT PERFUME DYE PREPARATION METHYLATED SPIRIT MIXTURE ETHANOL METHANOL RECTIFY WATER POWER ALCOHOL PETROL DENATURE MIX PYRIDINE FLAVOUR FOOD EXTRACT EXAMPLE VANILLA COMMON MAKE PROCESS BEAN SOLUTION ETHANOIC ACETIC ONE MOST IMPORTANT MEMBERS CARBOXYLIC PAST
Its molecular formula is C2H4O2.,MOLECULAR FORMULA
"Its structural formula is H — C — C — OH H H — — — — O 11.7.1 Manufacture of ethanoic acid Ethanoic acid is prepared in large scale, by the oxidation of ethanol in the presence of alkaline potassium permanganate or acidified potassium dichromate.",STRUCTURAL FORMULA H C OH MANUFACTURE ETHANOIC ACID PREPARE LARGE SCALE OXIDATION ETHANOL PRESENCE ALKALINE POTASSIUM PERMANGANATE ACIDIFY DICHROMATE PAST
"KMnO4/ OH- CH3CH2OH CH3COOH + H2O Ethanol 2[O] Ethanoic acid 11.7.2 Physical Properties (i) Ethanoic acid is a colourless liquid having an unpleasant odour. (ii) It is sour in taste. (iii) It is miscible with water in all proportions. (iv) Its boiling point is higher than the corresponding alcohols, aldehydes and ketones. (v) On cooling, pure ethanoic acid is frozen to form ice like flakes.",ETHANOL ETHANOIC ACID PHYSICAL PROPERTIES I COLOURLESS LIQUID HAVE UNPLEASANT ODOUR II SOUR TASTE III MISCIBLE WATER PROPORTION BOIL POINT HIGHER CORRESPOND ALCOHOLS ALDEHYDES KETONES COOL PURE FREEZE FORM ICE FLAKE PAST
"They look like glaciers, so it is called glacial acetic acid. 11.7.3 Chemical Properties (i) Reaction with metal: Ethanoic acid reacts with active metals like Na, Zn, etc., to liberate hydrogen and form their ethanoate. 2CH3COOH + Zn → (CH3COO)2 Zn + H2 ↑ 2CH3COOH + 2Na → 2CH3COONa + H2 ↑ (ii) Reaction with carbonates and bicarbonates: Ethanoic acid reacts with sodium carbonate and sodium bicarbonate, which are weaker bases and liberates CO2, with brisk effervescence. 2CH3COOH + Na2CO3 → 2CH3COONa + CO2↑ + H2O CH3COOH + NaHCO3 → CH3COONa + CO2↑ + H2O (iii) Reaction with base: Ethanoic acid reacts with sodium hydroxide to form sodium ethanoate and water.",WHICH ETHANOATE REACT LOOK GLACIERS CALL GLACIAL ACETIC ACID CHEMICAL PROPERTIES I REACTION METAL ETHANOIC ACTIVE NA ZN LIBERATE HYDROGEN FORM II CARBONATE BICARBONATES SODIUM BICARBONATE WEAKER BASE BRISK EFFERVESCENCE III HYDROXIDE WATER PRESENT PAST
"CH3COOH + NaOH → CH3COONa + H2O (iv) Decarboxylation (Removal of CO2): When a sodium salt of ethanoic acid is heated with soda lime (solid mixure of 3 parts of NaOH and 1 part of CaO), methane gas is formed.",GAS CAO FORM NAOH IV DECARBOXYLATION REMOVAL SODIUM SALT ETHANOIC ACID HEAT SODA LIME SOLID MIXURE PART METHANE PAST
"NaOH / CaO CH3COONa CH4 ↑ + Na2CO3 11.7.4 Uses of ethanoic acid Acetic acid, in lower concentration, (vinegar) is used as a food additive, a flavoring agent and a preservative. 10th_Science_Unit-11.indd 165 12/3/2022 2:58:09 PM 166 10th Standard Science Ethanoic acid is used in the manufacture of plastic. in making dyes, pigments and paint. in printing on fabrics. as a laboratory reagent. for coagulating rubber from latex. in the production of pharmaceuticals. 11.8 ORGANIC COMPOUNDS IN DAILY LIFE Organic compounds are inseparable in human life.",COMPOUND LIFE USE NAOH CAO ETHANOIC ACID ACETIC LOWER CONCENTRATION VINEGAR FOOD ADDITIVE FLAVOR AGENT PRESERVATIVE PM STANDARD SCIENCE MANUFACTURE PLASTIC MAKE DYE PIGMENT PAINT PRINT FABRICS LABORATORY REAGENT COAGULATE RUBBER LATEX PRODUCTION PHARMACEUTICALS ORGANIC DAILY INSEPARABLE HUMAN PAST
They are used by mankind or associated at all stages of life right from one's birth to death.,THEY DEATH USE MANKIND ASSOCIATE STAG LIFE RIGHT ONE BIRTH PAST
"Various classes of organic compounds and their uses in our daily life as follows: Hydrocarbons Fuels like LPG, Petrol, Kerosene.",VARIOUS CLASS ORGANIC COMPOUND USE DAILY LIFE FOLLOW HYDROCARBONS FUEL LPG PETROL KEROSENE PRESENT
Raw materials for various important synthetic materials.,RAW MATERIALS VARIOUS IMPORTANT SYNTHETIC
"Polymeric materials like tyre, plastic containers.",POLYMERIC MATERIALS TYRE PLASTIC CONTAINERS
Alcohols As a solvent and an antiseptic agent.,ALCOHOLS SOLVENT ANTISEPTIC AGENT
Raw materials for various important synthetic materials.,RAW MATERIALS VARIOUS IMPORTANT SYNTHETIC
Aldehydes Formaldehyde as a disinfectant.,ALDEHYDES FORMALDEHYDE DISINFECTANT
Raw materials for synthetic materials.,RAW MATERIALS SYNTHETIC
Ketones As a solvent.,KETONES SOLVENT
Stain Remover.,STAIN REMOVER
Ethers Anaesthetic agents.,ETHERS ANAESTHETIC AGENTS
Pain Killer.,PAIN KILLER
Esters All the cooking oils and lipids contain esters. 11.9 SOAPS AND DETERGENTS Soaps and the Detergents are materials that are used by us for cleaning purposes because pure water alone cannot remove all types of dirt or any oily substance from our body or clothes.,WATER BODY CONTAIN ESTERS COOK OIL LIPIDS SOAP DETERGENTS MATERIALS USE CLEAN PURPOSE PURE ALONE REMOVE TYPE DIRT OILY SUBSTANCE CLOTHE PRESENT PAST NOT
"They contain ‘surfactants’, which are compounds with molecules that line up around water to break the ‘surface tension’.",THAT TENSION CONTAIN SURFACTANTS COMPOUND MOLECULES LINE WATER BREAK SURFACE PRESENT
Both of them having a different chemical nature.,BOTH NATURE HAVE DIFFERENT CHEMICAL
Soap is a cleaning agent that is composed of one or more salts of fatty acids.,SOAP CLEAN AGENT COMPOSE ONE MORE SALT FATTY ACIDS PAST
"Detergent is a chemical compound or a mixture of chemical compounds, which is used as a cleaning agent, also.",DETERGENT CHEMICAL COMPOUND MIXTURE USE CLEAN AGENT ALSO PAST
They perform their cleaning actions in certain specific conditions.,THEY CONDITION PERFORM CLEAN ACTION CERTAIN SPECIFIC PRESENT
"You will learn more about this in detail, in the following units. 11.9.1 Soap Soaps are sodium or potassium salts of some long chain carboxylic acids, called fatty acids.",SOAP ACID LEARN MORE DETAIL FOLLOW UNITS SODIUM POTASSIUM SALT LONG CHAIN CARBOXYLIC ACIDS CALL FATTY PAST
Soap requires two major raw materials: i) fat and ii) alkali.,SOAP MATERIAL REQUIRE TWO MAJOR RAW MATERIALS FAT II ALKALI PRESENT
"The alkali, most commonly used in the preparation of soap is sodium hydroxide.",ALKALI MOST COMMONLY USE PREPARATION SOAP SODIUM HYDROXIDE PAST
Potassium hydroxide can also be used.,POTASSIUM HYDROXIDE ALSO USE PAST
A potassium-based soap creates a more water- soluble product than a sodium-based soap.,SOAP CREATE POTASSIUM BASE MORE SOLUBLE PRODUCT SODIUM PAST PRESENT
"Based on these features, there are two types of soaps: A.",BASE FEATURE TWO TYPE SOAP PAST PRESENT
"HARD SOAP Soaps, which are prepared by the saponification of oils or fats with caustic soda (sodium hydroxide), are known as hard soaps.",WHICH SOAP KNOW HARD PREPARE SAPONIFICATION OIL FAT CAUSTIC SODA SODIUM HYDROXIDE PAST
They are usually used for washing purposes.,THEY PURPOSE USE USUALLY WASH HABITUAL PAST
"SOFT SOAP Soaps, which are prepared by the saponification of oils or fats with potassium salts, are known as soft soaps.",WHICH SOAP KNOW SOFT PREPARE SAPONIFICATION OIL FAT POTASSIUM SALT PAST
They are used for cleansing the body.,THEY BODY USE CLEANSE PAST
Manufacture of soap KETTLE PROCESS: This is the oldest method.,MANUFACTURE SOAP KETTLE PROCESS OLDEST METHOD
"But, it is still widely used in the small scale preparation of 10th_Science_Unit-11.indd 166 12/3/2022 2:58:09 PM 167 Carbon and its Compounds soap.",IT 10th_science_unit-11.indd USE STILL WIDELY SMALL SCALE PREPARATION PM CARBON COMPOUND SOAP PAST
"There are mainly, two steps to be followed in this process. i) Saponification of oil: The oil, which is used in this process, is taken in an iron tank (kettle).",WHICH TANK TAKE MAINLY TWO STEP FOLLOW PROCESS I SAPONIFICATION OIL USE IRON KETTLE PRESENT PAST
"The alkaline solution (10%) is added into the kettle, a little in excess.",SOLUTION EXCESS ADD ALKALINE KETTLE LITTLE PAST
The mixture is boiled by passing steam through it.,MIXTURE IT BOIL PASS STEAM PAST
The oil gets hydrolysed after several hours of boiling.,OIL BOIL GET HYDROLYSE SEVERAL HOURS PRESENT
This process is called Saponification ii) Salting out of soap: Common salt is then added to the boiling mixture.,SALT MIXTURE ADD PROCESS CALL SAPONIFICATION II SOAP COMMON THEN BOIL PAST
Soap is finally precipitated in the tank.,SOAP TANK PRECIPITATE FINALLY PAST
After several hours the soap rises to the top of the liquid as a ‘curdy mass’.,SOAP MASS RISE SEVERAL HOURS TOP LIQUID CURDY PRESENT
The neat soap is taken off from the top.,SOAP TOP TAKE NEAT PAST
It is then allowed to cool down.,THEN ALLOW COOL PAST
Effect of hard water on soap Hard water contains calcium and magnesium ions (Ca2+ and Mg2+) that limit the cleaning action of soap.,THAT SOAP CONTAIN EFFECT HARD WATER CALCIUM MAGNESIUM IONS LIMIT CLEAN ACTION PRESENT
"When combined with soap, hard water develops a thin layer (precipitates of the metal ions) called ‘scum’, which leaves a deposit on the clothes or skin and does not easily rinse away.",WHICH CLOTHE DEVELOP COMBINE SOAP HARD WATER THIN LAYER PRECIPITATE METAL IONS CALL SCUM LEAVE DEPOSIT SKIN EASILY RINSE AWAY PAST PRESENT NOT
"Over time, this can lead to the deterioration of the fabric and eventually ruin the clothes.",THIS CLOTHE LEAD TIME DETERIORATION FABRIC EVENTUALLY RUIN
"On the other hand, detergents are made with chemicals that are not affected by hard water.",THAT WATER MAKE OTHER HAND DETERGENTS CHEMICALS AFFECT HARD PAST NOT
Why ordinary soap is not suitable for using with hard water?,ORDINARY SOAP SUITABLE USE HARD WATER NOT WHY
"Ordinary soaps when treated with hard water, precipitate as salts of calcium and magnesium.",SOAP CALCIUM PRECIPITATE ORDINARY TREAT HARD WATER SALT MAGNESIUM PAST PRESENT
They appear at the surface of the cloth as sticky grey scum.,THEY SCUM APPEAR SURFACE CLOTH STICKY GREY PRESENT
"Thus, the soaps cannot be used conveniently in hard water. 11.9.2 Detergents Development of synthetic detergents is a big achievement in the field of cleansing.",DEVELOPMENT CLEANSE USE THUS SOAP CONVENIENTLY HARD WATER DETERGENTS SYNTHETIC BIG ACHIEVEMENT FIELD PAST NOT
These soaps possess the desirable properties of ordinary soaps and also can be used with hard water and in acidic solutions.,SOAP SOLUTION POSSESS DESIRABLE PROPERTIES ORDINARY ALSO USE HARD WATER ACIDIC SOLUTIONS PRESENT PAST
"These are salts of sulphonic acids or alkyl hydrogen sulphates in comparison to soap, which are salts of carboxylic acids.",SALT SULPHONIC ACIDS ALKYL HYDROGEN SULPHATES COMPARISON SOAP CARBOXYLIC
The detergents do not form precipitates with Ca2+ and Mg2+ present in hard water.,DETERGENT WATER FORM DETERGENTS PRECIPITATE PRESENT HARD NOT
"So, the cleansing action of detergents is better than that of soaps.",CLEANSE ACTION DETERGENTS BETTER SOAP
Preparation of detergents Detergents are prepared by adding sulphuric acid to the processed hydrocarbon obtained from petroleum.,DETERGENTS PETROLEUM PREPARE PREPARATION ADD SULPHURIC ACID PROCESS HYDROCARBON OBTAIN PAST
This chemical reaction result in the formation of molecules similar to the fatty acid in soap.,REACTION SOAP RESULT CHEMICAL FORMATION MOLECULES SIMILAR FATTY ACID PRESENT
"Then, an alkali is added to the mixture to produce the ‘surfactant molecules’, which do not bond with the minerals present in the hard water, thus preventing the formation of their precipitates.",WHICH PRECIPITATE ADD THEN ALKALI MIXTURE PRODUCE SURFACTANT MOLECULES BOND MINERALS PRESENT HARD WATER THUS PREVENT FORMATION PAST NOT
"In addition to a ‘surfactant’, the modern detergent contains several other ingredients.",DETERGENT INGREDIENT CONTAIN ADDITION SURFACTANT MODERN SEVERAL OTHER INGREDIENTS PRESENT
"They are listed as follows: i) Sodium silicate, which prevents the corrosion and ensures that the detergent does not damage the washing machine. ii) Fluorescent whitening agents that give a glow to the clothes. iii) Oxygen bleaches, such as ‘sodium perborate’, enable the removal of certain stains from the cloth. iv) Sodium sulphate is added to prevent the caking of the detergent powder. v) Enzymes are added to break down some stains caused by biological substances like blood and vegetable juice. vi) Certain chemicals that give out a pleasant smell are also added to make the clothes fragrant after they are washed with detergents. 11.9.3 Cleansing action of soap A soap molecule contains two chemically distinct parts that interact differently with 10th_Science_Unit-11.indd 167 12/3/2022 2:58:09 PM 168 10th Standard Science water.",THAT WATER CONTAIN LIST FOLLOW SODIUM SILICATE PREVENT CORROSION ENSURE DETERGENT DAMAGE WASH MACHINE II FLUORESCENT WHITEN AGENTS GIVE GLOW CLOTHE OXYGEN BLEACH SUCH PERBORATE ENABLE REMOVAL CERTAIN STAIN CLOTH SULPHATE ADD CAKE POWDER ENZYMES BREAK CAUSE BIOLOGICAL SUBSTANCES BLOOD VEGETABLE JUICE VI CHEMICALS PLEASANT SMELL ALSO MAKE FRAGRANT DETERGENTS CLEANSE ACTION SOAP MOLECULE TWO CHEMICALLY DISTINCT PART INTERACT DIFFERENTLY PM STANDARD SCIENCE PAST PRESENT NOT
"It has one polar end, which is a short head with a carboxylate group (– COONa) and one non-polar end having the long tail made of the hydrocarbon chain.",WHICH CHAIN HAVE ONE POLAR END SHORT HEAD CARBOXYLATE GROUP COONA NON LONG TAIL MAKE HYDROCARBON PRESENT PAST
The polar end is hydrophilic (Water loving) in nature and this end is attracted towards water.,POLAR END HYDROPHILIC WATER LOVE NATURE ATTRACT PAST
"The non-polar end is hydrophobic (Water hating) in nature and it is attracted towards dirt or oil on the cloth, but not attracted towards water.",NON POLAR END HYDROPHOBIC WATER HAT NATURE ATTRACT DIRT OIL CLOTH PAST NOT
"Thus, the hydrophobic part of the soap molecule traps the dirt and the hydrophilic part makes the entire molecule soluble in water.",MOLECULE WATER TRAP THUS HYDROPHOBIC PART SOAP DIRT HYDROPHILIC MAKE ENTIRE SOLUBLE PRESENT
"When a soap or detergent is dissolved in water, the molecules join together as clusters called ‘micelles’.",MOLECULE CLUSTER JOIN SOAP DETERGENT DISSOLVE WATER MOLECULES TOGETHER CALL MICELLES PAST PRESENT
Their long hydrocarbon chains attach themselves to the oil and dirt.,CHAIN OIL ATTACH LONG HYDROCARBON DIRT PRESENT
The dirt is thus surrounded by the non-polar end of the soap molecules (Figure 11.3).,DIRT MOLECULE SURROUND THUS NON POLAR END SOAP MOLECULES FIGURE PAST
The charged carboxylate end of the soap molecules makes the micelles soluble in water.,MICELLE WATER MAKE CHARGE CARBOXYLATE END SOAP MOLECULES MICELLES SOLUBLE PAST PRESENT
"Thus, the dirt is washed away with the soap.",DIRT SOAP WASH THUS PAST
"Advantages of detergents over soaps Detergents are better than soaps because they: ¾ can be used in both hard and soft water and can clean more effectively in hard water than soap. ¾ can also be used in saline and acidic water. ¾ do not leave any soap scum on the tub or clothes. ¾ dissolve freely even in cool water and rinse freely in hard water. ¾ can be used for washing woollen garments, where as soap cannot be used. ¾ have a linear hydrocarbon chain, which is biodegradable. ¾ are active emulsifiers of motor grease. ¾ do an effective and safe cleansing, keeping even synthetic fabrics brighter and whiter.",¾ FABRIC DO ADVANTAGE DETERGENTS SOAP BETTER USE HARD SOFT WATER CLEAN MORE EFFECTIVELY ALSO SALINE ACIDIC LEAVE SCUM TUB CLOTHE DISSOLVE FREELY EVEN COOL RINSE WASH WOOLLEN GARMENT LINEAR HYDROCARBON CHAIN BIODEGRADABLE ACTIVE EMULSIFIERS MOTOR GREASE EFFECTIVE SAFE CLEANSE KEEP SYNTHETIC FABRICS BRIGHTER WHITER PAST PRESENT NOT
"Biodegradable and Non-biodegradable detergents: a) Biodegradable detergents: They have straight hydrocarbon chains, which can be easily degraded by bacteria.",WHICH BACTERIA HAVE BIODEGRADABLE NON DETERGENTS STRAIGHT HYDROCARBON CHAIN EASILY DEGRADE PRESENT PAST
"Hydrophilic head Hydrophobic tail Aqueous solu on Soap molucules Soap solutoin Dirt Dirty cloth Figure 11.3 Cleansing action of soap b) Non-biodegradable detergents: They have highly branched hydrocarbon chains, which cannot be degraded by bacteria.",WHICH BACTERIA SOLUTOIN HYDROPHILIC HEAD HYDROPHOBIC TAIL AQUEOUS SOLU SOAP MOLUCULES DIRT DIRTY CLOTH FIGURE CLEANSE ACTION B NON BIODEGRADABLE DETERGENTS HIGHLY BRANCH HYDROCARBON CHAIN DEGRADE PRESENT PAST NOT
Disadvantages of Detergents 1.,DISADVANTAGE DETERGENTS
Some detergents having a branched hydro- carbon chain are not fully biodegradable by micro-organisms present in water.,DETERGENTS HAVE BRANCH CARBON CHAIN FULLY BIODEGRADABLE MICRO ORGANISMS PRESENT WATER NOT
"So, they cause water pollution. 2.",THEY POLLUTION CAUSE WATER PRESENT
They are relatively more expensive than soap. 10th_Science_Unit-11.indd 168 12/3/2022 2:58:10 PM 169 Carbon and its Compounds 11.9.4 Comparison between soap and detergents Soap Detergent It is a sodium salt of long chain fatty acids.,RELATIVELY MORE EXPENSIVE SOAP PM CARBON COMPOUND COMPARISON DETERGENTS DETERGENT SODIUM SALT LONG CHAIN FATTY ACIDS PRESENT
It is sodium salts of sulphonic acids.,SODIUM SALT SULPHONIC ACIDS
The ionic part of a soap is – COO –Na +.,IONIC PART SOAP COO NA
The ionic part in a detergent is – SO – 3Na+.,IONIC PART DETERGENT
It is prepared from animal fats or vegetable oils.,PREPARE ANIMAL FAT VEGETABLE OIL PAST
It is prepared from hydrocarbons obtained from crude oil.,IT OIL PREPARE HYDROCARBONS OBTAIN CRUDE PAST
Its effectiveness is reduced when used in hard water.,EFFECTIVENESS WATER REDUCE USE HARD PAST
It is effective even in hard water.,EFFECTIVE EVEN HARD WATER
It forms a scum in hard water.,IT WATER FORM SCUM HARD PRESENT
Does not form a scum in hard water.,FORM SCUM HARD WATER NOT
It has poor foaming capacity.,IT CAPACITY HAVE POOR FOAM PRESENT
It has rich foaming capacity.,IT CAPACITY HAVE RICH FOAM PRESENT
Soaps are biodegradable.,SOAP BIODEGRADABLE
Most of the detergents are non-biodegradable.,MOST DETERGENTS NON BIODEGRADABLE
"Have you noticed the term ""TFM"" in soap TFM means TOTAL FATTY MATTER.",YOU TFM NOTICE TERM SOAP MEAN TOTAL FATTY MATTER PAST PRESENT
It is the one of the important factors to be considered to assess the quality of soap.,ONE IMPORTANT FACTOR CONSIDER ASSESS QUALITY SOAP PAST
"A soap, which has higher TFM, is a good bathing soap.",SOAP HIGHER TFM GOOD BATH PRESENT
Points to Remember A group or class of organic compounds related to each other by a general molecular formula constitutes homologous series.,POINT SERIES CONSTITUTE REMEMBER GROUP CLASS ORGANIC COMPOUND RELATE OTHER GENERAL MOLECULAR FORMULA HOMOLOGOUS PAST PRESENT
The IUPAC name of the any organic compound consist of three parts.,IUPAC NAME ORGANIC COMPOUND CONSIST THREE PART
"ROOTWORD, PREFIX and / or SUFFIX.",ROOTWORD PREFIX SUFFIX
Functional group may be defined as an atom or group of atom or reactive part which is responsible for the characteristic properties of the compounds Ethanoic acid is most commonly known as acetic acid and belongs to a group of acids called carboxylic acids.,ACID DEFINE FUNCTIONAL GROUP ATOM REACTIVE PART RESPONSIBLE CHARACTERISTIC PROPERTIES COMPOUND ETHANOIC MOST COMMONLY KNOW ACETIC BELONG ACIDS CALL CARBOXYLIC PAST PRESENT
Ethanol or ethyl alcohol or simply alcohol is one of the most important members of the family of alcohols.,ETHANOL ETHYL ALCOHOL SIMPLY ONE MOST IMPORTANT MEMBERS FAMILY ALCOHOLS
The slow chemical change that takes place in complex organic compounds by the action of enzymes leading to the formation of simple molecules is called fermentation.,THAT MOLECULE CALL SLOW CHEMICAL CHANGE TAKE PLACE COMPLEX ORGANIC COMPOUND ACTION ENZYMES LEAD FORMATION SIMPLE MOLECULES FERMENTATION PRESENT PAST
Soaps are sodium or potassium salts of some long chain carboxylic acids.,SOAP SODIUM POTASSIUM SALT LONG CHAIN CARBOXYLIC ACIDS
Detergents are sodium salts of sulphonic acids.,DETERGENTS SODIUM SALT SULPHONIC ACIDS
"Thus instead of –COOH group in soaps, detergents contain –SO3H group 10th_Science_Unit-11.indd 169 12/3/2022 2:58:10 PM 170 10th Standard Science TEXTBOOK EVALUATION I.",DETERGENT GROUP CONTAIN THUS INSTEAD COOH SOAP DETERGENTS PM STANDARD SCIENCE TEXTBOOK EVALUATION PRESENT
Choose the best answer. 1.,CHOOSE BEST ANSWER
The molecular formula of an open chain organic compound is C3H6.,MOLECULAR FORMULA OPEN CHAIN ORGANIC COMPOUND
The class of the compound is a. alkane b. alkene c. alkyne d. alcohol 2.,CLASS COMPOUND ALKANE ALKENE ALKYNE ALCOHOL
The IUPAC name of an organic compound is 3-Methyl butan-1-ol.,IUPAC NAME ORGANIC COMPOUND METHYL OL
What type compound it is? a.,TYPE COMPOUND
Aldehyde b.,ALDEHYDE
Carboxylic acid c.,CARBOXYLIC ACID
Ketone d.,KETONE
Alcohol 3.,ALCOHOL
The secondary suffix used in IUPAC nomenclature of an aldehyde is ____ a. - ol b. – oic acid c. - al d. - one 4.,SECONDARY SUFFIX USE IUPAC NOMENCLATURE ALDEHYDE OL OIC ACID AL ONE PAST
Which of the following pairs can be the successive members of a homologous series? a.,FOLLOW PAIR SUCCESSIVE MEMBERS HOMOLOGOUS SERIES
CH4 and C3H6 d.,PRESENT
Reduction of ethanol b.,REDUCTION ETHANOL
Combustion of ethanol c.,COMBUSTION ETHANOL
Oxidation of ethanoic acid d.,OXIDATION ETHANOIC ACID
Oxidation of ethanal 6.,OXIDATION ETHANAL
Rectified spirit is an aqueous solution which contains about _______ of ethanol a. 95.5 % b. 75.5 % c. 55.5 % d. 45.5 % 7.,RECTIFY SPIRIT AQUEOUS SOLUTION CONTAIN ETHANOL PRESENT
Which of the following are used as anaesthetics? a.,WHICH ANAESTHETIC USE FOLLOW ANAESTHETICS PAST
Carboxylic acids b.,CARBOXYLIC ACIDS
Ethers c.,ETHERS
Esters d.,ESTERS PRESENT
Aldehydes 8.,ALDEHYDES
TFM in soaps represents ___________ content in soap a. mineral b. vitamin c. fatty acid d. carbohydrate 9.,TFM CARBOHYDRATE REPRESENT SOAP CONTENT MINERAL VITAMIN FATTY ACID PRESENT
Which of the following statements is wrong about detergents? a.,FOLLOW STATEMENTS WRONG DETERGENTS
It is a sodium salt of long chain fatty acids b.,SODIUM SALT LONG CHAIN FATTY ACIDS
It is sodium salts of sulphonic acids c.,SODIUM SALT SULPHONIC ACIDS
The ionic part in a detergent is –SO3 –Na+ d.,IONIC PART DETERGENT
It is effective even in hard water.,EFFECTIVE EVEN HARD WATER
II.,II
Fill in the blanks 1.,FILL BLANK
An atom or a group of atoms which is responsible for chemical characteristics of an organic compound is called ____________. 2.,WHICH COMPOUND CALL ATOM GROUP ATOMS RESPONSIBLE CHEMICAL CHARACTERISTICS ORGANIC PAST
The general molecular formula of alkynes is _____________ 3.,GENERAL MOLECULAR FORMULA ALKYNES
"In IUPAC name, the carbon skeleton of a compound is represented by _________ (root word / prefix / suffix) 4. (Saturated / Unsaturated) ___________ compounds decolourize bromine water. 5.",COMPOUND WATER DECOLOURIZE IUPAC NAME CARBON SKELETON REPRESENT ROOT WORD PREFIX SUFFIX SATURATE UNSATURATED BROMINE PAST PRESENT
Dehydration of ethanol by conc.,DEHYDRATION ETHANOL CONC
Sulphuric acid forms _______ (ethene/ ethane) 6. 100 % pure ethanol is called ____________ 7.,ETHANOL _ FORM SULPHURIC ACID ETHANE PURE CALL PRESENT PAST
Ethanoic acid turns _______ litmus to _________ 8.,ACID _ TURN ETHANOIC LITMUS PRESENT
The alkaline hydrolysis of fatty acids is termed as _____________ 9.,HYDROLYSIS _ TERM ALKALINE FATTY ACIDS PAST
Biodegradable detergents are made of _________(branched / straight) chain hydrocarbons III.,DETERGENT _ MAKE BIODEGRADABLE DETERGENTS BRANCH STRAIGHT CHAIN HYDROCARBONS III PAST
Match the following Functional group –OH - Benzene Heterocyclic - Potassium stearate Unsaturated - Alcohol Soap - Furan Carbocyclic - Ethene 10th_Science_Unit-11.indd 170 12/3/2022 2:58:11 PM 171 Carbon and its Compounds IV.,MATCH FOLLOW FUNCTIONAL GROUP OH BENZENE HETEROCYCLIC POTASSIUM STEARATE UNSATURATED ALCOHOL SOAP FURAN CARBOCYCLIC ETHENE PM CARBON COMPOUND IV
"Assertion and Reason: Answer the following questions using the data given below: i) A and R are correct, R explains the A. ii) A is correct, R is wrong. iii) A is wrong, R is correct. iv) A and R are correct, R doesn’t explains A. 1.",R II EXPLAIN ASSERTION REASON ANSWER FOLLOW QUESTION USE DATA GIVE BELOW I CORRECT WRONG PAST PRESENT
Assertion: Detergents are more effective cleansing agents than soaps in hard water.,ASSERTION DETERGENTS MORE EFFECTIVE CLEANSE AGENTS SOAP HARD WATER
Reason: Calcium and magnesium salts of detergents are water soluble. 2.,REASON CALCIUM MAGNESIUM SALT DETERGENTS WATER SOLUBLE
Assertion: Alkanes are saturated hydrocarbons.,ASSERTION ALKANES SATURATE HYDROCARBONS PAST
Reason: Hydrocarbons consist of covalent bonds.,HYDROCARBON BOND CONSIST REASON HYDROCARBONS COVALENT PRESENT
Short answer questions 1.,SHORT ANSWER QUESTION PRESENT
Name the simplest ketone and give its structural formula. 2.,NAME SIMPLEST KETONE GIVE STRUCTURAL FORMULA
Classify the following compounds based on the pattern of carbon chain and give their structural formula: (i) Propane (ii) Benzene (iii) Cyclobutane (iv) Furan 3.,CLASSIFY FOLLOW COMPOUND BASE PATTERN CARBON CHAIN GIVE STRUCTURAL FORMULA I PROPANE II BENZENE III CYCLOBUTANE IV FURAN PAST
How is ethanoic acid prepared from ethanol?,ACID ETHANOL PREPARE ETHANOIC PAST HOW
Give the chemical equation. 4.,GIVE CHEMICAL EQUATION
How do detergents cause water pollution?,DETERGENT POLLUTION CAUSE DETERGENTS WATER HOW
Suggest remedial measures to prevent this pollution? 5.,SUGGEST REMEDIAL MEASURE PREVENT POLLUTION
Differentiate soaps and detergents.,DIFFERENTIATE SOAP DETERGENTS
VI.,VI
Long answer questions 1.,LONG ANSWER QUESTION
What is called homologous series?,CALL HOMOLOGOUS SERIES PAST WHAT
Give any three of its characteristics? 2.,GIVE THREE CHARACTERISTICS
"Arrive at, systematically, the IUPAC name of the compound: CH3–CH2–CH2–OH. 3.",ARRIVE SYSTEMATICALLY IUPAC NAME COMPOUND OH
How is ethanol manufactured from sugarcane? 4.,ETHANOL SUGARCANE MANUFACTURE PAST
Give the balanced chemical equation of the following reactions: (i) Neutralization of NaOH with ethanoic acid. (ii) Evolution of carbon dioxide by the action of ethanoic acid with NaHCO3. (iii) Oxidation of ethanol by acidified potassium dichromate. (iv) Combustion of ethanol. 5.,GIVE BALANCE CHEMICAL EQUATION FOLLOW REACTIONS I NEUTRALIZATION NAOH ETHANOIC ACID II EVOLUTION CARBON DIOXIDE ACTION III OXIDATION ETHANOL ACIDIFY POTASSIUM DICHROMATE COMBUSTION PAST
Explain the mechanism of cleansing action of soap.,EXPLAIN MECHANISM CLEANSE ACTION SOAP
VII.,VII
HOT questions 1.,HOT QUESTION
The molecular formula of an alcohol is C4H10O.,MOLECULAR FORMULA ALCOHOL
The locant number of its –OH group is 2. (i) Draw its structural formula. (ii) Give its IUPAC name. (iii) Is it saturated or unsaturated? 2.,IT NAME SATURATE LOCANT NUMBER OH GROUP I DRAW STRUCTURAL FORMULA II GIVE IUPAC III UNSATURATED PAST
An organic compound ‘A’ is widely used as a preservative and has the molecular formula C2H4O2.,A FORMULA USE ORGANIC COMPOUND WIDELY PRESERVATIVE MOLECULAR PAST PRESENT
This compound reacts with ethanol to form a sweet smelling compound ‘B’. (i) Identify the compound ‘A’. (ii) Write the chemical equation for its reaction with ethanol to form compound ‘B’. (iii) Name the process.,I PROCESS NAME COMPOUND REACT ETHANOL FORM SWEET SMELL B IDENTIFY II WRITE CHEMICAL EQUATION REACTION III
REFERENCE BOOKS 1.,REFERENCE BOOK
"Organic chemistry - B.S.Bahl & Arun Bahl S.Chand publishers, New delhi. 2.",ORGANIC CHEMISTRY ARUN BAHL PUBLISHERS NEW DELHI
Organic chemistry - R.T.Morrision & R.MN.,ORGANIC CHEMISTRY
Boyd - Prentice Hall Publishers.,BOYD PRENTICE HALL PUBLISHERS
New Delhi INTERNET RESOURCES https://www.tutorvista.com/ https://www.topperlearning.com/ http://www.chem4kids.com/ 10th_Science_Unit-11.indd 171 12/3/2022 2:58:11 PM 172 10th Standard Science Carbon and its compounds Functional group Saturated Unsaturated Open chain compounds Closed chain compounds Classiﬁcation Naming IUPAC Common name Daily use Carbo cyclic compounds Hetero cyclic compounds Ether Ester Carboxylic acids Ketones Aldehydes Alcohols alcohol Organic acid Drugs Fuel Tyre Plastic Root word Preﬁx Suﬃx Source URL: https://play.google.com/store/apps/details?id=com.budgietainment.oc or Scan the QR Code.,CYCLIC CODE COMPOUND NEW DELHI INTERNET RESOURCES PM STANDARD SCIENCE CARBON FUNCTIONAL GROUP SATURATE UNSATURATED OPEN CHAIN CLOSE CLASSIFICATION NAME IUPAC COMMON DAILY USE CARBO HETERO ETHER ESTER CARBOXYLIC ACIDS KETONES ALDEHYDES ALCOHOLS ALCOHOL ORGANIC ACID DRUG FUEL TYRE PLASTIC ROOT WORD PREFIX SUFFIX SOURCE URL SCAN QR PRESENT
ICT CORNER Organic Carbon and its Compounds • Type the URL or use the QR code to access the application “Organic chemistry visualized / OCV” and install in the mobile. • Click ‘Content’ to view the list of Hydrocarbon.,CHEMISTRY HYDROCARBON CLICK ICT CORNER ORGANIC CARBON COMPOUND TYPE URL USE QR CODE ACCESS APPLICATION VISUALIZE OCV INSTALL MOBILE CONTENT VIEW LIST PAST
"Explore about the hydrocarbons by clicking those. • On clicking ‘anim’ button, you can view the formulae of hydrocarbon as well as in animated form. • Click ‘Quiz’ to evaluate yourself in this topic. *Pictures are indicative only Steps The students can know about the Hydrocarbons, its formulae, descriptions and also in animated form.",STUDENT FORM KNOW EXPLORE HYDROCARBONS CLICK ANIM BUTTON VIEW FORMULAE HYDROCARBON AS WELL ANIMATE QUIZ EVALUATE TOPIC PICTURE INDICATIVE ONLY STEP STUDENTS DESCRIPTIONS ALSO PAST
Step1 Step2 Step4 Step3 Concept Map 10th_Science_Unit-11.indd 172 12/3/2022 2:58:11 PM 173 Introduction Plants exhibits varying degrees of organization.,PLANT ORGANIZATION EXHIBIT CONCEPT MAP PM INTRODUCTION VARY DEGREES PRESENT
"Atoms are organized into molecules, molecules into organelles, organelles into cells, cells into tissues and tissues into organs.",ATOM ORGAN ORGANIZE ATOMS MOLECULES ORGANELLES CELLS TISSUE ORGANS PAST
The first account of internal structure of plants was published by English Physician Nehemiah Grew.,ACCOUNT GROW PUBLISH FIRST INTERNAL STRUCTURE PLANT ENGLISH PHYSICIAN NEHEMIAH PAST
He is known as Father of Plant Anatomy.,HE ANATOMY KNOW MALE PARENT PLANT PAST
Plant anatomy (Gk Ana = as under; Temnein = to cut) is the study of internal structure of plants.,PLANT ANATOMY GK ANA TEMNEIN CUT STUDY INTERNAL STRUCTURE PRESENT
You have already studied the different kinds of tissues in standard IX.,YOU IX STUDY ALREADY DIFFERENT KINDS TISSUE STANDARD PAST
"In this lesson, you will study about the internal structure of plant tissues, process of photosynthesis and respiration. 12.1 Tissues Tissues are the group of cells that are similar or dissimilar in structure and origin, but perform similar function.",THAT FUNCTION STUDY LESSON INTERNAL STRUCTURE PLANT TISSUE PROCESS PHOTOSYNTHESIS RESPIRATION GROUP CELLS SIMILAR DISSIMILAR ORIGIN PERFORM
"Plant tissues can be broadly classified into two, based on their ability to divide.",PLANT TISSUE BROADLY CLASSIFY TWO BASE ABILITY DIVIDE PAST
"They are i) Meristamatic tissue ii) Permanent tissue. 12.2 Tissue system Sachs (1875) classified tissue system in plants into three types i) Dermal or Epidermal tissue system ii) Ground tissue system iii) Vascular tissue system The functions of these tissues are given in Table 12.1. 12.2.1 Dermal or Epidermal Tissue System It consists of epidermis, stomata and epidermal outgrowths.",IT EPIDERMIS CONSIST I MERISTAMATIC TISSUE II PERMANENT SYSTEM SACHS CLASSIFY PLANT THREE TYPE DERMAL EPIDERMAL GRIND III VASCULAR FUNCTION GIVE TABLE STOMATA OUTGROWTHS PAST PRESENT
Epidermis is the outer most layer.,EPIDERMIS OUTER MOST LAYER
Minute pores called stomata are present in the epidermis of leaf and stem.,MINUTE PORE CALL STOMATA PRESENT EPIDERMIS LEAF STEM PAST
"Learning Objectives At the end of this lesson the students will be able to:  Understand vascular tissue system- their types and functions.  Know the structure of dicot root, stem, leaf and monocot root, stem, leaf.  Differentiate the internal structure of dicot root, stem, leaf with that of monocot root, stem, leaf.  Name the different pigments found in chloroplast.  Elaborate on the structure and functions of plastids.  Enumerate the steps involved in photosynthesis.  Understand the structure of mitochondria  List the basic events of aerobic and anerobic respiration. 174 10th Standard Science Cuticle is present on the outer wall of epidermis to check evaporation of water.",CUTICLE WATER UNDERSTAND LEARN OBJECTIVES END LESSON STUDENTS ABLE VASCULAR TISSUE TYPE FUNCTION KNOW STRUCTURE DICOT ROOT STEM LEAF MONOCOT DIFFERENTIATE INTERNAL NAME DIFFERENT PIGMENT FIND CHLOROPLAST ELABORATE PLASTIDS ENUMERATE STEP INVOLVE PHOTOSYNTHESIS MITOCHONDRIA LIST BASIC EVENTS AEROBIC ANEROBIC RESPIRATION STANDARD SCIENCE PRESENT OUTER WALL EPIDERMIS CHECK EVAPORATION PAST
Trichomes and root hairs are the epidermal outgrowths.,TRICHOMES ROOT HAIRS EPIDERMAL OUTGROWTHS
Functions: i) Epidermis protects the inner tissues. ii) Stomata helps in transpiration. iii) Root hairs help in absorption of water and minerals. 12.2.2 Ground Tissue System It includes all the tissues of the plant body except epidermal and vascular tissues like (i) Cortex (ii) Endodermis (iii) Pericycle (iv) Pith 12.2.3 Vascular Tissue System It consists of xylem and phloem tissues.,IT XYLEM CONSIST FUNCTION EPIDERMIS PROTECT INNER TISSUE II STOMATA HELP TRANSPIRATION III ROOT HAIRS ABSORPTION WATER MINERALS GRIND SYSTEM INCLUDE PLANT BODY EPIDERMAL VASCULAR I CORTEX ENDODERMIS PERICYCLE IV PITH PHLOEM PRESENT
They are present in the form of bundles called vascular bundles.,PRESENT FORM BUNDLE CALL VASCULAR PAST
Xylem conducts water and minerals to different parts of the plant.,XYLEM PLANT CONDUCT WATER MINERALS DIFFERENT PART PRESENT
Phloem conducts food materials to different parts of the plant.,PHLOEM PLANT CONDUCT FOOD MATERIALS DIFFERENT PART PRESENT
There are three different types of vascular bundles namely (i) Radial (ii) Conjoint (iii) Concentric (i) Radial Bundles Xylem and phloem are present in different radii alternating with each other. e.g. roots (ii) Conjoint bundles Xylem and phloem lie on the same radius.,BUNDLE RADIUS LIE THREE DIFFERENT TYPE VASCULAR NAMELY I RADIAL II CONJOINT III CONCENTRIC XYLEM PHLOEM PRESENT RADII ALTERNATE OTHER ROOT SAME
There are two types of conjoint bundles. a) Collateral Xylem lies towards the centre and phloem lies towards the periphery.,XYLEM PERIPHERY LIE TWO TYPE CONJOINT BUNDLE COLLATERAL CENTRE PHLOEM PRESENT
"When cambium is present in collateral bundles, it is called open. e.g. dicot stem and collateral bundle without cambium is called closed. e.g. monocot stem. b) Bicollateral In this type of bundle, the phloem is present on both outer and inner side of xylem. e.g.",PHLOEM XYLEM CALL CAMBIUM PRESENT COLLATERAL BUNDLE OPEN DICOT STEM CLOSE MONOCOT BICOLLATERAL TYPE OUTER INNER SIDE PAST
Cucurbita (iii) Concentric Bundles Vascular bundle in which xylem completely surrounds the phloem or viceversa is called concentric vascular bundle.,XYLEM PHLOEM CALL CUCURBITA III CONCENTRIC BUNDLE VASCULAR COMPLETELY SURROUND VICEVERSA PAST PRESENT
It is of two types: 1.,TWO TYPE
Amphivasal: Xylem surrounds phloem. e.g.,AMPHIVASAL XYLEM SURROUND PHLOEM PRESENT
Dracaena 2.,DRACAENA
Amphicribral: Phloem surrounds xylem. e.g.,PHLOEM XYLEM SURROUND AMPHICRIBRAL PRESENT
Ferns Endarch: Protoxylem lies towards the centre and metaxylem lies towards the periphery. e.g. stem.,PROTOXYLEM PERIPHERY LIE FERNS ENDARCH CENTRE METAXYLEM STEM PRESENT
Exarch : Protoxylem lies towards the periphery and metaxylem lies towards the centre. e.g. roots.,PROTOXYLEM CENTRE LIE EXARCH PERIPHERY METAXYLEM ROOT PRESENT
"Table 12.1 Tissue system and its functions Tissue System Components Functions Dermal Tissue System Epidermis and Periderm (in older stems and roots) • Protection • Prevention of water loss Ground Tissue System Parenchyma tissue Chlorenchyma Collenchyma tissue Sclerenchyma tissue • Food storage • Photosynthesis • Support, protection • Support, rigidity Vascular Tissue System Vascular tissues - Xylem tissue - Phloem tissue • Transport of water and minerals • Transport of food 10th_Science_Unit-12.indd 174 12/3/2022 3:34:33 PM 175 Plant Anatomy and Plant Physiology 12.3 Internal Structure of Dicot Root (Bean) A thin transverse section of dicot root shows the following structures. (i) Epiblema: It is the outermost layer.",IT STRUCTURE SHOW TABLE TISSUE SYSTEM FUNCTION COMPONENTS DERMAL EPIDERMIS PERIDERM OLDER STEM ROOT PROTECTION PREVENTION WATER LOSS GRIND PARENCHYMA CHLORENCHYMA COLLENCHYMA SCLERENCHYMA FOOD STORAGE PHOTOSYNTHESIS SUPPORT RIGIDITY VASCULAR XYLEM PHLOEM TRANSPORT MINERALS PM PLANT ANATOMY PHYSIOLOGY INTERNAL DICOT BEAN THIN TRANSVERSE SECTION FOLLOW I EPIBLEMA OUTERMOST LAYER PAST PRESENT
Cuticle and stomata are absent.,CUTICLE STOMATA ABSENT
Unicellular root hairs are present.,UNICELLULAR ROOT HAIRS PRESENT
It is also known as Rhizodermis or Piliferous layer. (ii) Cortex: It is a multilayered large zone made of thin-walled parenchymatous cells with intercellular spaces.,IT SPACE KNOW ALSO RHIZODERMIS PILIFEROUS LAYER II CORTEX MULTILAYERED LARGE ZONE MAKE THIN WALL PARENCHYMATOUS CELLS INTERCELLULAR PAST
It stores food and water. (iii) Endodermis: It is the innermost layer of cortex.,IT CORTEX STORE FOOD WATER III ENDODERMIS INNERMOST LAYER PRESENT
"The cells are barrel - shaped, closely packed, and show band like thickenings on their radial and inner tangential walls called casparian strips.",CELLS BARREL SHAPE CLOSELY PACK SHOW BAND THICKENINGS RADIAL INNER TANGENTIAL WALL CALL CASPARIAN STRIP PAST
But these casparian strips are absent in the endodermis cells which are located opposite the protoxylem these thin walled cells without casparian strips are called passage cell.,CASPARIAN STRIP ABSENT ENDODERMIS CELLS LOCATE PROTOXYLEM THIN WALL CALL PASSAGE CELL PAST
It helps in the movement of water and dissolved salts from cortex into xylem. (iv) Stele: All tissues inner to endodermis constitute stele.,IT STELE HELP MOVEMENT WATER DISSOLVE SALT CORTEX XYLEM TISSUE INNER ENDODERMIS CONSTITUTE PRESENT PAST
It includes pericycle and vascular bundle. (a) Pericycle: Inner to endodermis lies a single layer of pericycle.,INNER PERICYCLE LIE INCLUDE VASCULAR BUNDLE ENDODERMIS SINGLE LAYER PRESENT
It is the site of origin of lateral roots. (b) Vascular bundle: It is radial.,SITE ORIGIN LATERAL ROOT VASCULAR BUNDLE RADIAL
Xylem is exarch and tetrach.,XYLEM EXARCH TETRACH
The tissue present between xylem and phloem is called conjunctive tissue.,PRESENT XYLEM CALL TISSUE PHLOEM CONJUNCTIVE PAST
"In dicot root, it is made up of parenchyma. (c) Pith: Young root contains pith whereas in old root pith is absent. 12.4 Internal Structure of Monocot Root (Maize) A thin transverse section of monocot root, shows the following characteristic features. i.",SECTION FEATURE SHOW DICOT ROOT MAKE PARENCHYMA PITH YOUNG CONTAIN WHEREAS OLD ABSENT INTERNAL STRUCTURE MONOCOT MAIZE THIN TRANSVERSE FOLLOW CHARACTERISTIC PAST PRESENT
"Epiblema or Rhizodermis: It is the outermost layer of the root, and is made up of single layer of thin walled, parenchymatous cell.",EPIBLEMA RHIZODERMIS OUTERMOST LAYER ROOT MAKE SINGLE THIN WALL PARENCHYMATOUS CELL PAST
Stomata and cuticle are absent.,STOMATA CUTICLE ABSENT
The root hair helps in absorption of water and minerals from the soil.,HAIR SOIL HELP ROOT ABSORPTION WATER MINERALS PRESENT
This layer also protects the inner tissues.,LAYER TISSUE PROTECT ALSO INNER PRESENT
"Figure 12.1 Types of vascular bundle Xylem Xylem Xylem Xylem Phloem Phloem Phloem Cambium Outer Phloem Outer Cambium Inner Cambium Inner Phloem Radial Conjoint, collateral and open Conjoint, collateral and closed Conjoint, Bicollateral Concentric and Amphicribral Concentric and Amphivasal 10th_Science_Unit-12.indd 175 12/3/2022 3:34:33 PM 176 10th Standard Science ii.",FIGURE TYPE VASCULAR BUNDLE XYLEM PHLOEM CAMBIUM OUTER INNER RADIAL CONJOINT COLLATERAL OPEN CLOSE BICOLLATERAL CONCENTRIC AMPHICRIBRAL AMPHIVASAL PM STANDARD SCIENCE II
"Cortex: It is multilayered large zone, composed of parenchymatous cells with intercellular spaces.",CORTEX MULTILAYERED LARGE ZONE COMPOSE PARENCHYMATOUS CELLS INTERCELLULAR SPACE PAST
It stores water and food material. iii.,IT MATERIAL STORE WATER FOOD III PRESENT
Endodermis: It is the innermost layer of cortex with characteristic casparian strips and passage cells.,ENDODERMIS INNERMOST LAYER CORTEX CHARACTERISTIC CASPARIAN STRIP PASSAGE CELLS
Casparian strips are band like thickening made of suberin. iv.,CASPARIAN STRIP BAND THICKEN MAKE SUBERIN PAST
Stele: All the tissues inner to endodermis constitute stele.,STELE TISSUE INNER ENDODERMIS CONSTITUTE
"It includes pericycle, vascular tissues and pith. a) Pericycle: It is a single layer of thin walled cells.",IT CELL INCLUDE PERICYCLE VASCULAR TISSUE PITH SINGLE LAYER THIN WALL CELLS PRESENT
The lateral roots originate from this layer. b) Vascular tissues: It consists of many patches of xylem and phloem arranged radially.,IT XYLEM ORIGINATE LATERAL ROOT LAYER VASCULAR TISSUE CONSIST MANY PATCH PHLOEM ARRANGE RADIALLY PRESENT PAST
The xylem is exarch and polyarch.,XYLEM EXARCH POLYARCH
The conjunctive tissue is made up of sclerenchyma. c) Pith: It is present at the center.,IT CENTER MAKE CONJUNCTIVE TISSUE SCLERENCHYMA PITH PRESENT PAST
It is made up of parenchyma cells with intercellular spaces.,IT SPACE MAKE PARENCHYMA CELLS INTERCELLULAR PAST
It contains abundant amount of starch grains.,IT GRAIN CONTAIN ABUNDANT AMOUNT STARCH PRESENT
It stores food. 12.5 Internal Structure of Dicot Stem (Sunflower) The transverse section of a dicot stem reveals the following structures. 1.,SECTION STRUCTURE REVEAL STORE FOOD INTERNAL DICOT STEM SUNFLOWER TRANSVERSE FOLLOW PRESENT
Epidermis: It is the outermost layer.,EPIDERMIS OUTERMOST LAYER
"It is made up of single layer of parenchyma cells, its outer wall is covered with cuticle.",WALL CUTICLE COVER MAKE SINGLE LAYER PARENCHYMA CELLS OUTER PAST
It is protective in function. 2.,PROTECTIVE FUNCTION
Cortex:- It is divided into three regions: (i) Hypodermis: It consists of 3 - 6 layers of collenchyma cells.,IT CELL DIVIDE THREE REGIONS I HYPODERMIS CONSIST LAYER COLLENCHYMA CELLS PAST PRESENT
It gives mechanical support.,IT SUPPORT GIVE MECHANICAL PRESENT
Figure 12.2 Transverse section of Dicot root A sector enlarged Ground plan Root hair Xylem Phloem Cortex Piliferous layer Pericycle Casparian strip Conjunctive tissue Phloem Endodermis Passage cell Root hair Piliferous layer Cortex Xylem Figure 12.3 Transverse section of Monocot root A sector enlarged Ground plan Root hair Piliferous layer Cortex Endodermis Pith Root hair Piliferous layer Casparian strip Endodermis Pericycle Phloem Xylem Pith Cortex 10th_Science_Unit-12.indd 176 12/3/2022 3:34:33 PM 177 Plant Anatomy and Plant Physiology (ii) Middle cortex: It is made up of few layers of chlorenchyma cells.,IT CELL MAKE FIGURE TRANSVERSE SECTION DICOT ROOT SECTOR ENLARGE GRIND PLAN HAIR XYLEM PHLOEM CORTEX PILIFEROUS LAYER PERICYCLE CASPARIAN STRIP CONJUNCTIVE TISSUE ENDODERMIS PASSAGE MONOCOT PITH PM PLANT ANATOMY PHYSIOLOGY II MIDDLE FEW CHLORENCHYMA CELLS PAST
It is involed in photosynthesis due to the presence of chloroplast. (iii) Inner cortex: It is made up of few layers of parenchyma cells.,IT CELL MAKE INVOLED PHOTOSYNTHESIS PRESENCE CHLOROPLAST III INNER CORTEX FEW LAYER PARENCHYMA CELLS PAST
It helps in gaseous exchange and stores food materials.,IT EXCHANGE HELP GASEOUS STORE FOOD MATERIALS PRESENT
"Endodermis is the inner most layer of cortex it consists of a single layer of barrel shaped cells, these cells contain starch grains.",CELL GRAIN CONTAIN ENDODERMIS INNER MOST LAYER CORTEX CONSIST SINGLE BARREL SHAPE CELLS STARCH PRESENT PAST
So it is also called starch sheath. 3.,ALSO CALL STARCH SHEATH PAST
Stele: The central part of the stem inner to endodermis is known as stele.,PART STELE KNOW CENTRAL STEM INNER ENDODERMIS PAST
"It consists of pericycle, vascular bundle and pith. (i) Pericycle: It occurs between vascular bundle and endodermis.",IT BUNDLE OCCUR CONSIST PERICYCLE VASCULAR PITH I ENDODERMIS PRESENT
"It is multilayered, parenchymatous with alternating patches of sclerenchyma. (ii) Bundle Cap: There is a patch of hard sclerenchyma tissue outside to the phloem of vascular bundle is calld Bundle Cap. (iii) Vascular bundle: Vascular bundles are conjoint, collateral, endarch and open.",BUNDLE BE MULTILAYERED PARENCHYMATOUS ALTERNATE PATCH SCLERENCHYMA II CAP HARD TISSUE OUTSIDE PHLOEM VASCULAR CALLD III CONJOINT COLLATERAL ENDARCH OPEN PAST PRESENT
They are arranged in the form of a ring around the pith. (iv) Pith: The large central parenchymatous zone with intercellular spaces is called pith.,ZONE SPACE CALL ARRANGE FORM RING PITH LARGE CENTRAL PARENCHYMATOUS INTERCELLULAR PAST
It helps in the storage of food materials. 12.6 Internal Structure of Monocot Stem (Maize) A transverse section of monocot stem reveals the following structures. 1.,SECTION STRUCTURE REVEAL HELP STORAGE FOOD MATERIALS INTERNAL MONOCOT STEM MAIZE TRANSVERSE FOLLOW PRESENT
Epidermis: It is the outermost layer.,EPIDERMIS OUTERMOST LAYER
It is made up of single layer of parenchyma cells.,IT CELL MAKE SINGLE LAYER PARENCHYMA CELLS PAST
It is covered with thick cuticle.,IT CUTICLE COVER THICK PAST
Multicellular hairs are absent and stomata are also less in number. 2.,MULTICELLULAR HAIRS ABSENT STOMATA ALSO LESS NUMBER
Hypodermis: It is made up of few layers of sclerenchyma cells interrupted by chlorenchyma.,HYPODERMIS MAKE FEW LAYER SCLERENCHYMA CELLS INTERRUPT CHLORENCHYMA PAST
Sclerenchyma provides mechanical support to plant. 3.,SCLERENCHYMA SUPPORT PROVIDE MECHANICAL PLANT PRESENT
Ground tissue: The entire mass of parenchyma cells next to hypodermis Table 12.2 Differences between Dicot and Monocot root S.,GRIND TISSUE ENTIRE MASS PARENCHYMA CELLS NEXT HYPODERMIS TABLE DIFFERENCES DICOT MONOCOT ROOT
No.,NOT
Tissues Dicot Root Monocot Root 1 Number of Xylem Tetrarch Polyarch 2 Cambium Present (During secondary growth only) Absent 3 Secondary Growth Present Absent 4 Pith Absent Present 5 Conjunctive Tissue Ex.,TISSUE DICOT ROOT MONOCOT NUMBER XYLEM TETRARCH POLYARCH CAMBIUM PRESENT SECONDARY GROWTH ONLY ABSENT PITH CONJUNCTIVE EX
Parenchyma Bean Sclerenchyma Maize Epidermal hair Pith Xylem Cambium Phloem Bundle Cap Endodermis Parenchyma Chlorenchyma Collenchyma Epidermis Cuticle Epidermal hair Epidermis Hypodermis Cortex Endodermis Vascular bundle Pith Ground plan A sector enlarged Figure 12.4 Transverse section of Dicot stem 10th_Science_Unit-12.indd 177 12/3/2022 3:34:33 PM 178 10th Standard Science and extending to the centre is called ground tissue.,SECTOR CENTRE CALL PARENCHYMA BEAN SCLERENCHYMA MAIZE EPIDERMAL HAIR PITH XYLEM CAMBIUM PHLOEM BUNDLE CAP ENDODERMIS CHLORENCHYMA COLLENCHYMA EPIDERMIS CUTICLE HYPODERMIS CORTEX VASCULAR GRIND PLAN ENLARGE FIGURE TRANSVERSE SECTION DICOT STEM PM STANDARD SCIENCE EXTEND TISSUE PAST
"It is not differentiated into endodermis, cortex, pericycle and pith. 4.",IT ENDODERMIS DIFFERENTIATE CORTEX PERICYCLE PITH PAST NOT
Vascular Bundle: Vascular bundles are skull shaped and scattered in the ground tissue.,VASCULAR BUNDLE SKULL SHAPE SCATTER GRIND TISSUE PAST
"Vascular bundles are conjoint, collateral, endarch and closed.",VASCULAR BUNDLE CONJOINT COLLATERAL ENDARCH CLOSE PAST
Each vascular bundle is surrounded by few layer of sclerenchyma cells called bundle sheath. (a) Xylem: It consists of metaxylem and protoxylem.,IT METAXYLEM CONSIST VASCULAR BUNDLE SURROUND FEW LAYER SCLERENCHYMA CELLS CALL SHEATH XYLEM PROTOXYLEM PAST PRESENT
Xylem vessels are arranged in V or Y shape.,VESSEL V ARRANGE XYLEM VESSELS Y SHAPE PAST
"In mature vascular bundle, the lower most protoxylem disintegrates and form a cavity.",MATURE VASCULAR BUNDLE LOWER MOST PROTOXYLEM DISINTEGRATE FORM CAVITY
This is called protoxylem lacuna. (b) Phloem: It consists of sieve tube elements and companion cells.,IT ELEMENT CONSIST CALL PROTOXYLEM LACUNA PHLOEM SIEVE TUBE ELEMENTS COMPANION CELLS PAST PRESENT
"Phloem parenchyma, and phloem fibers are absent. 5.",PHLOEM PARENCHYMA FIBERS ABSENT
Pith: Pith is not differentiated in monocot stems.,PITH MONOCOT STEM DIFFERENTIATE PAST PRESENT NOT
Table 12.3 Differences between Dicot Stem Ex.Sunflower and Monocot Stem Ex.Maize S.,TABLE DIFFERENCES DICOT STEM EX SUNFLOWER MONOCOT MAIZE
No.,NOT
"Tissues Dicot Stem Monocot Stem 1 Hypodermis Collenchymatous Sclerenchymatous 2 Ground tissue Differentiated into cortex, endodermis, pericycle and pith Undifferentiated 3 Vascular bundles (i) Less in number (ii) Uniform in size (iii) Arranged in a ring (iv) Open (Cambium present) (v) Bundle sheath absent (i) Numerous (ii) Smaller near periphery, bigger in the centre (iii) Scattered (iv) Closed (Cambium absent) (v) Bundle sheath present 4 Secondary growth Present Mostly absent 5 Pith Present Absent 6 Medullary rays Present Absent 12.7 Internal Structure of Dicot Leaf (Dorsiventral Leaf) Ex.",BUNDLE LEAF PRESENT TISSUE DICOT STEM MONOCOT HYPODERMIS COLLENCHYMATOUS SCLERENCHYMATOUS GRIND DIFFERENTIATE CORTEX ENDODERMIS PERICYCLE PITH UNDIFFERENTIATED VASCULAR I LESS NUMBER II UNIFORM SIZE III ARRANGE RING IV OPEN CAMBIUM SHEATH ABSENT NUMEROUS SMALLER PERIPHERY BIGGER CENTRE SCATTER CLOSE SECONDARY GROWTH MOSTLY MEDULLARY RAY INTERNAL STRUCTURE DORSIVENTRAL EX PAST
Mango Leaf The transverse section of leaf shows the following structures.,SECTION STRUCTURE SHOW MANGO LEAF TRANSVERSE FOLLOW PRESENT
A sector enlarged Ground plan Vascular bundles Vascular bundles Bundle sheath Protoxylem Metaxylem Phloem Chlorenchyma Hypodermis Epidermis Cuticle Ground tissue Ground tissue Epidermis Figure 12.5 Transverse section of Monocot stem (i) Upper epidermis: This is the outermost layer made of single layered parenchymatous cells without intercellular spaces.,THIS SPACE ENLARGE SECTOR GRIND PLAN VASCULAR BUNDLE SHEATH PROTOXYLEM METAXYLEM PHLOEM CHLORENCHYMA HYPODERMIS EPIDERMIS CUTICLE TISSUE FIGURE TRANSVERSE SECTION MONOCOT STEM I UPPER OUTERMOST LAYER MAKE SINGLE PARENCHYMATOUS CELLS INTERCELLULAR PAST
The outer wall of the cells are cuticularized.,WALL CELL CUTICULARIZE OUTER CELLS CUTICULARIZED PAST
Stomata are less in number. 10th_Science_Unit-12.indd 178 12/3/2022 3:34:34 PM 179 Plant Anatomy and Plant Physiology (ii) Lower epidermis: It is a single layer of parenchymatous cells with a thin cuticle.,STOMATA LESS NUMBER PM PLANT ANATOMY PHYSIOLOGY II LOWER EPIDERMIS SINGLE LAYER PARENCHYMATOUS CELLS THIN CUTICLE
It contains numerous stomata.,IT STOMA CONTAIN NUMEROUS STOMATA PRESENT
Chloroplasts are present only in guard cells.,CHLOROPLASTS PRESENT ONLY GUARD CELLS
The lower epidermis helps in the exchange of gases.,EPIDERMIS GAS HELP LOWER EXCHANGE PRESENT
The loss of water vapour is facilitated through this chamber. (iii) Mesophyll: The tissue present between the upper and lower epidermis is called mesophyll.,TISSUE EPIDERMIS CALL LOSS WATER VAPOUR FACILITATE CHAMBER III MESOPHYLL PRESENT UPPER LOWER PAST
It is differentiated into Palisade parenchyma and Spongy parenchyma. a) Palisade parenchyma: It is found just below the upper epidermis.,IT EPIDERMIS FIND DIFFERENTIATE PALISADE PARENCHYMA SPONGY JUST UPPER PAST
The cells are elongated.,CELLS ELONGATE PAST
These cells have more number of chloroplasts.,CELL CHLOROPLAST HAVE CELLS MORE NUMBER CHLOROPLASTS PRESENT
The cells do not have intercellular spaces and they take part in photosynthesis. b) Spongy parenchyma: It is found below the palisade parenchyma tissue.,IT TISSUE FIND CELLS INTERCELLULAR SPACE TAKE PART PHOTOSYNTHESIS SPONGY PARENCHYMA PALISADE PRESENT PAST NOT
Cells are almost spherical or oval and are irregularly arranged.,CELLS ALMOST SPHERICAL OVAL IRREGULARLY ARRANGE PAST
Cells have intercellular spaces.,CELL SPACE HAVE CELLS INTERCELLULAR PRESENT
It helps in gaseous exchange. (iv) Vascular bundles: Vascular bundle are present in mid-rib and lateral veins.,BUNDLE VEIN HELP GASEOUS EXCHANGE VASCULAR PRESENT MID RIB LATERAL
"Vascular bundles are conjoint, collateral and closed.",VASCULAR BUNDLE CONJOINT COLLATERAL CLOSE PAST
Each vascular bundle is surrounded by a sheath of Cuticle Palisade parenchyma Spongy parenchyma Lower epidermis Epidermal hair Stoma Bundle sheath Phloem Xylem Upper epidermis Figure 12.6 Transverse section of Dicot leaf parenchymatous cells called bundle sheath.,BUNDLE CELL FIGURE VASCULAR SURROUND SHEATH CUTICLE PALISADE PARENCHYMA SPONGY LOWER EPIDERMIS EPIDERMAL HAIR STOMA PHLOEM XYLEM UPPER TRANSVERSE SECTION DICOT LEAF PARENCHYMATOUS CELLS CALL PAST PRESENT
Each vascular bundle consists of xylem lying towards the upper epidermis and phloem towards the lower epidermis. 12.8 Internal Structure of Monocot Leaf (Isobilateral Leaf) Ex.Grass Leaf The transverse section of a monocot leaf reveals the following structures. (i) Epidermis: Monocot leaf has upper and lower epidermis.,LEAF EPIDERMIS HAVE VASCULAR BUNDLE CONSIST XYLEM LIE UPPER PHLOEM LOWER INTERNAL STRUCTURE MONOCOT ISOBILATERAL EX GRASS TRANSVERSE SECTION REVEAL FOLLOW I PRESENT
Epidermis is made up of parenchyma cells.,EPIDERMIS CELL MAKE PARENCHYMA CELLS PAST
Cuticle is present on the outer wall stomata are present on both upper and lower epidermis.,CUTICLE PRESENT OUTER WALL STOMATA UPPER LOWER EPIDERMIS
Some cells of upper epidermis are large and thin walled they are known as bulliform cells. (ii) Mesophyll: It is the ground tissue that is present between both epidermal layers.,CELLS UPPER EPIDERMIS LARGE THIN WALL KNOW BULLIFORM II MESOPHYLL GRIND TISSUE PRESENT EPIDERMAL LAYER PAST
Mesophyll is not differentiated into palisade and spongy parenchyma.,MESOPHYLL PARENCHYMA DIFFERENTIATE PALISADE SPONGY PAST NOT
The cells are irregularly arranged with inter-cellular spaces.,CELL SPACE ARRANGE CELLS IRREGULARLY INTER CELLULAR PAST
"These cells contain chloroplasts. (iii) Vascular bundles: Large number of vascular bundles are present, some of which are small and some are large. 10th_Science_Unit-12.indd 179 12/3/2022 3:34:34 PM 180 10th Standard Science 12.9.2 Structure of Chloroplast Chloroplasts are green plastids containing green pigment called chlorophyll.",STRUCTURE PIGMENT CONTAIN CELLS CHLOROPLASTS III VASCULAR BUNDLE LARGE NUMBER PRESENT SMALL PM STANDARD SCIENCE CHLOROPLAST GREEN PLASTIDS CALL CHLOROPHYLL PAST
Chloroplasts are oval shaped organelles having a diameter of 2-10 micrometer and a thickness of 1-2 micrometer.,CHLOROPLASTS OVAL SHAPE ORGANELLES HAVE DIAMETER MICROMETER THICKNESS PAST
Figure 12.8 Ultrastructure of Chloroplast Chloroplast DNA Starch granule Stroma Tylakoid Stroma lamella Inner membrane Outer membrane 1.,FIGURE ULTRASTRUCTURE CHLOROPLAST DNA STARCH GRANULE STROMA TYLAKOID LAMELLA INNER MEMBRANE OUTER PAST
Envelope: Chloroplast envelope has outer and inner membranes which is seperated by intermembrane space. 2.,WHICH SPACE HAVE ENVELOPE CHLOROPLAST OUTER INNER MEMBRANES SEPERATED INTERMEMBRANE PRESENT PAST
Stroma: Matrix present inside to the membrane is called stroma.,STROMA MATRIX PRESENT INSIDE MEMBRANE CALL PAST
"It contains DNA, 70 S ribosomes and other molecules required for protein synthesis. 3.",IT SYNTHESIS CONTAIN DNA S RIBOSOMES OTHER MOLECULES REQUIRE PROTEIN PRESENT PAST
Thylakoids: It consists of thylakoid membrane that encloses thylakoid lumen.,THAT LUMAN CONSIST THYLAKOIDS THYLAKOID MEMBRANE ENCLOSE LUMEN PRESENT
Photosynthetic pigments are present in thylakoids.,PHOTOSYNTHETIC PIGMENT PRESENT THYLAKOIDS
Thylakoids forms a stack of disc like structures called a grana (singular- granum). 4.,THYLAKOID STRUCTURE FORM THYLAKOIDS STACK DISC CALL GRANA GRANUM PRESENT PAST
Grana: Thylakoids arranged in the form of discs stacked one above the other called granum.,GRANA THYLAKOIDS ARRANGE FORM DISCS STACK ONE OTHER CALL GRANUM PAST
Grana are inter connected by stroma lamella.,GRANA INTER CONNECT STROMA LAMELLA PAST
Bulliform cells Cuticle Upper epidermis Mesophyll Bundle sheath Xylem Phloem Lower epidermis Stoma Figure 12.7 Transverse section of Monocot Leaf Each vascular bundle is surrounded by parenchymatous bundle sheath.,BUNDLE SHEATH SURROUND BULLIFORM CELLS CUTICLE UPPER EPIDERMIS MESOPHYLL XYLEM PHLOEM LOWER STOMA FIGURE TRANSVERSE SECTION MONOCOT LEAF VASCULAR PARENCHYMATOUS PAST
"Vascular bundles are conjoint, collateral and closed.",VASCULAR BUNDLE CONJOINT COLLATERAL CLOSE PAST
Xylem is present towards upper epidermis and phloem towards lower epidermis.,XYLEM PRESENT UPPER EPIDERMIS PHLOEM LOWER
Table 12.4 Differences between of Dicot and Monocot Leaf S.,TABLE DIFFERENCES DICOT MONOCOT LEAF
No.,NOT
Dicot Leaf Monocot Leaf 1 Dorsiventral leaf Isobilateral leaf 2 Mesophyll is differentiated into palisade and spongy parenchyma Mesophyll is not differentiated into palisade and spongy parenchyma 12.9 Plant Physiology 12.9.1 Plastids Plastids are double membrane bound organelles found in plants and some algae.,PLASTIDS PLANT DIFFERENTIATE DICOT LEAF MONOCOT DORSIVENTRAL ISOBILATERAL MESOPHYLL PALISADE SPONGY PARENCHYMA PHYSIOLOGY DOUBLE MEMBRANE BIND ORGANELLES FIND ALGAE PAST NOT
They are responsible for preparation and storage of food.,RESPONSIBLE PREPARATION STORAGE FOOD
There are three types of plastids.,THREE TYPE PLASTIDS PRESENT
"Chloroplast - green coloured plastids Chromoplast - yellow, red, orange coloured plastids Leucoplast - colourless plastids 10th_Science_Unit-12.indd 180 12/3/2022 3:34:34 PM 181 Plant Anatomy and Plant Physiology 12.9.3 Functions of Chloroplast 1.",CHLOROPLAST GREEN COLOUR PLASTIDS CHROMOPLAST YELLOW RED ORANGE LEUCOPLAST COLOURLESS PM PLANT ANATOMY PHYSIOLOGY FUNCTION
Photosynthesis 2.,PHOTOSYNTHESIS
Storage of starch 3.,STORAGE STARCH
Synthesis of fatty acids 4.,SYNTHESIS FATTY ACIDS
Storage of lipids 5.,STORAGE LIPIDS
"Formation of chloroplasts 12.9.4 Photosynthesis Photosynthesis (Photo = light; synthesis = to build) is a process by which autotrophic organisms like green plants, algae and chlorophyll containing bacteria utilize the energy from sunlight to synthesize their own food.",FORMATION CHLOROPLASTS PHOTOSYNTHESIS PHOTO LIGHT SYNTHESIS BUILD PROCESS AUTOTROPHIC ORGANISMS GREEN PLANT ALGAE CHLOROPHYLL CONTAIN BACTERIA UTILIZE ENERGY SUNLIGHT SYNTHESIZE OWN FOOD PRESENT
"In this process, carbon dioxide combines with water in the presence of sunlight and chlorophyll to form carbohydrates.",DIOXIDE CARBOHYDRATE COMBINE PROCESS CARBON WATER PRESENCE SUNLIGHT CHLOROPHYLL FORM CARBOHYDRATES PRESENT
During this process oxygen is released as a byproduct. 6CO + 12H O + 6 H O chlorophyll Light C6H12O6 + 6O ↑ Carbon dioxide + Water Glucose + Oxygen + Water 12.9.5 Where does photosynthesis occur?,PHOTOSYNTHESIS BYPRODUCT OCCUR PROCESS OXYGEN RELEASE O H CHLOROPHYLL LIGHT CARBON DIOXIDE WATER GLUCOSE PAST WHERE
Photosynthesis occurs in all green parts of the plant especially in green leaves. 12.9.6 Photosynthetic Pigments Pigments involved in photosynthesis are called Photosynthetic pigments.,PIGMENT PHOTOSYNTHESIS CALL OCCUR GREEN PART PLANT ESPECIALLY LEAVE PHOTOSYNTHETIC INVOLVE PRESENT PAST
"Photosynthetic pigments are of two classes namely, the primary pigments and accessory pigments.",PHOTOSYNTHETIC PIGMENT TWO CLASS NAMELY PRIMARY ACCESSORY
Chlorophyll a is the primary pigment that traps solar energy and converts it into electrical and chemical energy.,CHLOROPHYLL PRIMARY PIGMENT TRAP SOLAR ENERGY CONVERT ELECTRICAL CHEMICAL PRESENT
Thus it is called the reaction centre.,THUS CALL REACTION CENTRE PAST
Other pigments such as chlorophyll b and carotenoids are called accessory pigments as they pass on the absorbed energy to chlorophyll a (Chl.a) molecule.,THEY MOLECULE CALL OTHER PIGMENT SUCH CHLOROPHYLL B CAROTENOIDS ACCESSORY PASS ABSORB ENERGY PAST PRESENT
Reaction centre (Primary pigments) and harvesting centre (Accessary pigments) together form photo systems. 12.9.7 Role of Sunlight in Photosynthesis The entire process of photosynthesis takes place inside the chloroplast.,ROLE CHLOROPLAST TAKE REACTION CENTRE PRIMARY PIGMENT HARVEST ACCESSARY TOGETHER FORM PHOTO SYSTEMS SUNLIGHT PHOTOSYNTHESIS ENTIRE PROCESS PLACE PRESENT
The structure of chloroplast is such that the light dependent (Light reaction) and light independent (Dark reaction) take place at different sites in the organelle 1.,STRUCTURE CHLOROPLAST SUCH LIGHT DEPENDENT REACTION INDEPENDENT DARK TAKE PLACE DIFFERENT SIT ORGANELLE
Light dependent Reaction (Hill reaction \ Light reaction) This was discovered by Robin Hill (1939).,THIS HILL DISCOVER LIGHT DEPENDENT REACTION ROBIN PAST
This reaction takes place in the presence of light energy in thylakoid membranes (grana) of the chloroplasts.,REACTION CHLOROPLAST TAKE PLACE PRESENCE LIGHT ENERGY THYLAKOID MEMBRANES GRANA CHLOROPLASTS PRESENT
Photosynthetic pigments absorb the light energy and convert it into chemical energy ATP and NADPH+H+.,PIGMENT ATP ABSORB PHOTOSYNTHETIC LIGHT ENERGY CONVERT CHEMICAL PRESENT
These products of light reaction move out from the thylakoid to the stroma of the chloroplast.,PRODUCT CHLOROPLAST MOVE PRODUCTS LIGHT REACTION THYLAKOID STROMA
More to Know ATP Adenosine Tri Phosphate ADP Adenosine Di Phosphate NAD Nicotinamide Adenine Dinucleotide NADP Nicotinamide Adenine Dinucleotide Phosphate A cell cannot get its energy directly from glucose.,CELL GLUCOSE GET MORE KNOW ATP ADENOSINE TRI PHOSPHATE ADP DI NAD NICOTINAMIDE ADENINE DINUCLEOTIDE NADP ENERGY DIRECTLY NOT
So in respiration the energy released from glucose is used to make ATP (Adenosine Triphosphate) 2.,ENERGY ATP USE RESPIRATION RELEASE GLUCOSE MAKE ADENOSINE TRIPHOSPHATE PAST
Light independent reactions (Dark reaction) (Biosynthetic phase) Dark reaction or biosynthetic pathway is takes place in stroma.,REACTION STROMA TAKE LIGHT INDEPENDENT REACTIONS DARK BIOSYNTHETIC PHASE PATHWAY PLACE PRESENT
During this reaction CO2 is reduced into carbohydrates with the help of light generated ATP and NADPH+H+.,C-O-2 ATP REDUCE REACTION CARBOHYDRATES HELP LIGHT GENERATE PAST
This is also called as Calvin cycle and is carried out in the absence of light.,THIS LIGHT CALL ALSO CALVIN CYCLE CARRY ABSENCE PAST
It is called dark reaction. 10th_Science_Unit-12.indd 181 12/3/2022 3:34:34 PM 182 10th Standard Science In Calvin cycle the inputs are CO2 from the atmosphere and the ATP and NADPH+H+ produced from light reaction.,INPUT REACTION C-O-2 CALL DARK PM STANDARD SCIENCE CALVIN CYCLE ATMOSPHERE ATP PRODUCE LIGHT PAST
"Figure 12.9 Overview of Hill and Calvin cycle Melvin Calvin, an American biochemist, discovered chemical pathway for photosynthesis.",FIGURE OVERVIEW HILL CALVIN CYCLE MELVIN AMERICAN BIOCHEMIST DISCOVER CHEMICAL PATHWAY PHOTOSYNTHESIS PAST
The cycle is named as Calvin cycle.,CYCLE NAME CALVIN PAST
He was awarded with Nobel Prize in the year 1961 for his discovery. 12.9.8 Factors Affecting Photosynthesis a) Internal Factors: i) Pigments ii) Leaf age iii) Accumulation of carbohydrates iv) Hormones b) External Factors: i) Light ii) Carbon dioxide iii) Temperature iv) Water v) Mineral elements Info bit Artificial photosynthesis is a method for producing renewable energy by the use of sunlight.,PHOTOSYNTHESIS SUNLIGHT AWARD NOBEL PRIZE YEAR DISCOVERY FACTOR AFFECT INTERNAL PIGMENT II LEAF AGE III ACCUMULATION CARBOHYDRATES HORMONES B EXTERNAL LIGHT CARBON DIOXIDE TEMPERATURE IV WATER V MINERAL ELEMENTS INFO BITE ARTIFICIAL METHOD PRODUCE RENEWABLE ENERGY USE PAST
Indian scientist C.N.R.,INDIAN SCIENTIST
Rao who was conferred the Bharat Ratna (2013) is also working on similar technology of artificial photosynthesis to produce - Hydrogen fuel (renewable energy). 12.10 Mitochondria Mitochondria are filamentous or granular cytoplasmic organelles present in cells.,MITOCHONDRIA CELL WORK RAO CONFER BHARAT RATNA ALSO SIMILAR TECHNOLOGY ARTIFICIAL PHOTOSYNTHESIS PRODUCE HYDROGEN FUEL RENEWABLE ENERGY FILAMENTOUS GRANULAR CYTOPLASMIC ORGANELLES PRESENT CELLS PAST
The mitochondria were first discovered by Kolliker in 1857 as granular structures in striated muscles.,MITOCHONDRIA MUSCLE DISCOVER FIRST KOLLIKER GRANULAR STRUCTURE STRIATE PAST
"Mitochondria (singular: mitochondrion) are organelles within eukaryotic cells that produce adenosine triphosphate (ATP) which form the energy currency of the cell, for this reason, the mitochondria is referred to as the “Power house of the cell”.",MITOCHONDRIA SINGULAR MITOCHONDRION ORGANELLES EUKARYOTIC CELLS PRODUCE ADENOSINE TRIPHOSPHATE ATP FORM ENERGY CURRENCY CELL REASON REFER POWER HOUSE PRESENT PAST
Mitochondria vary in size from 0.5 µm to 2.0 µm.,MITOCHONDRIA ΜM VARY SIZE PRESENT
"Mitochondria contain 60-70% protein, 25-30% lipids, 5-7% RNA and small amount of DNA and minerals. 12.10.1 Structure of Mitochondria Mitochondrial Membranes: It consists two membranes called inner and outer membrane.",IT MEMBRANE CONSIST MITOCHONDRIA CONTAIN PROTEIN LIPIDS RNA SMALL AMOUNT DNA MINERALS STRUCTURE MITOCHONDRIAL MEMBRANES TWO CALL INNER OUTER PRESENT PAST
Each membrane is 60-70 A˚ thick.,MEMBRANE THICK
Outer mitochondrial membrane is smooth and freely permeable to most small molecules.,OUTER MITOCHONDRIAL MEMBRANE SMOOTH FREELY PERMEABLE MOST SMALL MOLECULES
"It contains enzymes, proteins and lipids.",IT ENZYME CONTAIN ENZYMES PROTEINS LIPIDS PRESENT
It has porin molecules (proteins) which form channels for passage of molecules through it.,WHICH IT HAVE PORIN MOLECULES PROTEINS FORM CHANNEL PASSAGE PRESENT
Figure 12.10 Structure of Mitochondria Oxysome Inner mitochondrial membrane is semi permeable membrane and regulates the passage of materials into and out of the mitochondria.,FIGURE STRUCTURE MITOCHONDRIA OXYSOME INNER MITOCHONDRIAL MEMBRANE SEMI PERMEABLE REGULATE PASSAGE MATERIALS PRESENT
It is rich in enzymes and carrier proteins.,RICH ENZYMES CARRIER PROTEINS
It consists of 80% proteins and lipids. 10th_Science_Unit-12.indd 182 12/3/2022 3:34:35 PM 183 Plant Anatomy and Plant Physiology Cristae: The inner mitochondrial membrane gives rise to finger like projections called cristae.,MEMBRANE PROJECTION GIVE CONSIST PROTEINS LIPIDS PM PLANT ANATOMY PHYSIOLOGY CRISTAE INNER MITOCHONDRIAL RISE FINGER PROJECTIONS CALL PRESENT PAST
These cristae increase the inner surface area (fold in inner membrane) of the mitochondria to hold variety of enzymes.,CRISTAE ENZYME INCREASE INNER SURFACE AREA FOLD MEMBRANE MITOCHONDRIA HOLD VARIETY ENZYMES PRESENT
Oxysomes: The inner mitochondrial membrane bear minute regularly spaced tennis racket shaped particles known as oxysomes (F1 particle).,OXYSOMES INNER MITOCHONDRIAL MEMBRANE BEAR MINUTE REGULARLY SPACE TENNIS RACKET SHAPE PARTICLES KNOW PARTICLE PAST
They involve in ATP synthesis.,THEY SYNTHESIS INVOLVE ATP PRESENT
F Head Stalk Base 1 F0 Figure 12.11 Structure of Oxysomes Mitochondrial matrix - It is a complex mixture of proteins and lipids.,F HEAD STALK BASE FIGURE STRUCTURE OXYSOMES MITOCHONDRIAL MATRIX COMPLEX MIXTURE PROTEINS LIPIDS
"Matrix contains enzymes for Krebs cycle, mitochondrial ribosomes(70 S), tRNAs and mitochondrial DNA. 12.10.2 Functions of Mitochondria • Mitochondria is the main organelle of cell respiration.",FUNCTION RESPIRATION CONTAIN MATRIX ENZYMES KREBS CYCLE MITOCHONDRIAL S TRNAS DNA MITOCHONDRIA MAIN ORGANELLE CELL PRESENT
They produce a large number of ATP molecules.,THEY MOLECULE PRODUCE LARGE NUMBER ATP MOLECULES PRESENT
So they are called as power houses of the cell or ATP factory of the cell. • It helps the cells to maintain normal concentration of calcium ions. • It regulates the metabolic activity of the cell. 12.11 TYPES OF RESPIRATION Respiration involves exchange of gases between the organism and the external environment.,TYPE ORGANISM INVOLVE CALL POWER HOUSE CELL ATP FACTORY HELP CELLS MAINTAIN NORMAL CONCENTRATION CALCIUM IONS REGULATE METABOLIC ACTIVITY RESPIRATION EXCHANGE GAS EXTERNAL ENVIRONMENT PAST PRESENT
The plants obtain oxygen from their environment and release carbon dioxide and water vapour.,PLANT DIOXIDE OBTAIN OXYGEN ENVIRONMENT RELEASE CARBON WATER VAPOUR PRESENT
This exchange of gases is known as external respiration.,EXCHANGE RESPIRATION KNOW GAS EXTERNAL PAST
It is a physical process.,PHYSICAL PROCESS
"Biochemical process occurs within cells where the food is oxidized to obtain energy, this is known as cellular respiration 12.11.1 Aerobic respiration Aerobic respiration is the type of celluar respiration in which organic food is completely oxidized with the help of oxygen into carbon dioxide, water and energy.",FOOD DIOXIDE KNOW BIOCHEMICAL PROCESS OCCUR CELLS OXIDIZE OBTAIN ENERGY CELLULAR RESPIRATION AEROBIC TYPE CELLUAR ORGANIC COMPLETELY HELP OXYGEN CARBON WATER PRESENT PAST
It occurs in most plants and animals.,IT PLANT OCCUR MOST ANIMALS PRESENT
C6H12O6 + 6O2 → 6CO2 + 6H2O + ATP Stages of Aerobic respiration a.,ATP STAG AEROBIC RESPIRATION
Glycolysis (Glucose splitting): It is the breakdown of one molecule of glucose (6 carbon) into two molecules of pyruvic acid (3 carbon).,GLYCOLYSIS GLUCOSE SPLIT BREAKDOWN ONE MOLECULE CARBON TWO MOLECULES PYRUVIC ACID
Glycolysis takes place in cytoplasm of the cell.,GLYCOLYSIS CELL TAKE PLACE CYTOPLASM PRESENT
It is the first step of both aerobic and anerobic respiration. b.,FIRST STEP AEROBIC ANEROBIC RESPIRATION
Krebs Cycle: This cycle occurs in mitochondria matrix.,KREBS CYCLE OCCUR MITOCHONDRIA MATRIX PRESENT
"At the end of glycolysis, 2 molecules of pyruvic acid enter into mitochondria.",MOLECULE MITOCHONDRIA ENTER END GLYCOLYSIS MOLECULES PYRUVIC ACID PRESENT
The oxidation of pyruvic acid into CO2 and water takes place through this cycle.,OXIDATION CYCLE TAKE PYRUVIC ACID WATER PLACE PRESENT
It is also called Tricarboxylic Acid Cycle (TCA). c.,ALSO CALL TRICARBOXYLIC ACID CYCLE TCA PAST
Electron Transport Chain: This is accomplished through a system of electron carrier complex called electron transport chain (ETC) located on the inner membrane of the mitochondria.,ELECTRON TRANSPORT CHAIN ACCOMPLISH SYSTEM CARRIER COMPLEX CALL ETC LOCATE INNER MEMBRANE MITOCHONDRIA PAST
NADH+H+ and FADH2 molecules formed during glycolysis and Krebs cycle are oxidised to NAD+ and FAD to release the energy via electrons.,N-A-D-H-+-H-+ ELECTRON OXIDISE MOLECULES FORM GLYCOLYSIS KREBS CYCLE FAD RELEASE ENERGY ELECTRONS PAST
"The electrons, as they move through the system, release energy which is trapped by ADP to synthesize ATP.",WHICH ATP RELEASE ELECTRONS MOVE SYSTEM ENERGY TRAP ADP SYNTHESIZE PRESENT PAST
This is called oxidative phosphorylation.,CALL OXIDATIVE PHOSPHORYLATION PAST
"In this 10th_Science_Unit-12.indd 183 12/3/2022 3:34:35 PM 184 10th Standard Science process, O2 the ultimate acceptor of electrons gets reduced to water. 12.11.2 Anaerobic respiration Anaerobic respiration takes place without oxygen.",RESPIRATION OXYGEN TAKE PM STANDARD SCIENCE PROCESS ULTIMATE ACCEPTOR ELECTRONS REDUCE WATER ANAEROBIC PLACE PAST PRESENT
Glucose is converted into ethanol (Ethanol fermentation by yeast) or lactic acid (lactic acid fermentation by bacteria).,GLUCOSE BACTERIA CONVERT ETHANOL FERMENTATION YEAST LACTIC ACID PAST
C6H12O6 → 2CO2 + 2C2H5OH + Energy (ATP) 12.11.3 Respiratory quotient (R.Q) Respiratory quotient is the ratio of volume of carbon dioxide liberated and the volume of oxygen consumed during respiration.,ENERGY ATP RESPIRATORY QUOTIENT RATIO VOLUME CARBON DIOXIDE LIBERATE OXYGEN CONSUME RESPIRATION PAST
"It is expressed as RQ = Volume of CO2 liberated Volume of O2 consumed Points to Remember  Tissue is a group of similar or dissimilar cells, having a common orgin and performing similar functions.  Plants are capable of synthesizing glucose from CO2 and H2O in the presence of light, by the process of photosynthesis.  Light reaction takes place in grana of chloroplast.  Dark reaction takes place in stroma of chloroplast.  Respiration involves both external and cellular respiration.  Aerobic respiration takes place in the presence of oxygen.  Aerobic respiration occurs in three major steps like Glycolysis, Krebs cycle and Electron transport chain.",RESPIRATION GLYCOLYSIS OCCUR EXPRESS RQ VOLUME LIBERATE CONSUME POINT REMEMBER TISSUE GROUP SIMILAR DISSIMILAR CELLS HAVE COMMON ORGIN PERFORM FUNCTION PLANT CAPABLE SYNTHESIZE GLUCOSE PRESENCE LIGHT PROCESS PHOTOSYNTHESIS REACTION TAKE PLACE GRANA CHLOROPLAST DARK STROMA INVOLVE EXTERNAL CELLULAR AEROBIC OXYGEN THREE MAJOR STEP KREBS CYCLE ELECTRON TRANSPORT CHAIN PAST PRESENT
Choose the correct answer 1.,CHOOSE CORRECT ANSWER
Casparian strips are present in the _____________ of the root. a) cortex b) pith c) pericycle d) endodermis 2.,STRIP ENDODERMIS PITH CASPARIAN PRESENT ROOT CORTEX B C PERICYCLE D PAST
The endarch condition is the characteristic feature of a) root b) stem c) leaves d) flower 3.,ENDARCH CONDITION CHARACTERISTIC FEATURE ROOT B STEM C LEAVE FLOWER PRESENT
The xylem and phloem arranged side by side on same radius is called _________ a) radial b) amphivasal c) conjoint d) None of these 4.,ARRANGE 4 CALL XYLEM PHLOEM SIDE SAME RADIUS RADIAL B AMPHIVASAL CONJOINT NONE PAST NOT
Which is formed during anaerobic respiration a) Carbohydrate b) Ethyl alcohol b) Acetyl CoA d) Pyruvate TEXTBOOK EVALUATION 5.,TEXTBOOK B FORM ANAEROBIC RESPIRATION CARBOHYDRATE ETHYL ALCOHOL ACETYL COA PYRUVATE EVALUATION PAST
Kreb’s cycle takes place in a) chloroplast b) mitochondrial matrix c) stomata d) inner mitochondrial membrane 6.,CYCLE STOMA TAKE KREB PLACE CHLOROPLAST MITOCHONDRIAL MATRIX C STOMATA INNER MEMBRANE PRESENT
Oxygen is produced at what point during photosynthesis ? a) when ATP is converted to ADP b) when CO2 is fixed c) when H2O is splitted d) All of these II.,H-2-O II PRODUCE OXYGEN POINT PHOTOSYNTHESIS ATP CONVERT ADP B FIX SPLITTED PAST
Fill in the blanks. 1.,FILL BLANK
The innermost layer of cortex in root is called ____________. 2.,LAYER ROOT CALL INNERMOST CORTEX PAST
Xylem and phloem are arranged in an alternate radii constitute a vascular bundle called ____________. 10th_Science_Unit-12.indd 184 12/3/2022 3:34:35 PM 185 Plant Anatomy and Plant Physiology 3.,XYLEM _ ARRANGE PHLOEM ALTERNATE RADII CONSTITUTE VASCULAR BUNDLE CALL PM PLANT ANATOMY PHYSIOLOGY PAST PRESENT
Glycolysis takes place in _______________. 4.,GLYCOLYSIS _ TAKE PLACE PRESENT
The source of O2 liberated in photosynthesis is ________________. 5. ______________ is ATP factory of the cells III.,SOURCE LIBERATE PHOTOSYNTHESIS ATP FACTORY CELLS III PAST
State whether the statements are true or false.,STATE STATEMENTS TRUE FALSE
Correct the false statement. 1.,CORRECT FALSE STATEMENT
Phloem tissue is involved in the transport of water in plant. 2.,TISSUE PLANT INVOLVE PHLOEM TRANSPORT WATER PAST
The waxy protective covering of a plant is called as cuticle. 3.,COVER CUTICLE CALL WAXY PROTECTIVE PLANT PAST
In monocot stem cambium is present in between xylem and phloem. 4.,MONOCOT STEM CAMBIUM PRESENT XYLEM PHLOEM
Palisade parenchyma cells occur below upper epidermis in dicot root. 5.,CELL ROOT OCCUR PALISADE PARENCHYMA CELLS UPPER EPIDERMIS DICOT PRESENT
Mesophyll contains chlorophyll. 6.,MESOPHYLL CHLOROPHYLL CONTAIN PRESENT
Anaerobic respiration produces more ATP than aerobic respiration.,RESPIRATION PRODUCE ANAEROBIC MORE ATP AEROBIC PRESENT
IV.,IV
Match the following 1.,MATCH FOLLOW
Amphicribal - Dracaena 2.,AMPHICRIBAL DRACAENA
Cambium - Translocation of food 3.,CAMBIUM TRANSLOCATION FOOD
Amphivasal - Fern 4.,AMPHIVASAL FERN
Xylem - Secondary growth 5.,XYLEM SECONDARY GROWTH
Phloem - Conduction of water V.,PHLOEM CONDUCTION WATER
Answer in a sentence 1.,ANSWER SENTENCE
What is collateral vascular bundle? 2.,COLLATERAL VASCULAR BUNDLE
Where does the carbon that is used in photosynthesis come from? 3.,THAT PHOTOSYNTHESIS COME CARBON USE PAST
What is the common step in aerobic and anaerobic pathway? 4.,COMMON STEP AEROBIC ANAEROBIC PATHWAY
Name the phenomenon by which carbohydrates are oxidized to release ethyl alcohol.,CARBOHYDRATE ALCOHOL NAME PHENOMENON CARBOHYDRATES OXIDIZE RELEASE ETHYL PAST
VI.,VI
Short answer questions 1.,SHORT ANSWER QUESTION PRESENT
Give an account on vascular bundle of dicot stem. 2.,GIVE ACCOUNT VASCULAR BUNDLE DICOT STEM
Write a short note on mesophyll. 3.,WRITE SHORT NOTE MESOPHYLL
Draw and label the structure of oxysomes. 4.,DRAW LABEL STRUCTURE OXYSOMES
Name the three basic tissues system in flowering plants. 5.,NAME THREE BASIC TISSUE SYSTEM FLOWER PLANT
What is photosynthesis and where in a cell does it occur? 6.,PHOTOSYNTHESIS CELL OCCUR
What is respiratory quotient? 7.,RESPIRATORY QUOTIENT
Why should the light dependent reaction occur before the light independent reaction? 8.,REACTION OCCUR LIGHT DEPENDENT INDEPENDENT PRESENT
Write the reaction for photosynthesis?,WRITE REACTION PHOTOSYNTHESIS QUESTION
VII.,VII
Long answer questions 1.,LONG ANSWER QUESTION
Differentiate the following a) Monocot root and Dicot root b) Aerobic and Anaerobic respiration 2.,DIFFERENTIATE FOLLOW MONOCOT ROOT DICOT AEROBIC ANAEROBIC RESPIRATION
Describe and name three stages of cellular respiration that aerobic organisms use to obtain energy from glucose. 3.,ORGANISM GLUCOSE DESCRIBE NAME THREE STAG CELLULAR RESPIRATION AEROBIC ORGANISMS USE OBTAIN ENERGY PRESENT
How does the light dependent reaction differ from the light independent reaction?,REACTION DIFFER LIGHT DEPENDENT INDEPENDENT PRESENT HOW
What are the end product and reactants in each?,END PRODUCT REACTANTS WHAT
Where does each reaction occur within the chloroplast?,REACTION CHLOROPLAST OCCUR WHERE
VIII.,VIII
Higher Order Thinking Skills(HOTS) 1.,HIGHER ORDER THINK
The reactions of photosynthesis make up a biochemical pathway.,REACTION PATHWAY MAKE REACTIONS PHOTOSYNTHESIS BIOCHEMICAL
A) What are the end product of light and dark reaction of photosynthesis?,END PRODUCT LIGHT DARK REACTION PHOTOSYNTHESIS WHAT
B) Explain how the biochemical pathway of photosynthesis recycles many of its own reactions and identify the recycled reactants. 2.,PATHWAY REACTANT EXPLAIN B BIOCHEMICAL PHOTOSYNTHESIS RECYCLE MANY OWN REACTIONS IDENTIFY REACTANTS PRESENT
Where do the light dependent reaction and the Calvin cycle occur in the chloroplast?,REACTION CHLOROPLAST OCCUR LIGHT DEPENDENT CALVIN CYCLE PRESENT WHERE
REFERENCE BOOKS 1.,REFERENCE BOOK
"Bajracharya D, Experiments in Plant Physiology, Narosa Publishing House, New Delhi 2.",BAJRACHARYA D EXPERIMENT PLANT PHYSIOLOGY NAROSA PUBLISH HOUSE NEW DELHI
Pandey B.P.,PANDEY
"Plant Anatomy, S.",PLANT ANATOMY
"Chand and Company Ltd, New Delhi 3.",CHAND COMPANY LTD NEW DELHI
Verma P.S. and Agarwal V.K.,VERMA AGARWAL
"Cytology, S.Chand and Company Ltd, New Delhi INTERNET RESOURCES www.science daily.com www.britannica.com 10th_Science_Unit-12.indd 185 12/3/2022 3:34:35 PM 186 10th Standard Science Concept Map Respiration Plant Anatomy Living world of plants Vascular system Dicot root, stem, leaves Monocot root, stem, leaves Krebs cycle ETC Glycolysis Mitochondria structure Aﬀecting Factors Light independent reaction Light dependent reaction Chloroplast structure Photo synthesis Aﬀecting factors Cells alive URL : https://play.google.com/store/apps/details?id=com.Rinekso.PhotoSHinythesis ICT CORNER PLANT ANATOMY *Pictures are indicative only Steps PHOTOSYNTHESIS – This application enables students to play a game to adjust sunlight rays to reach the plant.",STUDENT PLANT ENABLE CYTOLOGY COMPANY LTD NEW DELHI INTERNET RESOURCES PM STANDARD SCIENCE CONCEPT MAP RESPIRATION ANATOMY LIVE WORLD VASCULAR SYSTEM DICOT ROOT STEM LEAVE MONOCOT KREBS CYCLE ETC GLYCOLYSIS MITOCHONDRIA STRUCTURE AFFECTING FACTOR LIGHT INDEPENDENT REACTION DEPENDENT CHLOROPLAST PHOTO SYNTHESIS CELLS ALIVE URL ICT PICTURE INDICATIVE ONLY STEP PHOTOSYNTHESIS APPLICATION STUDENTS PLAY GAME ADJUST SUNLIGHT RAY REACH PRESENT
Step1 Step2 Step3 Step4 • Access the application Photosynthesis with the help of the provided URL or QR code.,S-T-E-P-3 CODE ACCESS APPLICATION PHOTOSYNTHESIS HELP PROVIDE URL QR PAST
Install in your device.,INSTALL DEVICE
"After opening the app, Click LEVELS to begin the game. • A palnt sapling will be in one side, and sun rays will be at the other side.",RAY SIDE BEGIN OPEN APP CLICK LEVEL GAME PALNT SAPLING ONE SUN OTHER
"You have to drag and adjust the mirror so that the sunlight rays will fall on the plant. • At the top left, there is a indicator to show the timings. • Explore and complete the other levels gradually. 10th_Science_Unit-12.indd 186 12/3/2022 3:34:36 PM 187 187 Introduction The variety in nature and habits of animals in the biosphere are quite amazing and interesting.",VARIETY BIOSPHERE BE DRAG ADJUST MIRROR SUNLIGHT RAY FALL PLANT TOP LEAVE INDICATOR SHOW TIMINGS EXPLORE COMPLETE OTHER LEVEL GRADUALLY PM INTRODUCTION NATURE HABIT ANIMALS QUITE AMAZE INTEREST PRESENT PAST
"What we see around us may be just few, but there are innumerable species living in this world.",SEE JUST FEW INNUMERABLE SPECIES LIVE WORLD PRESENT
You have learnt in lower classes about the classification of animal kingdom.,YOU KINGDOM LEARN LOWER CLASS CLASSIFICATION ANIMAL PAST
"We will recall here that ‘Kingdom Animalia’ is divided into two groups, Invertebrates and Chordates.",ANIMALIA GROUP RECALL HERE KINGDOM DIVIDE TWO INVERTEBRATES CHORDATES PAST
"There occurs a great diversity in the habit, habitat, structural organisation and mode of reproduction between the animals existing on earth.",OCCUR GREAT DIVERSITY HABIT HABITAT STRUCTURAL ORGANISATION MODE REPRODUCTION ANIMALS EXIST EARTH PRESENT
"In this chapter, you will understand the structural morphology and anatomy of an Invertebrate (Leech) and a Vertebrate (Rabbit).",YOU LEECH UNDERSTAND CHAPTER STRUCTURAL MORPHOLOGY ANATOMY INVERTEBRATE VERTEBRATE RABBIT
The scientific name of the Indian cattle leech is Hirudinaria granulosa which belongs to Phylum Annelida.,SCIENTIFIC NAME INDIAN CATTLE LEECH HIRUDINARIA GRANULOSA BELONG PHYLUM ANNELIDA PRESENT
Annelids are metamerically segmented worms with well developed organ systems.,ANNELIDS METAMERICALLY SEGMENT WORM WELL DEVELOP ORGAN SYSTEMS PAST
The scientific name of the common rabbit is Oryctolagus cuniculus.,SCIENTIFIC NAME COMMON RABBIT ORYCTOLAGUS CUNICULUS
It is represents Phylum Chordata and Class Mammalia.,REPRESENT PHYLUM CHORDATA CLASS MAMMALIA PRESENT
Mammals occupy the highest group in the animal kingdom and show advancement over the other groups of animals.,MAMMAL ANIMAL OCCUPY MAMMALS HIGHEST GROUP KINGDOM SHOW ADVANCEMENT OTHER ANIMALS PRESENT
They are warm blooded and possess covering of hair on the body.,WARM BLOOD POSSESS COVER HAIR BODY
Mammary gland in females is the most striking feature of a mammal.,MAMMARY GLAND FEMALES MOST STRIKE FEATURE MAMMAL
Let us now study about the morphology of leech and rabbit in detail.,WE DETAIL LET NOW STUDY MORPHOLOGY LEECH RABBIT PRESENT
Learning Objectives At the end of this lesson the students will be able to:  Understand the external morphology of the leech and rabbit.  Recognise the structural features of different organ systems.  Will be able to understand the physiology of various organ systems of leech and rabbit.  Learn the parasitic adaptations of leech.  Identify the type of dentition and its significance in rabbit.  Perceive the differences between the structural organisation of an invertebrate (leech) and vertebrate (rabbit)., LEECH PERCEIVE LEARN OBJECTIVES END LESSON STUDENTS ABLE UNDERSTAND EXTERNAL MORPHOLOGY RABBIT RECOGNISE STRUCTURAL FEATURE DIFFERENT ORGAN SYSTEMS PHYSIOLOGY VARIOUS PARASITIC ADAPTATIONS IDENTIFY TYPE DENTITION SIGNIFICANCE DIFFERENCES ORGANISATION INVERTEBRATE VERTEBRATE
"STRUCTURAL ORGANISATION OF ANIMALS 188 10th Standard Science 13.1 The Indian Cattle Leech (Hirudinaria granulosa) Taxonomic Position Phylum Annelida Class Hirudinea Order Gnathobdellida Genus Hirudinaria Species granulosa 13.1.1 Habit and Habitat Hirudinaria granulosa (Indian Cattle Leech) is found in India, Bangladesh, Pakistan, Myanmar and Srilanka.",GRANULOSA INDIA FIND STRUCTURAL ORGANISATION ANIMALS STANDARD SCIENCE INDIAN CATTLE LEECH HIRUDINARIA TAXONOMIC POSITION PHYLUM ANNELIDA CLASS HIRUDINEA ORDER GNATHOBDELLIDA GENUS SPECIES HABIT HABITAT BANGLADESH PAKISTAN MYANMAR SRILANKA PAST
"It lives in freshwater ponds, lakes, swamps and slow streams.",IT POND LIVE FRESHWATER PONDS LAKES SWAMP SLOW STREAM PRESENT
"They are ectoparasitic and feed on the blood of fishes, frogs, cattle and human.",ECTOPARASITIC FEE BLOOD FISH FROG CATTLE HUMAN
"It is sanguivorous (blood sucking) in nature. 13.1.2 External Morphology Shape and Size: The body of a leech is soft, vermiform, elongated and segmented.",SANGUIVOROUS BLOOD SUCK NATURE EXTERNAL MORPHOLOGY SHAPE SIZE BODY LEECH SOFT VERMIFORM ELONGATE SEGMENT PAST
It becomes ribbon shaped when extended and almost cylindrical when contracted.,BECOME RIBBON SHAPE EXTEND ALMOST CYLINDRICAL CONTRACT PRESENT PAST
Leeches may grow to a length of 35cm.,LEECH CM GROW LENGTH
Colouration: Dorsal surface is olive green in colour and the ventral surface is orange yellow or orange red in colour.,COLOURATION DORSAL SURFACE OLIVE GREEN COLOUR VENTRAL ORANGE YELLOW RED
Segmentation: Metamerism is the segmentation of the body.,SEGMENTATION METAMERISM BODY
The body of leech is metamerically divided into 33 segments.,BODY LEECH METAMERICALLY DIVIDE SEGMENT PAST
The segments are arranged one behind the other.,SEGMENT OTHER ARRANGE ONE PAST
Each segment is further superficially subdivided into rings or annuli.,SEGMENT RING SUBDIVIDE FURTHER SUPERFICIALLY ANNULI PAST
"A temporary clitellum is formed on segments 9-11, which is meant to produce a cocoon during the breeding season.",WHICH SEASON FORM TEMPORARY CLITELLUM SEGMENT MEAN PRODUCE COCOON BREED PAST
Receptors: On the dorsal side there are five pairs of eyes on the first five segments.,RECEPTORS DORSAL SIDE FIVE PAIR EYE FIRST SEGMENT PRESENT
Each segment bears a number of sensory projections called receptors.,SEGMENT PROJECTION BEAR NUMBER SENSORY PROJECTIONS CALL RECEPTORS PRESENT PAST
Annular receptors are located in each annulus and segmental receptors are located on the first annulus of each segment.,RECEPTOR SEGMENT LOCATE ANNULAR RECEPTORS ANNULUS SEGMENTAL FIRST PAST
Suckers: Leech has two suckers.,SUCKERS LEECH TWO
The sucker located at the anterior end is called anterior sucker or oral sucker which is ventral in position occupying the first five segments.,WHICH SEGMENT CALL SUCKER LOCATE ANTERIOR END ORAL VENTRAL POSITION OCCUPY FIRST FIVE PAST
The posterior sucker is formed by the fusion of the last seven segments.,SUCKER SEGMENT FORM POSTERIOR FUSION LAST SEVEN PAST
"The anterior sucker helps in feeding, while both the suckers help in attachment and locomotion.",SUCKER ATTACHMENT HELP ANTERIOR FEED SUCKERS LOCOMOTION PRESENT
External apertures (i) Mouth: It is located in the middle of anterior sucker. (ii) Anus: Anus is a small aperture that opens on the mid-dorsal side of 26th segment. (iii) Nephridiopores: Nephridia open to the exterior by 17 pairs of nephridiopores.,EXTERNAL APERTURES I MOUTH LOCATE MIDDLE ANTERIOR SUCKER II ANUS SMALL APERTURE OPEN MID DORSAL SIDE SEGMENT III NEPHRIDIOPORES NEPHRIDIA EXTERIOR PAIR PAST PRESENT
"They lie ventrally on the last annulus of each segment from 6 to 22. (iv) Male genital pore: It is a mid-ventral opening, situated between second and third annuli of 10th segment. 0RXWK $QWHULRU VXFNHU VW QHSKULGLRSRUH 0DOHJHQLWDO DSHUWXUH (\HV $QXV $ % 3RVWHULRU VXFNHU )HPDOHJHQLWDO DSHUWXUH 6HJPHQWDO UHFHSWRU RUJDQV 1HSKULGLRSRUHV      Figure 13.1 External morphology of Leech A.",FIGURE A. 0-R-X-W-K LIE VENTRALLY LAST ANNULUS SEGMENT MALE GENITAL PORE MID VENTRAL OPEN SITUATE SECOND THIRD ANNULI QWHULRU VXFNHU QHSKULGLRSRUH DSHUWXUH QXV UHFHSWRU RUJDQV EXTERNAL MORPHOLOGY LEECH PRESENT PAST
Dorsal View B.,DORSAL VIEW
Ventral view 10th_Science Unit-13.indd 188 12/2/2022 6:34:07 PM 189 189 Structural Organisation of Animals (v) Female genital pore: It lies mid-ventrally between second and third annuli of 11th segment. 13.1.3 Divisions of the Body The body of leech is divided into six regions.,BODY REGION DIVIDE VENTRAL VIEW PM STRUCTURAL ORGANISATION ANIMALS FEMALE GENITAL PORE LIE MID VENTRALLY SECOND THIRD ANNULI SEGMENT DIVISIONS LEECH SIX REGIONS PRESENT PAST
"Region Segments Cephalic region 1st - 5th Pre-clitellar region 6th, 7th and 8th Clitellar region 9th, 10th and 11th Middle region 12th - 22nd Caudal region 23rd - 26th Posterior sucker 27th - 33rd 13.1.4 Body wall Body wall of leech includes five layers: (i) cuticle (outermost layer) (ii) epidermis which lies below the cuticle (iii) dermis which lies below the epidermis formed of connective tissue (iv) muscular layer formed of circular and longitudinal muscles (v) botryoidal tissue lies beneath longitudinal muscles and fills the entire coelom around the gut. 13.1.5 Locomotion Locomotion in leech takes place by (i) looping or crawling movement (ii) Swimming movement.",LOCOMOTION MOVEMENT TAKE REGION SEGMENT CEPHALIC PRE CLITELLAR MIDDLE CAUDAL POSTERIOR SUCKER BODY WALL LEECH INCLUDE FIVE LAYER I CUTICLE OUTERMOST II LIE III DERMIS EPIDERMIS FORM CONNECTIVE TISSUE MUSCULAR CIRCULAR LONGITUDINAL MUSCLE V BOTRYOIDAL FILL ENTIRE COELOM GUT PLACE LOOP CRAWL SWIM PRESENT PAST
Activity 1 (i) Observe the external morphology of leech specimen in your biology laboratory. (ii) Can you find leeches in your locality? (iii) In which geographical areas are leeches found more predominantly in India? (i) Looping or Crawling movement This type of movement is brought about by the contraction and relaxation of muscles.,TYPE MUSCLE BRING ACTIVITY I OBSERVE EXTERNAL MORPHOLOGY LEECH SPECIMEN BIOLOGY LABORATORY II FIND LOCALITY III GEOGRAPHICAL AREAS MORE PREDOMINANTLY INDIA LOOP CRAWL MOVEMENT CONTRACTION RELAXATION PAST
The two suckers serve for attachment during movement on a substratum. (ii) Swimming movement Leeches swim very actively and perform undulating movements in water. 13.1.6 Digestive System The digestive system includes the long alimentary canal and the digestive glands.,SYSTEM CANAL INCLUDE TWO SUCKERS SERVE ATTACHMENT MOVEMENT SUBSTRATUM II SWIM LEECH VERY ACTIVELY PERFORM UNDULATE MOVEMENTS WATER DIGESTIVE LONG ALIMENTARY GLANDS PRESENT
Alimentary Canal The alimentary canal of leech is a straight tube running from the mouth to the anus.,ALIMENTARY CANAL LEECH STRAIGHT TUBE RUN MOUTH ANUS
Mouth is a triradiate aperture situated in the middle of the anterior sucker that leads into the small buccal cavity.,MOUTH TRIRADIATE APERTURE SITUATE MIDDLE ANTERIOR SUCKER LEAD SMALL BUCCAL CAVITY PAST PRESENT
The wall of the buccal cavity bears three jaws with single row of minute teeth.,WALL TOOTH BEAR BUCCAL CAVITY THREE JAW SINGLE ROW MINUTE TEETH PRESENT
The jaws are provided with papillae which bear the openings of salivary glands.,WHICH GLAND PROVIDE JAW PAPILLAE BEAR OPENINGS SALIVARY GLANDS PAST PRESENT
Mouth and buccal cavity occupy the first five segments.,MOUTH SEGMENT OCCUPY BUCCAL CAVITY FIRST FIVE PRESENT
The buccal cavity leads into muscular pharynx.,CAVITY PHARYNX LEAD BUCCAL MUSCULAR PRESENT
It is surrounded by salivary glands.,IT GLAND SURROUND SALIVARY GLANDS PAST
The secretion of saliva contains hirudin which prevents the coagulation of blood.,WHICH BLOOD CONTAIN SECRETION SALIVA HIRUDIN PREVENT COAGULATION PRESENT PAST
Pharynx leads into crop through a short and narrow oesophagus.,PHARYNX OESOPHAGUS LEAD CROP SHORT NARROW PRESENT
Crop is the largest portion of the alimentary canal.,CROP LARGEST PORTION ALIMENTARY CANAL
It is divided into a series of 10 chambers.,IT CHAMBER DIVIDE SERIES PAST
The chambers communicate with one another through circular apertures surrounded by sphincters.,CHAMBER SPHINCTER COMMUNICATE ONE CIRCULAR APERTURES SURROUND SPHINCTERS PRESENT PAST
"A pair of lateral, backwardly directed caecae arises as blind outgrowth from each chamber known as caeca or diverticula.",PAIR CAECA ARISE LATERAL BACKWARDLY DIRECT CAECAE BLIND OUTGROWTH CHAMBER KNOW DIVERTICULA PAST PRESENT
Crop and its diverticula can store large amount of blood which can be slowly digested.,WHICH BLOOD STORE CROP DIVERTICULA LARGE AMOUNT SLOWLY DIGEST PAST
The last chamber of crop opens into stomach.,CHAMBER STOMACH OPEN LAST CROP PRESENT
The stomach leads into intestine which is a small straight tube that opens into rectum.,THAT RECTUM LEAD STOMACH INTESTINE SMALL STRAIGHT TUBE OPEN PRESENT
"The rectum opens to the exterior by anus. 10th_Science Unit-13.indd 189 12/2/2022 6:34:08 PM 190 10th Standard Science Food, Feeding and Digestion The leech feeds by sucking the blood of cattle and other domestic animals.",LEECH CATTLE FEE RECTUM OPEN EXTERIOR ANUS PM STANDARD SCIENCE FOOD FEED DIGESTION SUCK BLOOD OTHER DOMESTIC ANIMALS PRESENT
During feeding the leech attaches itself to its victim strongly by the posterior sucker.,FEED LEECH ATTACH VICTIM STRONGLY POSTERIOR SUCKER PRESENT
The leech makes a triradiate or Y shaped incision in the skin of the host by the jaws protruded through the mouth.,INCISION MOUTH MAKE LEECH TRIRADIATE Y SHAPE SKIN HOST JAW PROTRUDE PRESENT PAST
The blood is sucked by muscular pharynx and the salivary secretion is poured.,SECRETION PHARYNX SUCK BLOOD MUSCULAR SALIVARY POUR PAST
The ingested blood is stored in crop chambers and its diverticulum.,BLOOD CHAMBER STORE INGEST CROP DIVERTICULUM PAST
The blood passes from the crop into the stomach.,BLOOD STOMACH PASS CROP PRESENT
Digestion takes place in stomach by the action of proteolytic enzyme.,DIGESTION ENZYME TAKE PLACE STOMACH ACTION PROTEOLYTIC PRESENT
The digested blood is then absorbed slowly by the intestine.,BLOOD INTESTINE ABSORB DIGEST THEN SLOWLY PAST
Undigested food is stored in rectum and egested through anus.,FOOD ANUS STORE UNDIGESTED RECTUM EGEST PAST
Leeches prevent blood clotting by secreting a protein called hirudin.,LEECH PROTEIN PREVENT BLOOD CLOT SECRETE CALL HIRUDIN PRESENT PAST
"They also inject an anaesthetic substance that prevents the host from feeling their bite. -DZ                          6WRPDFK ,QWHVWLQH 5HFWXP $QXV 3KDU\Q[ 2HVRSKDJXV &URSFKDPEHUV &URSGLYHUWLFXOD Figure 13.2 Digestive system of Leech 13.1.7 Respiratory System Respiration takes place through the skin in leech.",SYSTEM LEECH TAKE ALSO INJECT ANAESTHETIC SUBSTANCE PREVENT HOST FEEL BITE QWHVWLQH QXV FIGURE DIGESTIVE RESPIRATORY RESPIRATION PLACE SKIN PRESENT
Dense network of tiny blood vessels called as capillaries containing the haemocoelic fluid extend in between the cells of the epidermis.,DENSE NETWORK TINY BLOOD VESSELS CALL CAPILLARIES CONTAIN HAEMOCOELIC FLUID EXTEND CELLS EPIDERMIS PAST
The exchange of respiratory gases takes place by diffusion.,EXCHANGE DIFFUSION TAKE RESPIRATORY GAS PLACE PRESENT
"Oxygen dissolved in water diffuses through the skin into haemocoelic fluid, while More to Know  Leeches do not have ear, hence can sense vibrations through their skin.  Leeches have 2 to 10 tiny eyes, which helps them to locate their food.  Leeches can suck blood five times more than their body weight.  It may take more than a year for the complete digestion and absorption of a full meal.",IT MEAL TAKE OXYGEN DISSOLVE WATER DIFFUSE SKIN HAEMOCOELIC FLUID MORE KNOW LEECH EAR HENCE SENSE VIBRATIONS TINY EYE HELP LOCATE FOOD SUCK BLOOD FIVE TIME BODY WEIGHT YEAR COMPLETE DIGESTION ABSORPTION FULL PAST PRESENT NOT
"Table 13.1 Segmentation of Leech External and Internal features Segments in which the structures are present Body segments 33 Anterior Sucker, Mouth, Eyes 1st - 5th Posterior sucker 27th - 33rd Pharynx 5th - 8th Crop 9th - 18th Stomach 19th Intestine 10th - 22nd Rectum 23rd - 26th Anus 26th Nephridiopores 6th - 22nd Male genital aperture 10th Female genital aperture 11th 10th_Science Unit-13.indd 190 12/2/2022 6:34:08 PM 191 191 Structural Organisation of Animals carbon dioxide diffuses out.",DIOXIDE ANIMALS FEATURE TABLE SEGMENTATION LEECH EXTERNAL INTERNAL SEGMENT STRUCTURE PRESENT BODY ANTERIOR SUCKER MOUTH EYE POSTERIOR PHARYNX CROP STOMACH INTESTINE RECTUM ANUS NEPHRIDIOPORES MALE GENITAL APERTURE FEMALE PM STRUCTURAL ORGANISATION CARBON DIFFUSE
"The skin is kept moist and slimy due to secretion of mucus which also prevents it from drying. 13.1.8 Circulatory System In leech, circulation is brought about by haemocoelic system.",CIRCULATION SYSTEM BRING SKIN KEEP MOIST SLIMY SECRETION MUCUS ALSO PREVENT DRY CIRCULATORY LEECH HAEMOCOELIC PAST PRESENT
There are no true blood vessels.,TRUE BLOOD VESSELS PRESENT NOT
The blood vessels are replaced by channels called haemocoelic channels or canals filled with blood like fluid.,VESSEL FLUID REPLACE BLOOD VESSELS CHANNEL CALL HAEMOCOELIC CANAL FILL PAST
The coelomic fluid contains haemoglobin.,FLUID HAEMOGLOBIN CONTAIN COELOMIC PRESENT
There are four longitudinal channels.,FOUR LONGITUDINAL CHANNEL PRESENT
"One channel lies above (dorsal) the alimentary canal, one below (ventral) the alimentary canal.",CHANNEL CANAL LIE ONE DORSAL ALIMENTARY VENTRAL PRESENT
The other two channels lie on either (lateral) side of the alimentary canal which serve as heart and have inner valves.,WHICH VALVE LIE OTHER TWO CHANNEL LATERAL SIDE ALIMENTARY CANAL SERVE HEART INNER VALVES PRESENT
All the four channels are connected together posteriorly in the 26th segment. 13.1.9 Nervous System The central nervous system of leech consists of a nerve ring and a paired ventral nerve cord.,SYSTEM RING CONSIST FOUR CHANNEL CONNECT TOGETHER POSTERIORLY SEGMENT NERVOUS CENTRAL LEECH NERVE PAIR VENTRAL CORD PAST PRESENT
"The nerve ring surrounds the pharynx and is formed of suprapharyngeal ganglion (brain), circumpharyngeal connective and subpharyngeal ganglion.",RING GANGLION SURROUND NERVE PHARYNX FORM SUPRAPHARYNGEAL BRAIN CIRCUMPHARYNGEAL CONNECTIVE SUBPHARYNGEAL PRESENT PAST
"The subpharyngeal ganglion lies below the pharynx and is formed by the fusion of four pairs of ganglia. 13.1.10 Excretory System In leech, excretion takes place by segmentally arranged paired tubules called nephridia.",EXCRETION TUBULE TAKE SUBPHARYNGEAL GANGLION LIE PHARYNX FORM FUSION FOUR PAIR GANGLIA EXCRETORY SYSTEM LEECH PLACE SEGMENTALLY ARRANGE TUBULES CALL NEPHRIDIA PRESENT PAST
There are 17 pairs of nephridia which open out by nephridiopores from 6th to 22nd segments. 13.1.11 Reproductive System Leech is hermaphrodite because both the male and female reproductive organs are present in the same animal.,ORGAN ANIMAL BE PAIR NEPHRIDIA OPEN NEPHRIDIOPORES SEGMENT REPRODUCTIVE SYSTEM LEECH HERMAPHRODITE MALE FEMALE ORGANS PRESENT SAME
"Male Reproductive System There are eleven pairs of testes, one pair in each segment from 12 to 22 segments.",MALE REPRODUCTIVE SYSTEM ELEVEN PAIR TESTES ONE SEGMENT PRESENT
They are in the form of spherical sacs called testes sacs.,FORM SPHERICAL SACS CALL TESTES PAST PRESENT
"From each testis arises a short duct called vas efferens, which join with the vas deferens.",WHICH DEFEREN ARISE TESTIS SHORT DUCT CALL VAS EFFERENS JOIN DEFERENS PRESENT PAST
"The vas deferens becomes convoluted to form the epididymis or sperm vesicle, to store spermatozoa.",DEFEREN SPERMATOZOA BECOME VAS DEFERENS CONVOLUTE FORM EPIDIDYMIS SPERM VESICLE STORE PRESENT
The epididymis leads to a short duct called ejaculatory duct.,EPIDIDYMIS DUCT LEAD SHORT CALL EJACULATORY PRESENT PAST
The ejaculatory ducts on both sides join to form the genital atrium.,DUCT ATRIUM JOIN EJACULATORY DUCTS SIDE FORM GENITAL PRESENT
"The atrium consists of two regions, the coiled prostate glands and the penial sac consisting of penis that opens through the male genital pore.",THAT PORE CONSIST ATRIUM TWO REGIONS COIL PROSTATE GLANDS PENIAL SAC PENIS OPEN MALE GENITAL PRESENT PAST
"Female Reproductive System It consists of ovaries, oviducts and vagina.",FEMALE REPRODUCTIVE SYSTEM CONSIST OVARIES OVIDUCTS VAGINA PRESENT
There is a single pair of ovary in the 11th segment on the ventral side.,SINGLE PAIR OVARY SEGMENT VENTRAL SIDE PRESENT
Each ovary is a coiled ribbon-shaped structure.,OVARY COIL RIBBON SHAPE STRUCTURE PAST
The ova are budded off from the ovary.,OVA OVARY BUD PAST
From each ovary runs a short oviduct.,OVARY RUN SHORT OVIDUCT PRESENT
"The oviducts of the two sides joins together, to form a common oviduct.",OVIDUCT JOIN OVIDUCTS TWO SIDE TOGETHER FORM COMMON PRESENT
The common oviduct opens into a pear-shaped vagina which lies mid-ventrally in the posterior part of the 11th segment. %UDLQ 9HQWUDOQHUYH FRUG *DQJOLRQ Figure 13.3 Nervous system of Leech 10th_Science Unit-13.indd 191 12/2/2022 6:34:08 PM 192 10th Standard Science Development (i) Internal fertilization takes place.,FERTILIZATION PLACE TAKE COMMON OVIDUCT OPEN PEAR SHAPE VAGINA LIE MID VENTRALLY POSTERIOR PART SEGMENT UDLQ FRUG DQJOLRQ FIGURE NERVOUS SYSTEM LEECH PM STANDARD SCIENCE DEVELOPMENT I INTERNAL PRESENT PAST
This is followed by cocoon formation.,THIS FORMATION FOLLOW COCOON PAST
"Cocoon is also known as egg case which is formed around the 9th, 10th and 11th segments. (ii) Development is direct and proceeds in cocoon which contain one to 24 embryos. (iii) Young leech resembling the adult emerges.",WHICH EMERGE KNOW COCOON ALSO EGG CASE FORM SEGMENT II DEVELOPMENT DIRECT PROCEED CONTAIN ONE EMBRYOS III YOUNG LEECH RESEMBLE ADULT PAST PRESENT
Eyes 1st nephridum 17th nephridum Anus Atrium Epididymis Ovary Testis sac Vagina Vas deferens Posterior sucker Figure 13.4 Reproductive system of Leech 13.1.12 Parasitic Adaptations of Leech Leeches lead a parasitic mode of life by sucking the blood of vertebrates and show several important adaptations in their structure. 1.,SYSTEM STRUCTURE DEFEREN EYE NEPHRIDUM ANUS ATRIUM EPIDIDYMIS OVARY TESTIS SAC VAGINA VAS DEFERENS POSTERIOR SUCKER FIGURE REPRODUCTIVE LEECH PARASITIC ADAPTATIONS LEAD MODE LIFE SUCK BLOOD VERTEBRATES SHOW SEVERAL IMPORTANT PRESENT
Blood is sucked by pharynx. 2.,BLOOD PHARYNX SUCK PAST
Anterior and posterior ends of the body are provided with suckers by which the animal attaches itself to the body of the host. 3.,ANIMAL HOST PROVIDE ANTERIOR POSTERIOR END BODY SUCKERS ATTACH PAST PRESENT
"The three jaws inside the mouth, causes a painless Y-shaped wound in the skin of the host. 4.",JAW HOST CAUSE THREE MOUTH PAINLESS Y SHAPE WIND SKIN PRESENT PAST
The salivary glands produce hirudin which does not allow the blood to coagulate.,BLOOD HIRUDIN PRODUCE SALIVARY GLANDS ALLOW COAGULATE PRESENT NOT
"Thus, a continuous supply of the blood is maintained. 5.",SUPPLY BLOOD MAINTAIN THUS CONTINUOUS PAST
Parapodia and setae are completely absent 6.,PARAPODIA SETAE COMPLETELY ABSENT
Blood is stored in the crop.,BLOOD CROP STORE PAST
It gives nourishment to the leech for several months.,IT MONTH GIVE NOURISHMENT LEECH SEVERAL MONTHS PRESENT
Due to this reason there is no elaborate secretion of the digestive juices and enzymes.,REASON ELABORATE SECRETION DIGESTIVE JUICES ENZYMES PRESENT NOT
Blood letting is a technique of bleeding in a patient to remove toxic impurities from the body. 13.2 Rabbit (Oryctolagus cuniculus) Taxonomic Position Phylum Chordata Sub-phylum Vertebrata Class Mammalia Order Lagomorpha Genus Oryctolagus Species cuniculus 13.2.1 Habit and Habitat Rabbits are gentle and timid animals.,BLOOD LET TECHNIQUE BLEED PATIENT REMOVE TOXIC IMPURITIES BODY RABBIT ORYCTOLAGUS CUNICULUS TAXONOMIC POSITION PHYLUM CHORDATA SUB VERTEBRATA CLASS MAMMALIA ORDER LAGOMORPHA GENUS SPECIES HABIT HABITAT GENTLE TIMID ANIMALS
They show leaping movement and live in burrows.,THEY BURROW SHOW LEAP MOVEMENT LIVE PRESENT
More to Know Medicinal value of Leech Leeches are effective in increasing blood circulation and breaking up blood clots.,VALUE CLOT KNOW MORE MEDICINAL LEECH EFFECTIVE INCREASE BLOOD CIRCULATION BREAK
It is surprising that they can be used to treat cardiovascular diseases.,SURPRISE USE TREAT CARDIOVASCULAR DISEASES PAST
Biochemical substances derived from leech saliva are used for preparation of pharmaceutical drugs that can treat hypertension. 10th_Science Unit-13.indd 192 12/2/2022 6:34:08 PM 193 193 Structural Organisation of Animals They are distributed throughout the world.,THEY WORLD DISTRIBUTE BIOCHEMICAL SUBSTANCES DERIVE LEECH SALIVA USE PREPARATION PHARMACEUTICAL DRUG TREAT HYPERTENSION PM STRUCTURAL ORGANISATION ANIMALS PAST
"They are herbivorous animals feeding on grass and vegetables like turnips, carrots and lettuce.",HERBIVOROUS ANIMALS FEED GRASS VEGETABLES TURNIPS CARROTS LETTUCE
"Rabbits are gregarious (moving in groups) animals The pygmy rabbit was listed as a threatened species in Washington in 1990, because of decline in its population size and distribution due to habitat loss.",RABBIT GREGARIOUS MOVE GROUP ANIMALS PYGMY LIST THREATEN SPECIES WASHINGTON DECLINE POPULATION SIZE DISTRIBUTION HABITAT LOSS PAST
"In March 2003, the Columbia Basin Pygmy Rabbit was federally listed as an endangered species. 13.2.2 External Morphology Ear Neck Trunk Thigh Tail Foot Digits Upper arm Fore arm Mouth Eye Figure 13.5 Rabbit- External features Shape, Size and Colouration: It has an elongated and cylindrical body.",IT BODY HAVE MARCH COLUMBIA BASIN PYGMY RABBIT FEDERALLY LIST ENDANGER SPECIES EXTERNAL MORPHOLOGY EAR NECK TRUNK THIGH TAIL FOOT DIGITS UPPER ARM FORE MOUTH EYE FIGURE FEATURE SHAPE SIZE COLOURATION ELONGATE CYLINDRICAL PAST PRESENT
Males and females are of the same size.,MALES FEMALES SAME SIZE
They grow about 45 cm in length and weigh about 2.25 kg as adult.,THEY ADULT GROW CM LENGTH WEIGH KG PRESENT
The colour varies from white to black and white.,COLOUR BLACK VARY WHITE PRESENT
Body is covered with fur which serves to keep it warm.,WHICH IT COVER BODY FUR SERVE KEEP WARM PAST PRESENT
"Body-division: The body of the rabbit is divisible into the head, neck, trunk and tail.",BODY DIVISION RABBIT DIVISIBLE HEAD NECK TRUNK TAIL
"Head: Head is ovoid, flattened and bears a truncate snout.",HEAD OVOID FLATTEN BEAR TRUNCATE SNOUT PAST PRESENT
"It contains mouth, external nares, eyes, ears and vibrissae.",IT MOUTH CONTAIN EXTERNAL NARES EYE EARS VIBRISSAE PRESENT
The mouth is a transverse slit-like bounded by upper lip and lower lip.,MOUTH TRANSVERSE SLIT LIKE BOUND UPPER LIP LOWER PAST
Just above the mouth are two oblique openings called nostrils.,JUST MOUTH TWO OBLIQUE OPENINGS CALL NOSTRILS PAST
From each side of the upper lip tactile hairs or vibrissae (whiskers) project outwards.,SIDE UPPER LIP HAIRS VIBRISSAE WHISKER PROJECT OUTWARDS
"A pair of large, movable external ear or pinnae is situated at the top of the head.",PAIR HEAD SITUATE LARGE MOVABLE EXTERNAL EAR PINNAE TOP PAST
Neck: The neck connects the head with the trunk.,NECK CONNECT HEAD TRUNK PRESENT
It helps to turn the head.,IT HEAD HELP TURN PRESENT
Trunk: The trunk is divisible into an anterior thorax and a posterior abdomen.,TRUNK DIVISIBLE ANTERIOR THORAX POSTERIOR ABDOMEN
"In females, four or five teats or nipples are present on the ventral surface between the thorax and abdomen.",FEMALES FOUR FIVE TEATS NIPPLES PRESENT VENTRAL SURFACE THORAX ABDOMEN
The trunk bears two pairs of pentadactyl limbs.,TRUNK LIMB BEAR TWO PAIR PENTADACTYL LIMBS PRESENT
The forelimbs are shorter than the hind limbs.,FORELIMBS SHORTER HIND LIMBS
All the digits bear claws.,DIGIT CLAW BEAR DIGITS PRESENT
The anus is present at the posterior end of the abdomen at the base of tail.,ANUS PRESENT POSTERIOR END ABDOMEN BASE TAIL
In females on the ventral side a slit like vulva is present.,FEMALES VENTRAL SIDE SLIT VULVA PRESENT
In males penis is present in the ventral side of anus.,MALES PENIS PRESENT VENTRAL SIDE ANUS
The male has a pair of testes enclosed by scrotal sacs.,MALE SAC HAVE PAIR TESTES ENCLOSE SCROTAL SACS PRESENT PAST
Tail: The tail is short.,TAIL SHORT
It is used to give signals to other rabbits in the event of danger.,IT DANGER USE GIVE SIGNAL OTHER RABBIT EVENT PAST
Integument (Skin): The integument forms the outer covering of the body.,INTEGUMENT BODY FORM SKIN OUTER COVER PRESENT
"The structures which are derived from it are hairs, claws, nails and glands like sweat glands, sebaceous glands and mammary glands.",STRUCTURE DERIVE HAIRS CLAW NAIL GLANDS SWEAT SEBACEOUS MAMMARY PAST
Mammary glands are modified glands of the skin.,MAMMARY GLANDS MODIFY SKIN PAST
They secrete milk and help in nourishing young ones.,THEY ONE SECRETE MILK HELP NOURISH YOUNG ONES PRESENT
The sweat glands and sebaceous glands embedded in the skin regulate the body temperature. 13.2.3 Coelom (Body cavity) Rabbit is a coelomate animal.,RABBIT TEMPERATURE REGULATE SWEAT GLANDS SEBACEOUS EMBED SKIN BODY COELOM CAVITY COELOMATE ANIMAL PAST PRESENT
The body is divisible into thoracic cavity and abdominal cavity separated by transverse partition called diaphragm.,BODY DIVISIBLE THORACIC CAVITY ABDOMINAL SEPARATE TRANSVERSE PARTITION CALL DIAPHRAGM PAST
Diaphragm is the characteristic feature of mammals.,DIAPHRAGM CHARACTERISTIC FEATURE MAMMALS
Breathing movements are brought by the movement of the diaphragm.,MOVEMENT DIAPHRAGM BRING BREATHE MOVEMENTS PAST
"Lungs and heart lie in the thoracic cavity, whereas, abdominal cavity encloses digestive and urinogenital system. 10th_Science Unit-13.indd 193 12/2/2022 6:34:09 PM 194 10th Standard Science 13.2.4 Digestive System The digestive system includes the alimentary canal and the associated digestive glands.",SYSTEM CANAL INCLUDE LUNGS HEART LIE THORACIC CAVITY WHEREAS ABDOMINAL ENCLOSE DIGESTIVE URINOGENITAL PM STANDARD SCIENCE ALIMENTARY ASSOCIATE GLANDS PRESENT PAST
"The alimentary canal consists of mouth, buccal cavity, pharynx, oesophagus, stomach, small intestine, caecum, large intestine and anus.",CANAL MOUTH CONSIST ALIMENTARY BUCCAL CAVITY PHARYNX OESOPHAGUS STOMACH SMALL INTESTINE CAECUM LARGE ANUS PRESENT
Mouth is a transverse slit bounded by upper and lower lips.,MOUTH TRANSVERSE SLIT BOUND UPPER LOWER LIPS PAST
It leads into the buccal cavity.,IT CAVITY LEAD BUCCAL PRESENT
The floor of the buccal cavity is occupied by a muscular tongue.,FLOOR TONGUE OCCUPY BUCCAL CAVITY MUSCULAR PAST
Jaws bear teeth.,JAW BEAR TEETH
The buccal cavity leads into the oesophagus through the pharynx.,CAVITY PHARYNX LEAD BUCCAL OESOPHAGUS PRESENT
Oesophagus opens into the stomach followed by small intestine.,OESOPHAGUS INTESTINE OPEN STOMACH FOLLOW SMALL PRESENT PAST
Caecum is a thin walled sac present at the junction of small intestine and large intestine.,CAECUM THIN WALL SAC PRESENT JUNCTION SMALL INTESTINE LARGE
It contains bacteria that helps in digestion of cellulose.,THAT CELLULOSE CONTAIN BACTERIA HELP DIGESTION PRESENT
The small intestine opens into the large intestine which has colon and rectum.,WHICH COLON OPEN SMALL INTESTINE LARGE RECTUM PRESENT
The rectum finally opens outside by the anus.,RECTUM ANUS OPEN FINALLY OUTSIDE PRESENT
"Digestive glands The digestive glands are salivary glands, gastric glands, liver, pancreas and intestinal glands.",DIGESTIVE GLANDS SALIVARY GASTRIC LIVER PANCREAS INTESTINAL
The secretions of digestive glands help in digestion of food in the alimentary canal.,SECRETIONS DIGESTIVE GLANDS HELP DIGESTION FOOD ALIMENTARY CANAL
"Dentition in Rabbit Teeth are hard bone-like structures used to cut, tear and grind the food materials.",DENTITION RABBIT TEETH HARD BONE LIKE STRUCTURE USE CUT TEAR GRIND FOOD MATERIALS PAST
The rabbit has two sets of teeth.,RABBIT TOOTH HAVE TWO SET TEETH PRESENT
The existence of two sets of teeth in the life of an animal is called diphyodont dentition.,EXISTENCE ANIMAL CALL TWO SET TEETH LIFE DIPHYODONT DENTITION PAST
The two types of teeth are milk teeth (young ones) and permanent teeth (in adults).,TWO TYPE TEETH MILK YOUNG ONES PERMANENT ADULTS
In rabbit the teeth are of different types.,RABBIT TEETH DIFFERENT TYPE
"Hence, the dentition is called heterodont.",HENCE DENTITION CALL HETERODONT PAST
"There are four kinds of teeth in mammals viz. the incisors (I), canines (C), premolars (PM) and molars (M).",FOUR KINDS TEETH MAMMALS VIZ INCISORS I CANINES C PREMOLARS PM MOLARS M PRESENT
This is expressed in the form of a dental formula.,THIS FORMULA EXPRESS FORM DENTAL PAST
Diastema Diastema Incisors Upper Jaw Lower Jaw Premolars Molars Figure 13.7 Dentition of Rabbit (Arrangement of teeth in jaws) Dental formula is the simple method of representing the teeth of a mammal.,DIASTEMA INCISORS UPPER JAW LOWER PREMOLARS MOLARS FIGURE DENTITION RABBIT ARRANGEMENT TEETH DENTAL FORMULA SIMPLE METHOD REPRESENT MAMMAL
The number of each kind of tooth in the upper and the lower jaws on one side is counted.,JAW SIDE COUNT NUMBER KIND TOOTH UPPER LOWER ONE PAST
"Dental formula is (I 2 1, C 0 0, PM. 3 2, M 3 3.) in rabbit which is written as 2033 1023.",DENTAL FORMULA C PM M RABBIT WRITE PAST
Canines are absent.,CANINES ABSENT
The gap between the incisors and premolar is called diastema.,GAP INCISOR CALL INCISORS PREMOLAR DIASTEMA PAST
"It helps in mastication and chewing of food in herbivorous animals. 13.2.5 Respiratory System Respiration takes place by a pair of lungs, which are light spongy tissues enclosed in the thoracic cavity.",WHICH CAVITY TAKE HELP MASTICATION CHEW FOOD HERBIVOROUS ANIMALS RESPIRATORY SYSTEM RESPIRATION PLACE PAIR LUNGS LIGHT SPONGY TISSUE ENCLOSE THORACIC PRESENT PAST
"The thoracic cavity is bound dorsally by the vertebral column and ventrally by the sternum, laterally by the ribs.",CAVITY RIB BIND THORACIC DORSALLY VERTEBRAL COLUMN VENTRALLY STERNUM LATERALLY PAST
On the lower side of the thoracic cavity is the dome shaped diaphragm.,LOWER SIDE THORACIC CAVITY DOME SHAPE DIAPHRAGM PAST
Small interstine Caecum Oesophagus Stomach Liver Colon Rectum Anus Pancreas Gall bladder 195 195 Structural Organisation of Animals Larynx Trachea Bronchi Left anterior lobe Lobules Left posterior lobe Right posterior lobe Right anterior lobe Fig. 13.8 Lungs of Rabbit Each lung is enclosed by a double membranous pleura.,LUNGS PLEURA ENCLOSE SMALL INTERSTINE CAECUM OESOPHAGUS STOMACH LIVER COLON RECTUM ANUS PANCREAS GALL BLADDER STRUCTURAL ORGANISATION ANIMALS LARYNX TRACHEA BRONCHI LEAVE ANTERIOR LOBE LOBULES POSTERIOR RIGHT FIG RABBIT LUNG DOUBLE MEMBRANOUS PAST
Atmospheric air passes through the external nostril and nasal passages into the pharynx.,AIR PHARYNX PASS ATMOSPHERIC EXTERNAL NOSTRIL NASAL PASSAGES PRESENT
From the pharynx it passes through the glottis into the wind pipe.,IT PIPE PASS PHARYNX GLOTTIS WIND PRESENT
The anterior part of the wind pipe is enlarged to form the larynx or voice box with its wall supported by four cartilaginous plates.,PART PLATE ENLARGE ANTERIOR WIND PIPE FORM LARYNX VOICE BOX WALL SUPPORT FOUR CARTILAGINOUS PLAT PAST
Inside the larynx lies the vocal cord and its vibrations result in the production of sound.,CORD SOUND LIE LARYNX VOCAL VIBRATIONS RESULT PRODUCTION PRESENT
The larynx leads into trachea or wind pipe.,LARYNX TRACHEA LEAD WIND PIPE PRESENT
Tracheal walls are supported by rings of cartilage which help in the free passage of air.,WHICH AIR SUPPORT TRACHEAL WALL RING CARTILAGE HELP FREE PASSAGE PAST PRESENT
The epiglottis prevents the entry of food into the trachea through the glottis.,EPIGLOTTIS GLOTTIS PREVENT ENTRY FOOD TRACHEA PRESENT
The trachea divides into two branches called the bronchi one entering into each lung and dividing into further branches called bronchioles which end in alveoli.,WHICH ALVEOLUS DIVIDE TRACHEA TWO BRANCH CALL BRONCHI ONE ENTER LUNG FURTHER BRONCHIOLES END ALVEOLI PRESENT PAST
The respiratory events consist of inspiration (breathing in) and expiration (breathing out) allowing exchange of gases (oxygen and carbon dioxide).,EVENT GAS CONSIST RESPIRATORY EVENTS INSPIRATION BREATHE EXPIRATION ALLOW EXCHANGE OXYGEN CARBON DIOXIDE PRESENT
"Inspiration is an active process while expiration is a passive process. 13.2.6 Circulatory System The circulatory system is formed of blood, blood vessels and heart.",SYSTEM BLOOD FORM INSPIRATION ACTIVE PROCESS EXPIRATION PASSIVE CIRCULATORY VESSELS HEART PAST
The heart is pear shaped and lies in the thoracic cavity in between the lungs.,HEART LUNG PEAR SHAPE LIE THORACIC CAVITY LUNGS PAST PRESENT
"It is enclosed by pericardium, a double layered membrane. 3UHFDYDOVYHLQV /HIWDXULFOH 5LJKWDXULFOH 5LJKWYHQWULFOH  /HIWYHQWULFOH 'RUVDODRUWD 3RVWDFYDOYHLQV  /HIWYH 6\VWHPLFDUFK SXOPRQDU\DUWHU\ Fig. 13.9 Heart of Rabbit - Ventral View The heart is four chambered with two auricles and two ventricles.",HEART AURICLE ENCLOSE PERICARDIUM DOUBLE LAYER MEMBRANE FIG RABBIT VENTRAL VIEW FOUR CHAMBER TWO AURICLES VENTRICLES PAST
"The right and left auricles are separated by interauricular septum, similarly right and left ventricles are separated by interventricular septum.",VENTRICLE SEPTUM SEPARATE RIGHT LEAVE AURICLES INTERAURICULAR SIMILARLY VENTRICLES INTERVENTRICULAR PAST
"The right auricle opens into the right ventricle by right auriculoventricular aperture, guarded by a tricuspid valve.",AURICLE VALVE OPEN RIGHT VENTRICLE AURICULOVENTRICULAR APERTURE GUARD TRICUSPID PRESENT PAST
The left auricle opens into the left ventricle by left auriculoventricular aperture guarded by a bicuspid valve or mitral valve.,AURICLE VALVE OPEN LEAVE VENTRICLE AURICULOVENTRICULAR APERTURE GUARD BICUSPID MITRAL PRESENT PAST
The opening of the pulmonary artery and aorta are guarded by three semilunar valves.,OPEN VALVE GUARD PULMONARY ARTERY AORTA THREE SEMILUNAR VALVES PAST
The right auricle receives deoxygenated blood through two precaval (superior vena cava) and one postcaval (inferior vena cava) veins from all parts of the body.,AURICLE BODY RECEIVE RIGHT DEOXYGENATE BLOOD TWO PRECAVAL SUPERIOR VENA CAVA ONE POSTCAVAL INFERIOR VEIN PART PRESENT PAST
The left auricle receives oxygenated blood from the pulmonary veins from the lungs.,AURICLE LUNG RECEIVE LEAVE OXYGENATE BLOOD PULMONARY VEIN LUNGS PRESENT PAST
"From the right ventricle arises pulmonary trunk which carries the deoxygenated blood to the lungs and from the left ventricle arises the systemic arch (aorta) which supplies oxygenated blood to all parts of the body. 13.2.7 Nervous System The nervous system in rabbit is formed of the central nervous system (CNS), peripheral nervous system (PNS) and autonomic nervous system (ANS).",SYSTEM ARISE RIGHT VENTRICLE PULMONARY TRUNK CARRY DEOXYGENATE BLOOD LUNGS LEAVE SYSTEMIC ARCH AORTA SUPPLY OXYGENATE PART BODY NERVOUS RABBIT FORM CENTRAL CNS PERIPHERAL PNS AUTONOMIC ANS PRESENT PAST
CNS consists of brain and spinal cord.,CNS BRAIN CONSIST SPINAL CORD PRESENT
PNS is formed of 12 pairs of cranial nerves and 37 pairs of spinal nerves.,PNS NERVE FORM PAIR CRANIAL SPINAL PAST
"ANS comprises sympathetic and parasympathetic nerves. 10th_Science Unit-13.indd 195 12/2/2022 6:34:10 PM 196 10th Standard Science Brain is situated in the cranial cavity and covered by three membranes called an outer duramater, an inner piamater and a middle arachnoid membrane.",unit-13.indd MEMBRANE SITUATE ANS COMPRISE SYMPATHETIC PARASYMPATHETIC NERVE PM STANDARD SCIENCE BRAIN CRANIAL CAVITY COVER THREE MEMBRANES CALL OUTER DURAMATER INNER PIAMATER MIDDLE ARACHNOID PRESENT PAST
"The brain is divided into forebrain (prosencephalon), midbrain (mesencephalon) and hindbrain (rhombencephalon).",BRAIN FOREBRAIN DIVIDE PROSENCEPHALON MIDBRAIN MESENCEPHALON HINDBRAIN RHOMBENCEPHALON PAST
"Forebrain consists of a pair of olfactory lobes, cerebral hemispheres and diencephalon.",FOREBRAIN LOBE CONSIST PAIR OLFACTORY LOB CEREBRAL HEMISPHERES DIENCEPHALON PRESENT
The right and left cerebral hemispheres are connected by transverse band of nerve tissue called corpus callosum.,HEMISPHERE TISSUE CONNECT RIGHT LEAVE CEREBRAL HEMISPHERES TRANSVERSE BAND NERVE CALL CORPUS CALLOSUM PAST
Fig. 13.10 Brain of Rabbit (Dorsal view) 2OIDFWRU\OREH &HUHEUDOKHPLVSKHUH 2SWLFOREHV 'LHQFHSKDORP &HUHEHOOXP 0HGXOOD2EORQJDWD The midbrain includes the optic lobes.,MIDBRAIN LOBE INCLUDE FIG BRAIN RABBIT DORSAL VIEW LHQFHSKDORP HUHEHOOXP OPTIC LOB PRESENT
"The hindbrain consists of the cerebellum, pons varolii and medulla oblongata.",PON CEREBELLUM CONSIST HINDBRAIN PONS VAROLII MEDULLA OBLONGATA PRESENT
You will study about the details of mammalian brain in the chapter on nervous system. 13.2.8 Urinogenital System It comprises the urinary or excretory system and the genital or reproductive system.,IT SYSTEM COMPRISE STUDY DETAIL MAMMALIAN BRAIN CHAPTER NERVOUS URINOGENITAL URINARY EXCRETORY GENITAL REPRODUCTIVE PRESENT
"Therefore, they are usually described as urinogenital system in vertebrates.",THEY VERTEBRATE DESCRIBE THEREFORE USUALLY URINOGENITAL SYSTEM VERTEBRATES HABITUAL PAST
Excretory system Each kidney is made of several nephrons.,KIDNEY NEPHRON MAKE EXCRETORY SYSTEM SEVERAL NEPHRONS PAST
It separates the nitrogenous wastes from blood and excretes it in the form of urea.,IT UREA SEPARATE NITROGENOUS WASTE BLOOD EXCRETE FORM PRESENT
"Kidneys are dark red, bean shaped organs situated in the abdominal cavity.",KIDNEYS DARK RED BEAN SHAPE ORGANS SITUATE ABDOMINAL CAVITY PAST
From each kidney arises the ureters which open posteriorly into the urinary bladder and leads into a thick walled muscular duct called urethra.,WHICH DUCT ARISE KIDNEY URETERS OPEN POSTERIORLY URINARY BLADDER LEAD THICK WALL MUSCULAR CALL URETHRA PRESENT PAST
Reproductive System Sexual dimorphism is exhibited in rabbits.,DIMORPHISM RABBIT EXHIBIT REPRODUCTIVE SYSTEM SEXUAL PAST
The male and female sexes are separate and are morphologically different.,MALE FEMALE SEX SEPARATE MORPHOLOGICALLY DIFFERENT
Male Reproductive system The male reproductive system of rabbit consists of a pair of testes which are ovoid in shape.,WHICH SHAPE CONSIST MALE REPRODUCTIVE SYSTEM RABBIT PAIR TESTES OVOID PRESENT
Testes are enclosed by scrotal sacs in the abdominal cavity.,TESTIS CAVITY ENCLOSE TESTES SCROTAL SACS ABDOMINAL PAST
Each testis consists of numerous fine tubules called seminiferous tubules.,TESTIS TUBULE CONSIST NUMEROUS FINE TUBULES CALL SEMINIFEROUS PRESENT PAST
"This network of tubules lead into a coiled tubule called epididymis, which lead into the sperm duct called vas deferens.",WHICH DUCT LEAD NETWORK TUBULES COIL TUBULE CALL EPIDIDYMIS SPERM VAS DEFERENS PRESENT PAST
The vas deferens join in the urethra just below the urinary bladder.,DEFEREN BLADDER JOIN VAS DEFERENS URETHRA JUST URINARY PRESENT
The urethra runs backward and passes into the penis.,URETHRA PENIS RUN BACKWARD PASS PRESENT
"There are three accessory glands namely prostate gland, cowper’s gland and perineal gland.",THREE ACCESSORY GLANDS NAMELY PROSTATE GLAND COWPER PERINEAL PRESENT
Their secretions are involved in reproduction. 5LJKWNLGQH\ /HIWNLGQH\ 8UHWHU 9DVGHIHUHQV 8UHWKUD (SLGLG\PLV 7HVWLV 6FURWDOVDF 8ULQDU\EODGGHU 3URVWDWHJODQGV &RZSHU¶VJODQGV 3HULQHDOJODQGV Fig. 13.11 Male reproductive system of Rabbit Female reproductive system The female reproductive system of rabbit consists of a pair of ovaries which are small 10th_Science Unit-13.indd 196 12/2/2022 6:34:11 PM 197 197 Structural Organisation of Animals ovoid structures.,WHICH ANIMALS CONSIST SECRETIONS INVOLVE REPRODUCTION FIG MALE REPRODUCTIVE SYSTEM RABBIT FEMALE PAIR OVARIES SMALL PM STRUCTURAL ORGANISATION OVOID STRUCTURE PAST PRESENT
They are located behind the kidneys in the abdominal cavity.,THEY CAVITY LOCATE KIDNEYS ABDOMINAL PAST
A pair of oviducts opens into the body cavity by a funnel shaped opening from each side of the ovary.,PAIR OVARY OPEN OVIDUCTS BODY CAVITY FUNNEL SHAPE SIDE PRESENT PAST
The anterior part of the oviduct is the fallopian tube.,ANTERIOR PART OVIDUCT FALLOPIAN TUBE
It leads into a wider tube called the uterus.,IT TUBE LEAD WIDER CALL UTERUS PRESENT PAST
The uterus join together to form a median tube called vagina.,UTERUS TUBE JOIN TOGETHER FORM MEDIAN CALL VAGINA PRESENT PAST
The common tube is formed by the union of urinary bladder and the vagina and is called the urinogenital canal or vestibule.,TUBE BLADDER FORM COMMON UNION URINARY VAGINA CALL URINOGENITAL CANAL VESTIBULE PAST
It runs backwards and opens to the exterior by a slit- like aperture called vulva.,IT APERTURE RUN BACKWARDS OPEN EXTERIOR CALL VULVA PRESENT PAST
A pair of Cowper’s gland and perineal gland are the accessory glands present in the female reproductive system.,PAIR COWPER GLAND PERINEAL ACCESSORY GLANDS PRESENT FEMALE REPRODUCTIVE SYSTEM
Points to Remember  Leech is metamerically segmented and has 33 segments.  It has two suckers which are used to attach to the body of the host.,WHICH HOST HAVE POINT REMEMBER LEECH METAMERICALLY SEGMENT TWO SUCKERS USE ATTACH BODY PAST PRESENT
It is also involved in locomotion.  The salivary glands of leech produce an anticoagulating substance called hirudin.  Leech is a hermaphrodite.  Rabbits are warm blooded vertebrates.  Canine teeth are absent in rabbit.  Respiration takes place through a pair of lungs in rabbit.  The heart is four chambered consisting of two auricles and two ventricles.  Urinogenital system comprises the urinary (or) excretory system and the genital (or) reproductive system.  Mammary glands are modified glands of the skin and help in nourishing the young ones.,GLAND ONE COMPRISE ALSO INVOLVE LOCOMOTION SALIVARY GLANDS LEECH PRODUCE ANTICOAGULATING SUBSTANCE CALL HIRUDIN HERMAPHRODITE RABBIT WARM BLOOD VERTEBRATES CANINE TEETH ABSENT RESPIRATION TAKE PLACE PAIR LUNGS HEART FOUR CHAMBER CONSIST TWO AURICLES VENTRICLES URINOGENITAL SYSTEM URINARY EXCRETORY GENITAL REPRODUCTIVE MAMMARY MODIFY SKIN HELP NOURISH YOUNG ONES PAST PRESENT
Kidney Ureter Vagina Urethra Perineal gland Urinary bladder Uterus Fallopian tube Ovary Fig. 13.12 Female reproductive system of Rabbit I.,KIDNEY URETER VAGINA URETHRA PERINEAL GLAND URINARY BLADDER UTERUS FALLOPIAN TUBE OVARY FIG FEMALE REPRODUCTIVE SYSTEM RABBIT
Choose the correct answer 1.,CHOOSE CORRECT ANSWER
In leech locomotion is performed by a) Anterior sucker b) Parapodia c) Setae d) Contraction and relaxation of muscles 2.,LEECH LOCOMOTION PERFORM ANTERIOR SUCKER PARAPODIA SETAE D CONTRACTION RELAXATION MUSCLE PAST
The segments of leech are known as a) Metameres (somites) b) Proglottids c) Strobila d) All the above 3.,SEGMENT METAMERES KNOW LEECH SOMITES PROGLOTTIDS STROBILA ABOVE PAST
Pharyngeal ganglion in leech is a part of a) Excretory system b) Nervous system c) Reproductive system d) Respiratory system TEXTBOOK EVALUATION 4.,PHARYNGEAL GANGLION LEECH PART EXCRETORY SYSTEM NERVOUS C REPRODUCTIVE RESPIRATORY TEXTBOOK EVALUATION
The brain of leech lies above the a) Mouth b) Buccal Cavity c) Pharynx d) Crop 5.,BRAIN ) LIE LEECH MOUTH B BUCCAL CAVITY C PHARYNX D CROP PRESENT
The body of leech has a) 23 segments b) 33 segments c) 38 segments d) 30 segments 6.,BODY SEGMENT HAVE LEECH PRESENT
Mammals are ______________ animals. a) Cold blooded b) Warm blooded c) Poikilothermic d) All the above 10th_Science Unit-13.indd 197 12/2/2022 6:34:11 PM 198 10th Standard Science II.,MAMMALS ANIMALS COLD BLOOD WARM C POIKILOTHERMIC ABOVE PM STANDARD SCIENCE II
Fill in the blanks 1.,FILL BLANK
The posterior sucker is formed by the fusion of the ___________ segments. 2.,SUCKER SEGMENT FORM POSTERIOR FUSION PAST
The existence of two sets of teeth in the life of an animal is called ______ dentition. 3.,EXISTENCE ANIMAL CALL TWO SET TEETH LIFE DENTITION PAST
The anterior end of leech has a lobe-like structure called _____________. 4.,END _ HAVE ANTERIOR LEECH LOBE LIKE STRUCTURE CALL PRESENT PAST
The blood sucking habit of leech is known as _________. 5. ___________ separate nitrogenous waste from the blood in rabbit. 6. _____________ spinal nerves are present in rabbit.,NERVE RABBIT KNOW BLOOD SUCK HABIT LEECH SEPARATE NITROGENOUS WASTE SPINAL PRESENT PAST
III.,III
Identify whether the statements are True or False.,IDENTIFY STATEMENTS TRUE FALSE
Correct the false statement 1.,CORRECT FALSE STATEMENT
An anticoagulant present in saliva of leech is called heparin. 2.,PRESENT LEECH CALL ANTICOAGULANT SALIVA HEPARIN PAST
The vas deferens serves to transport the ovum. 3.,VAS OVUM DEFEREN DEFERENS SERVE TRANSPORT PRESENT
Diastema is a gap between premolar and molar teeth in rabbit. 4.,DIASTEMA GAP PREMOLAR MOLAR TEETH RABBIT
The cerebral hemispheres of rabbit are connected by band of nerve tissue called corpora quadrigemina.,HEMISPHERE TISSUE CONNECT CEREBRAL HEMISPHERES RABBIT BAND NERVE CALL CORPORA QUADRIGEMINA PAST
IV.,IV
"Match columns I, II and III correctly Organs Membranous Covering Location Brain pleura abdominal cavity Kidney capsule mediastinum Heart meninges enclosed in thoracic cavity Lungs pericardium cranial cavity V.",MATCH COLUMNS I II III CORRECTLY ORGANS MEMBRANOUS COVER LOCATION BRAIN PLEURA ABDOMINAL CAVITY KIDNEY CAPSULE MEDIASTINUM HEART MENINGES ENCLOSE THORACIC LUNGS PERICARDIUM CRANIAL PRESENT PAST
Answer in a sentence 1.,ANSWER SENTENCE
Give the common name of the Hirudinaria granulosa. 2.,GIVE COMMON NAME HIRUDINARIA GRANULOSA
How does leech respire? 3.,LEECH RESPIRE
Write the dental formula of rabbit. 4.,WRITE DENTAL FORMULA RABBIT
How many pairs of testes are present in leech? 5.,MANY PAIR TESTES PRESENT LEECH
How is diastema formed in rabbit? 6.,DIASTEMA FORM RABBIT PAST
What organs are attached to the two bronchi? 7.,ORGAN TWO ATTACH ORGANS BRONCHI PAST
Which organ acts as suction pump in leech? 8.,ORGAN LEECH ACT SUCTION PUMP PRESENT
What does CNS stand for? 9.,CNS WHAT STAND
Why is the teeth of rabbit called heterodont? 10.,TEETH RABBIT CALL HETERODONT PAST
How does leech suck blood from the host?,LEECH HOST SUCK BLOOD HOW
VI.,VI
Short answer questions 1.,SHORT ANSWER QUESTION PRESENT
Why are the rings of cartilages found in trachea of rabbit? 2.,RING CARTILAGES FIND TRACHEA RABBIT PAST
List out the parasitic adaptations in leech.,LIST PARASITIC ADAPTATIONS LEECH
VII.,VII
Long answer questions 1.,LONG ANSWER QUESTION
How is the circulatory system designed in leech to compensate the heart structure ? 2.,CIRCULATORY SYSTEM DESIGN LEECH COMPENSATE HEART STRUCTURE PAST
How does locomotion take place in leech? 3.,LOCOMOTION LEECH TAKE PLACE
Explain the male reproductive system of rabbit with a labelled diagram.,EXPLAIN MALE REPRODUCTIVE SYSTEM RABBIT LABEL DIAGRAM PAST
VIII.,VIII
Higher Order Thinking Skills (HOTS) 1.,HIGHER ORDER THINK SKILLS HOTS
Arjun is studying in tenth standard.,ARJUN STANDARD STUDY TENTH
He was down with fever and went to meet the doctor.,DOWN FEVER GO MEET DOCTOR PAST
As he went to the clinic he saw a patient undergoing treatment for severe leech bite.,PATIENT BITE SEE GO CLINIC SAW UNDERGO TREATMENT SEVERE LEECH PAST
"Being curious, Arjun asked the doctor why leech bite was not felt as soon as it attaches to the skin ?",IT SKIN ASK CURIOUS ARJUN DOCTOR LEECH BITE FELT AS SOON ATTACH PAST FUTURE PRESENT NOT WHY
What would have been the reply given by the doctor? 2.,REPLY GIVE DOCTOR PAST
Shylesh has some pet animals at his home.,SHYLESH HOME HAVE PET ANIMALS PRESENT
"He has few rabbits too, one day while feeding them he observed something different with the teeth.",HE TOOTH OBSERVE FEW RABBIT TOO ONE DAY FEED DIFFERENT TEETH PRESENT PAST
"He asked his grandfather, why is it so?",IT GRANDFATHER ASK MALE GRANDPARENT PAST WHY
What would have been the explanation of his grandfather?,EXPLANATION MALE GRANDPARENT WHAT
IX.,IX
Value based questions 1.,VALUE BASE QUESTION PAST
Leeches do not have an elaborate secretion of digestive juices and enzymes -Why ? 2.,LEECH JUICE HAVE ELABORATE SECRETION DIGESTIVE JUICES ENZYMES NOT
How is the digestive system of rabbit suited for herbivorous mode of feeding? 10th_Science Unit-13.indd 198 12/2/2022 6:34:11 PM 199 199 Structural Organisation of Animals REFERENCE BOOKS 1.,DIGESTIVE SYSTEM RABBIT SUIT HERBIVOROUS MODE FEED PM STRUCTURAL ORGANISATION ANIMALS REFERENCE BOOK PAST
"Kotpal R.L, 2014 Modern Text Book of Zoology -Invertebrates,Rastogi Publications, Meerut. 2.",KOTPAL MODERN TEXT BOOK ZOOLOGY RASTOGI PUBLICATIONS MEERUT
Ekambaranatha Ayyar M and Anantha krishnan T.,EKAMBARANATHA AYYAR M ANANTHA KRISHNAN
"Manual of Zoology, Vol I, Part I & II (Invertebrates), S.",MANUAL ZOOLOGY VOL I PART II INVERTEBRATES
Viswanathan Printers and Publishers Pvt Ltd. 3.,VISWANATHAN PRINTERS PUBLISHERS PVT
"Kotpal R.L, 2012 Modern Text Book of Zoology -Vertebrates, Rastogi Publications, Meerut 4.",KOTPAL MODERN TEXT BOOK ZOOLOGY RASTOGI PUBLICATIONS MEERUT
"Jordan E.L. and Verma P.S. 2003 Chordate Zoology, S.",JORDAN VERMA CHORDATE ZOOLOGY
"Chand and Company Ltd, New Delhi.",CHAND COMPANY LTD NEW DELHI
"INTERNET RESOURCES http://leeches-medicinalis.com/ http://www.biologydiscussion.com/zoology http://animaldiversity.org/accounts/Hirudo_ medicinalis/ http://www.notesonzoology.com/rabbit/ external-morphology/external-morphology-of- rabbit-with-diagram-chordata-zoology/7642 Concept Map Organ and Organ Systems Organ and Organ Systems LEECH RABBIT External Morphology External Morphology Metameres Annular, Segmental Receptors Moist slimy skin Anterior, Posterior Sucker Skin, Hairs, Claws and Nails Head, Trunk, Tail External Ear Sweat, Sebaceous and Mammary Glands Crop, Stomach, Intestine Cutaneous (Skin) Haemocoelomic channels Supra and Sub pharyngeal ganglion Nephridia Hermaphrodite (Testis and Ovary) Buccal cavity, Stomach, Intestine, Liver, Pancreas Pulmonary (Lungs) Heart Fore, Mid and Hind Brain Metanephric Kidney Sexual Dimorphism (Testis in Male and Ovary in Female) Digestion Respiration Circulation Brain Excretion Reproduction 10th_Science Unit-13.indd 199 12/2/2022 6:34:11 PM 200 Introduction Multicellular organisms possess millions of cells in their body.",ORGANISM BODY POSSESS INTERNET RESOURCES EXTERNAL MORPHOLOGY RABBIT DIAGRAM CHORDATA CONCEPT MAP ORGAN SYSTEMS LEECH METAMERES ANNULAR SEGMENTAL RECEPTORS MOIST SLIMY SKIN ANTERIOR POSTERIOR SUCKER HAIRS CLAW NAIL HEAD TRUNK TAIL EAR SWEAT SEBACEOUS MAMMARY GLANDS CROP STOMACH INTESTINE CUTANEOUS HAEMOCOELOMIC CHANNEL SUPRA SUB PHARYNGEAL GANGLION NEPHRIDIA HERMAPHRODITE TESTIS OVARY BUCCAL CAVITY LIVER PANCREAS PULMONARY LUNGS HEART FORE MID HIND BRAIN METANEPHRIC KIDNEY SEXUAL DIMORPHISM MALE FEMALE DIGESTION RESPIRATION CIRCULATION EXCRETION REPRODUCTION PM INTRODUCTION MULTICELLULAR ORGANISMS MILLIONS CELLS PAST PRESENT
Every cell needs a constant supply of essential substances like nutrients and oxygen to maintain life and survival.,CELL LIFE NEED CONSTANT SUPPLY ESSENTIAL SUBSTANCES NUTRIENTS OXYGEN MAINTAIN SURVIVAL PRESENT
Food is the only source of energy and every cell gets its energy by the breakdown of glucose.,FOOD ONLY SOURCE ENERGY CELL GET BREAKDOWN GLUCOSE PRESENT
The cells utilise this energy and govern various vital activities of life.,CELL LIFE UTILISE CELLS ENERGY GOVERN VARIOUS VITAL ACTIVITIES PRESENT
Have you ever wondered how water and nutrients absorbed by the root are transported to the leaves?,WATER LEAVE WONDER EVER NUTRIENTS ABSORB ROOT TRANSPORT PAST HOW
How is the food prepared by the leaves carried to the other parts of the plant?,FOOD PREPARE LEAVE CARRY OTHER PART PLANT PAST HOW
Do you know how water reaches the top of tall plants inspite of not having a circulatory system like animals?,WATER ANIMAL KNOW REACH TOP TALL PLANT INSPITE HAVE CIRCULATORY SYSTEM ANIMALS PRESENT NOT HOW
Water absorbed by the roots have to reach entire plant and the food synthesised by the leaves have to be distributed to all the parts of the plant.,FOOD PLANT HAVE WATER ABSORB ROOT REACH ENTIRE SYNTHESISE LEAVE DISTRIBUTE PART PAST PRESENT
To understand this we need to recall the anatomy of the plants.,WE PLANT NEED UNDERSTAND RECALL ANATOMY PRESENT
Water and mineral salts absorbed by the roots reach all parts of the plant through the xylem.,SALT XYLEM REACH WATER MINERAL ABSORB ROOT PART PLANT PAST PRESENT
The food synthesised by the leaves are translocated to all parts of the plant through the phloem.,FOOD PHLOEM TRANSLOCATE SYNTHESISE LEAVE PART PLANT PAST
The bulk movement of substances through the vascular tissue is called Translocation. ‘Transport’ means to carry things from one place to another.,TRANSPORT ANOTHER MEAN BULK MOVEMENT SUBSTANCES VASCULAR TISSUE CALL TRANSLOCATION CARRY THINGS ONE PLACE PAST PRESENT
Have you ever wondered how in animals the useful substances are transported to other cells and toxic substances are removed?,SUBSTANCE CELL WONDER EVER ANIMALS USEFUL SUBSTANCES TRANSPORT OTHER CELLS TOXIC REMOVE PAST HOW
"In larger organisms transport of nutrients, salts, oxygen, hormones and waste products around the body are performed by the ‘Circulatory system’.",LARGER ORGANISMS TRANSPORT NUTRIENTS SALT OXYGEN HORMONES WASTE PRODUCTS BODY PERFORM CIRCULATORY SYSTEM PAST
"The circulatory system consists of the circulating fluids, the blood and lymph and the heart and blood vessels which form the collecting and transporting system.",WHICH SYSTEM CONSIST CIRCULATORY CIRCULATE FLUIDS BLOOD LYMPH HEART VESSELS FORM COLLECT TRANSPORT PRESENT
"Learning Objectives At the end of this lesson the students will be able to :  Learn how the water and minerals move from soil to the plant.  Learn how prepared food by the leaf is translocated to various parts of the plant.  Understand the role of osmosis and transpiration.  Understand the composition of blood.  Identify and explain the structure of heart and associated blood vessels.  Understand systemic, pulmonary and coronary circulation.  Differentiate the events of the cardiac cycle.  Know about blood pressure and heart beat.  Understand the use of stethoscope and sphygmomanometer.  Identify the different blood groups.  Understand the role of lymphatic system.", SYSTEM UNDERSTAND LEARN OBJECTIVES END LESSON STUDENTS ABLE WATER MINERALS MOVE SOIL PLANT PREPARE FOOD LEAF TRANSLOCATE VARIOUS PART ROLE OSMOSIS TRANSPIRATION COMPOSITION BLOOD IDENTIFY EXPLAIN STRUCTURE HEART ASSOCIATE VESSELS SYSTEMIC PULMONARY CORONARY CIRCULATION DIFFERENTIATE EVENTS CARDIAC CYCLE KNOW PRESSURE BEAT USE STETHOSCOPE SPHYGMOMANOMETER DIFFERENT GROUP LYMPHATIC PRESENT PAST
TRANSPORTATION IN PLANTS AND CIRCULATION IN ANIMALS 201 201 Transportation in Plants and Circulation in Animals 14.1 Means of Transport in Plants The transport of materials in and out of the cells is carried out by diffusion and active transport in plants. 14.1.1 Diffusion The movement of solid liquid and gaseous molecules from a region of higher concentration to a region of their lower concentration without the utilization of energy is called diffusion.,MOVEMENT ENERGY CALL TRANSPORTATION PLANT CIRCULATION ANIMALS MEAN TRANSPORT MATERIALS CELLS CARRY DIFFUSION ACTIVE SOLID LIQUID GASEOUS MOLECULES REGION HIGHER CONCENTRATION LOWER UTILIZATION PAST
This is a passive process.,PASSIVE PROCESS
Before diffusion After diffusion Figure 14.1 Diffusion 14.1.2 Active Transport Active transport utilizes energy to pump molecules against a concentration gradient.,TRANSPORT GRADIENT UTILIZE DIFFUSION FIGURE ACTIVE ENERGY PUMP MOLECULES CONCENTRATION PRESENT
Active transport is carried out by membrane bound proteins.,TRANSPORT PROTEIN CARRY ACTIVE MEMBRANE BIND PROTEINS PAST
These proteins use energy to carry substances across the cell membrane hence they are often referred to as pumps.,THEY PUMP USE PROTEINS ENERGY CARRY SUBSTANCES CELL MEMBRANE HENCE OFTEN REFER PRESENT HABITUAL PAST
These pumps can transport substances from a low concentration to a high concentration (‘uphill’ transport). 14.1.3 Osmosis Osmosis is the movement of solvent or water molecules from the region of higher concentration to the region of lower concentration through a semi-permeable membrane.,OSMOSIS MEMBRANE TRANSPORT PUMP SUBSTANCES LOW CONCENTRATION HIGH UPHILL MOVEMENT SOLVENT WATER MOLECULES REGION HIGHER LOWER SEMI PERMEABLE
This process is carried out till an equilibrium is reached.,PROCESS CARRY EQUILIBRIUM REACH PAST
Osmosis is the passive movement of water or any other solvent molecules.,OSMOSIS PASSIVE MOVEMENT WATER OTHER SOLVENT MOLECULES
Plasmolysis It occurs when a living plant cell is placed in a hypertonic solution water molecule moves out of the cell and resulting in the shrinkage of protoplasm away from the cell wall.,CELL WALL OCCUR PLASMOLYSIS LIVE PLANT PLACE HYPERTONIC SOLUTION WATER MOLECULE MOVE RESULT SHRINKAGE PROTOPLASM AWAY PRESENT PAST
"Normal plant cell Cell wall Protoplasm Nucleus Loss of water Plasmolysed plant cell Figure 14.2 Plasmolysis Activity 1 Demonstration of Osmosis A thistle funnel whose mouth is covered with a semipermeable membrane, is filled with sucrose solution.",MOUTH SOLUTION FILL NORMAL PLANT CELL WALL PROTOPLASM NUCLEUS LOSS WATER PLASMOLYSED FIGURE PLASMOLYSIS ACTIVITY DEMONSTRATION OSMOSIS THISTLE FUNNEL COVER SEMIPERMEABLE MEMBRANE SUCROSE PAST
It is kept inverted in a beaker containing water.,IT WATER KEEP INVERT BEAKER CONTAIN PAST
"The water will diffuse across the membrane due to osmosis and raise the level of the solution in the funnel. 202 10th Standard Science 14.3 Pathway of Water Absorbed by Roots Once the water enters the root hairs, the concentration of water molecules in the root hair cells become more than that of the cortex.",CONCENTRATION CORTEX BECOME WATER DIFFUSE MEMBRANE OSMOSIS RAISE LEVEL SOLUTION FUNNEL STANDARD SCIENCE PATHWAY ABSORB ROOT ENTER HAIRS MOLECULES HAIR CELLS MORE PRESENT
Thus water from the root hair moves to the cortical cells by osmosis and then reaches the xylem.,THUS WATER ROOT HAIR MOVE CORTICAL CELLS OSMOSIS THEN REACH XYLEM PRESENT
From there the water is transported to the stem and leaves.,WATER STEM TRANSPORT THERE LEAVE PAST
Root hair cell Root cortex cell Xylem vessels Figure 14.4 T.,VESSEL T. FIGURE ROOT HAIR CELL CORTEX XYLEM VESSELS PRESENT
"S. of the root showing movement of water from soil to xylem 14.4 Types of Movement of Water into the Root Cells Once water is absorbed by the root hairs, it can move deeper into root layers by two distinct pathways: • Apoplast pathway • Symplast pathway 14.4.1 Apoplast Pathway The apoplastic movement of water occurs exclusively through the intercellular spaces and the walls of the cells.",MOVEMENT CELL OCCUR ROOT SHOW WATER SOIL XYLEM TYPE CELLS ABSORB HAIRS MOVE DEEPER LAYER TWO DISTINCT PATHWAYS APOPLAST PATHWAY SYMPLAST APOPLASTIC EXCLUSIVELY INTERCELLULAR SPACE WALL PAST PRESENT
Apoplastic movement does not involve crossing the cell membrane.,MOVEMENT MEMBRANE INVOLVE APOPLASTIC CROSS CELL NOT
"This movement is dependent on the gradient. 14.4.2 Symplast Pathway In this method, water molecules move to the adjacent cells, through the plasma membrane, cytoplasm and plasmodesmata.",MOLECULE MEMBRANE MOVE MOVEMENT DEPENDENT GRADIENT SYMPLAST PATHWAY METHOD WATER MOLECULES ADJACENT CELLS PLASMA CYTOPLASM PLASMODESMATA PRESENT
This method of transport is slow as water moves through plasma membrane.,METHOD TRANSPORT SLOW WATER MOVE PLASMA MEMBRANE
It is in accordance to the concentration gradient.,ACCORDANCE CONCENTRATION GRADIENT
Cell Wall Apoplast Symplast Plasmodesmata Endoderm Pericycle cells Plasma membrane Casparian strip Figure 14.5 Symplastic and Apoplastic pathways of Water 14.5 Transpiration Transpiration is the evaporation of water from the aerial parts of the plant especially through stomata in leaves.,CELL WALL APOPLAST SYMPLAST PLASMODESMATA ENDODERM PERICYCLE CELLS PLASMA MEMBRANE CASPARIAN STRIP FIGURE SYMPLASTIC APOPLASTIC PATHWAYS WATER TRANSPIRATION EVAPORATION AERIAL PART PLANT ESPECIALLY STOMATA LEAVE PRESENT
Stomata are open in the day and closed at night.,STOMATA OPEN DAY CLOSE NIGHT PAST
The opening and closing of the stomata is due to the change in turgidity of the guard cells.,OPEN CLOSE STOMATA DUE CHANGE TURGIDITY GUARD CELLS
"When water enters into the guard cells, they become turgid and the stoma open.",STOMA CELL BECOME WATER ENTER GUARD CELLS TURGID OPEN PRESENT
"When the guard cells lose water, it becomes flaccid and the stoma closes.",STOMA WATER BECOME GUARD CELLS LOSE FLACCID CLOSE PRESENT
"Water evaporates from mesophyll cells of leaves through the open stomata, this lowers water concentration in mesophyll cells.",THIS CELL LOWER WATER EVAPORATE MESOPHYLL CELLS LEAVE OPEN STOMATA CONCENTRATION PRESENT
"As a result, more water is drawn into these cells from the xylem present in the veins through the process of osmosis.",WATER OSMOSIS DRAW RESULT MORE CELLS XYLEM PRESENT VEIN PROCESS PAST
"As water is lost from the leaves, pressure is created at the top to pull more water from the xylem to the mesophyll cells, this process is called transpiration pull.",PROCESS CELL CALL WATER LOSE LEAVE PRESSURE CREATE TOP PULL MORE XYLEM MESOPHYLL CELLS TRANSPIRATION PAST
This extends up to the roots causing the roots to absorb more water from the soil to ensure continuous flow of water from the roots to the leaves.,ROOT LEAVE EXTEND CAUSE ABSORB MORE WATER SOIL ENSURE CONTINUOUS FLOW PRESENT
"Plasc bag Water droplets Plant Figure. 14.6 Process of Transpiration 10th_Science Unit-14.indd 202 12/3/2022 3:01:47 PM 203 203 Transportation in Plants and Circulation in Animals 14.5.1 Factors affecting Transpiration Transpiration is affected by several external factors such as temperature, light, humidity, and wind speed.",FACTOR TEMPERATURE AFFECT BAG WATER DROPLETS PLANT FIGURE PROCESS TRANSPIRATION PM TRANSPORTATION CIRCULATION ANIMALS SEVERAL EXTERNAL SUCH LIGHT HUMIDITY WIND SPEED PRESENT PAST
"Internal factors that affect transpiration include number and distribution of stomata, percentage of open stomata, water status of the plant, canopy structure etc.",THAT PLANT INCLUDE INTERNAL FACTOR AFFECT TRANSPIRATION NUMBER DISTRIBUTION STOMATA PERCENTAGE OPEN WATER STATUS CANOPY STRUCTURE PRESENT
"Significance of Transpiration • Creates transpirational pull for transport of water • Supplies water for photosynthesis • Transports minerals from soil to all parts of the plant • Cools the surface of the leaves by evaporation. • Keeps the cells turgid; hence, maintains their shape 14.6 Root Pressure As mineral ions from the soil are actively transported into the xylem tissue of the root, water moves along and increases the pressure inside the xylem.",ION XYLEM MAINTAIN SIGNIFICANCE TRANSPIRATION CREATE TRANSPIRATIONAL PULL TRANSPORT WATER SUPPLY PHOTOSYNTHESIS MINERALS SOIL PART PLANT COOL SURFACE LEAVE EVAPORATION KEEP CELLS TURGID HENCE SHAPE ROOT PRESSURE MINERAL IONS ACTIVELY TISSUE MOVE ALONG INCREASE PAST PRESENT
This pressure is called root pressure and is responsible for pushing water upward to some extent. 14.7 Uptake of Minerals Plants depend on minerals from soil for its nutritional requirements.,UPTAKE REQUIREMENT DEPEND PRESSURE CALL ROOT RESPONSIBLE PUSH WATER UPWARD EXTENT MINERALS PLANT SOIL NUTRITIONAL REQUIREMENTS PAST PRESENT
All minerals cannot be passively absorbed by the roots.,MINERAL ROOT ABSORB MINERALS PASSIVELY PAST NOT
Two factors account for this: (i) minerals are present in the Guard cells (swollen) Guard cells (shrunken) Chloroplast Cell wall Stoma Nucleus Stoma open Stoma closed Vacuole 204 10th Standard Science photosynthesis) is converted to sucrose.,STOMA PHOTOSYNTHESIS CLOSE TWO FACTOR ACCOUNT I MINERALS PRESENT GUARD CELLS SWELL SHRINK CHLOROPLAST CELL WALL NUCLEUS OPEN VACUOLE STANDARD SCIENCE CONVERT SUCROSE PAST
"Sucrose moves into the companion cells, then into the living phloem sieve tube cells by active transport.",SUCROSE TRANSPORT MOVE COMPANION CELLS THEN LIVE PHLOEM SIEVE TUBE ACTIVE PRESENT
This process produces a hypertonic condition in the phloem.,PROCESS PHLOEM PRODUCE HYPERTONIC CONDITION PRESENT
Water in the adjacent xylem moves into the phloem by osmosis.,WATER OSMOSIS MOVE ADJACENT XYLEM PHLOEM PRESENT
"As osmotic pressure builds up, the phloem sap moves to areas of lower pressure.",OSMOTIC PRESSURE BUILD PHLOEM SAP MOVE AREAS LOWER PRESENT
By active transport sucrose moves into the cells where it is utilised or stored.,IT CELL SUCROSE ACTIVE TRANSPORT MOVE CELLS UTILISE STORE PRESENT PAST
"As sugars are removed, the osmotic pressure decreases and water moves out of the phloem. 14.11 Ascent of Sap and its Events – An Overview The upward movement of water and minerals from roots to different plant parts is called ascent of sap.",MOVEMENT SAP CALL SUGAR REMOVE OSMOTIC PRESSURE DECREASE WATER MOVE PHLOEM ASCENT EVENTS OVERVIEW UPWARD MINERALS ROOT DIFFERENT PLANT PART PAST
A number of factors play a role in ascent of sap and it takes places in following steps Ascent of sap Transpiraon creates transpiraon pull Adhesion cohesion makes column of water molecules Capillary acon results in rise up water at the base of stem Root pressure pushes water to stem Osmosis pushes water to root hairs Figure 14.8 Ascent of Sap 1.,OSMOSIS SAP FIGURE NUMBER FACTOR PLAY ROLE ASCENT TAKE PLACE FOLLOW STEP CREATE PULL ADHESION COHESION MAKE COLUMN WATER MOLECULES CAPILLARY RESULT RISE BASE STEM ROOT PRESSURE PUSH HAIRS PRESENT
Root Pressure: Water from soil enters the root hairs due to osmosis.,ROOT PRESSURE WATER SOIL ENTER HAIRS OSMOSIS PRESENT
Root pressure is responsible for movement of water up to the base of the stem. 2.,ROOT PRESSURE RESPONSIBLE MOVEMENT WATER BASE STEM
"Capillary Action: Water or any liquid rises in a capillary tube because of physical forces, this phenomenon is called capillary action.",PHENOMENON FORCE CALL CAPILLARY ACTION WATER LIQUID RISE TUBE PHYSICAL PRESENT PAST
"In the same way, in stem water rises up to certain height because of capillary action. 3.",WATER ACTION RISE SAME WAY STEM CERTAIN HEIGHT CAPILLARY PRESENT
Adhesion-cohesion of Water Molecules: Water molecules form a continuous column in the xylem because of forces of adhesion and cohesion among the molecules. 4.,MOLECULE FORM ADHESION COHESION WATER MOLECULES CONTINUOUS COLUMN XYLEM FORCE PRESENT
Cohesion: The force of attraction between molecules of water is called cohesion. 5.,COHESION FORCE ATTRACTION MOLECULES WATER CALL PAST
Adhesion: The force of attraction between molecules of different substances is called adhesion.Water molecules stick to a xylem because of force of adhesion.,MOLECULE ADHESION STICK FORCE ATTRACTION MOLECULES DIFFERENT SUBSTANCES CALL WATER XYLEM PAST PRESENT
Transpiration Pull: Transpiration through stomata creates vacuum which creates a suction. called transpiration pull.,WHICH SUCTION CALL TRANSPIRATION PULL STOMATA CREATE VACUUM PRESENT PAST
The transpiration pull sucks the water column from the xylem tubes and thus water is able to rise to great heights even in the tallest plants.,WATER PLANT PULL TRANSPIRATION SUCK COLUMN XYLEM TUBE THUS ABLE RISE GREAT HEIGHTS EVEN TALLEST PRESENT
Activity 2 Demonstration of Root Pressure Choose a small soft stemed plant.,ACTIVITY DEMONSTRATION ROOT PRESSURE CHOOSE SMALL SOFT STEM PLANT PAST
Cut the stem horizontally near the base with a blade in the morning.,CUT STEM HORIZONTALLY BASE BLADE MORNING
You will see drops of solution oozing out of the cut stem due to root pressure. 14.12 Blood Blood is the main circulatory medium in the human body.,BLOOD BODY SEE DROP SOLUTION OOZE CUT STEM DUE ROOT PRESSURE MAIN CIRCULATORY MEDIUM HUMAN
It is a red coloured fluid connective tissue.,RED COLOUR FLUID CONNECTIVE TISSUE PAST
Components of Blood: The blood consists of two main components.,BLOOD COMPONENT CONSIST COMPONENTS TWO MAIN PRESENT
The fluid plasma and the formed elements (blood cells) which are found suspended in the plasma.,WHICH PLASMA SUSPEND FLUID FORM ELEMENTS BLOOD CELLS FIND PAST
"More to Know Dews like water droplets on the leaves of grass seen in the early mornings, when the climate is humid and excess of water is present in the plants, the excess water is exudated in the form of liquid.",WATER LIQUID EXUDATE MORE KNOW DEWS DROPLETS LEAVE GRASS SEE EARLY MORNINGS CLIMATE HUMID EXCESS PRESENT PLANT FORM PAST
"This is due to root pressure .This phenomenon is called Guttation which takes place through specialized cells called Hydathodes. 10th_Science Unit-14.indd 204 12/3/2022 3:01:47 PM 205 205 Transportation in Plants and Circulation in Animals Plasma: It is slightly alkaline, containing non-cellular substance which constitutes about 55% of the blood.",DUE ROOT PRESSURE PHENOMENON CALL GUTTATION TAKE PLACE SPECIALIZE CELLS HYDATHODES PM TRANSPORTATION PLANT CIRCULATION ANIMALS PLASMA SLIGHTLY ALKALINE CONTAIN NON CELLULAR SUBSTANCE CONSTITUTE BLOOD PAST PRESENT
"Organic substances like proteins, glucose, urea, enzymes, hormones, vitamins and minerals are present in the plasma.",ORGANIC SUBSTANCES PROTEINS GLUCOSE UREA ENZYMES HORMONES VITAMINS MINERALS PRESENT PLASMA
Formed Elements of Blood: Blood corpuscles are of three types 1.,FORM ELEMENTS BLOOD CORPUSCLES THREE TYPE PAST
Red blood corpuscles (RBC) or Erythrocytes 2.,RED BLOOD CORPUSCLES RBC ERYTHROCYTES
White blood corpuscles (WBC) or Leucocytes 3.,WHITE BLOOD CORPUSCLES WBC LEUCOCYTES
Blood platelets or Thrombocytes.,BLOOD PLATELETS THROMBOCYTES
Red blood corpuscles (Erythrocytes) They are the most abundant cells in the human body.,RED BLOOD CORPUSCLES ERYTHROCYTES MOST ABUNDANT CELLS HUMAN BODY
RBCs are formed in the bone marrow.,RBC MARROW FORM RBCS BONE PAST
The RBCs impart red colour to the blood due to presence of respiratory pigment haemoglobin.,RBCS HAEMOGLOBIN IMPART RED COLOUR BLOOD PRESENCE RESPIRATORY PIGMENT PRESENT
Matured mammalian RBCs do not have cell organelles and nucleus.,RBCS ORGANELLE HAVE MATURE MAMMALIAN CELL ORGANELLES NUCLEUS NOT
They are biconcave and disc-shaped.,BICONCAVE DISC SHAPE PAST
Their life span is about 120 days.,LIFE SPAN DAYS
RBC is involved in the transport of oxygen from lungs to tissues.,RBC TISSUE INVOLVE TRANSPORT OXYGEN LUNGS PAST
Why does mammalian RBC lack cell organelles and nucleus?,MAMMALIAN RBC LACK CELL ORGANELLES NUCLEUS WHY
"Mammalian RBC lack nucleus and makes the cells biconcave and increase surface area for oxygen binding, loss of mitochondria allows the RBC to transport all the oxygen to tissues, and loss of endoplasmic reticulum allows more flexibility for RBC to move through the narrow capillaries.",RBC CAPILLARY ALLOW MAMMALIAN LACK NUCLEUS MAKE CELLS BICONCAVE INCREASE SURFACE AREA OXYGEN BIND LOSS MITOCHONDRIA TRANSPORT TISSUE ENDOPLASMIC RETICULUM MORE FLEXIBILITY MOVE NARROW CAPILLARIES PRESENT
White blood corpuscles (Leucocytes) WBC's are colourless.,WHITE BLOOD CORPUSCLES LEUCOCYTES WBC COLOURLESS
They do not have haemoglobin and are nucleated cells.,THEY HAEMOGLOBIN HAVE NUCLEATE CELLS NOT
"It is found in the bone marrow, spleen, thymus and lymph nodes.",IT MARROW FIND BONE SPLEEN THYMUS LYMPH NOD PAST
They are capable of amoeboid movement Erythrocytes The white blood corpuscles can be grouped into two categories: 1.,CORPUSCLE CATEGORY GROUP CAPABLE AMOEBOID MOVEMENT ERYTHROCYTES WHITE BLOOD CORPUSCLES TWO CATEGORIES PAST
Granulocytes 2.,GRANULOCYTES
Agranulocytes.,AGRANULOCYTES
Granulocytes They contain granules in their cytoplasm.,THEY CYTOPLASM CONTAIN GRANULOCYTES GRANULES PRESENT
Their nucleus is irregular or lobed.,NUCLEUS IRREGULAR LOB
The granulocytes are of three types (i) Neutrophils (ii) Eosinophils (iii) Basophils (i) Neutrophils They are large in size and have a 2 - 7 lobed nucleus.,GRANULOCYTES THREE TYPE I NEUTROPHILS II EOSINOPHILS III BASOPHILS LARGE SIZE LOB NUCLEUS
These corpuscles form 60% - 65% of the total leucocytes.,CORPUSCLE LEUCOCYTE FORM CORPUSCLES TOTAL LEUCOCYTES PRESENT
Their numbers are increased during infection and inflammation. (ii) Eosinophils It has a bilobed nucleus and constitute 2% - 3% of the total leucocytes.,IT LEUCOCYTE HAVE NUMBER INCREASE INFECTION INFLAMMATION II EOSINOPHILS BILOBED NUCLEUS CONSTITUTE TOTAL LEUCOCYTES PAST PRESENT
Their number increases during conditions of allergy and parasitic infections.,NUMBER INCREASE CONDITION ALLERGY PARASITIC INFECTIONS PRESENT
It brings about detoxification of toxins. (iii) Basophils Basophils have lobed nucleus.,BASOPHILS NUCLEUS LOB BRING DETOXIFICATION TOXINS III PRESENT PAST
They form 0.5-1.0% of the total leucocytes.,THEY LEUCOCYTE FORM TOTAL LEUCOCYTES PRESENT
They release chemicals during the process of inflammation.,THEY INFLAMMATION RELEASE CHEMICALS PROCESS PRESENT
Agranulocytes Granules are not found in the cytoplasm of these cells.,GRANULES CELL FIND AGRANULOCYTES CYTOPLASM CELLS PAST NOT
The agranulocytes are of two types: (i) Lymphocytes (ii) Monocytes Figure 14.9 Leucocytes 10th_Science Unit-14.indd 205 12/3/2022 3:01:48 PM 206 10th Standard Science (i) Lymphocytes These are about 20-25% of the total leucocytes.,THESE LEUCOCYTE LYMPHOCYTE AGRANULOCYTES TWO TYPE I LYMPHOCYTES II MONOCYTES FIGURE LEUCOCYTES PM STANDARD SCIENCE TOTAL PRESENT
They produce antibodies during bacterial and viral infections. (ii) Monocytes They are the largest of the leucocytes and are amoeboid in shape.,THEY SHAPE MONOCYTE PRODUCE ANTIBODIES BACTERIAL VIRAL INFECTIONS II MONOCYTES LARGEST LEUCOCYTES AMOEBOID PRESENT
These cells form 5 - 6 % of the total leucocytes.They are phagocytic and can engulf bacteria.,THEY BACTERIA FORM CELLS TOTAL LEUCOCYTES PHAGOCYTIC ENGULF PRESENT
Blood Platelets or Thrombocytes These are small and colourless.,BLOOD PLATELETS THROMBOCYTES SMALL COLOURLESS
They do not have nucleus.,THEY NUCLEUS HAVE NOT
"There are about 2,50,000 – 4,00,000 platelets / cubic mm of blood.",PLATELETS CUBIC MM BLOOD PRESENT
Life span of platelets is 8–10 days.,LIFE SPAN PLATELETS DAYS
They play an important role in clotting of blood.,THEY BLOOD PLAY IMPORTANT ROLE CLOT PRESENT
Platelets form clot at the site of injury and prevent blood loss.,PLATELETS FORM CLOT SITE INJURY PREVENT BLOOD LOSS
More to Know Anaemia: Decrease in number of erythrocytes.,MORE KNOW ANAEMIA DECREASE NUMBER ERYTHROCYTES
Leucocytosis: Increase in the number of leukocytes.,LEUCOCYTOSIS INCREASE NUMBER LEUKOCYTES
Leukopenia: Decrease in number of leukocytes.,LEUKOPENIA DECREASE NUMBER LEUKOCYTES
Thrombocytopenia: Decrease in the number of thrombocytes.,THROMBOCYTOPENIA DECREASE NUMBER THROMBOCYTES
"Functions of blood i) Transport of respiratory gases (Oxygen and CO2). ii) Transport of digested food materials to the different body cells. iii) Transport of hormones. iv) Transport of nitrogenous excretory products like ammonia, urea and uric acid. v) It is involved in protection of the body and defense against diseases. vi) It acts as buffer and also helps in regulation of pH and body temperature. vii) It maintains proper water balance in the body.",IT BODY MAINTAIN FUNCTION BLOOD I TRANSPORT RESPIRATORY GAS OXYGEN II DIGEST FOOD MATERIALS DIFFERENT CELLS III HORMONES NITROGENOUS EXCRETORY PRODUCTS AMMONIA UREA URIC ACID INVOLVE PROTECTION DEFENSE DISEASES ACT BUFFER ALSO HELP REGULATION PH TEMPERATURE VII PROPER WATER BALANCE PAST PRESENT
Thrombocytes 14.13 Blood Vessels - Arteries and Veins Blood vessels are a network of branched tubes that transport blood.,THROMBOCYTES BLOOD VESSELS ARTERIES VEIN NETWORK BRANCH TUBE TRANSPORT
"There are three types of blood vessels namely arteries, veins and capillaries Arteries: They are thick and elastic vessels that carry blood away from the heart to various organs of the body.",THREE TYPE BLOOD VESSELS NAMELY ARTERIES VEIN CAPILLARIES THICK ELASTIC CARRY AWAY HEART VARIOUS ORGANS BODY PRESENT
All arteries carry oxygenated blood except the pulmonary artery which carry deoxygenated blood to the lungs.,WHICH LUNG CARRY ARTERIES OXYGENATE BLOOD PULMONARY ARTERY DEOXYGENATE LUNGS PRESENT PAST
Veins: Veins are thin and non-elastic vessels that transport blood to the heart from the different organs.,VEIN THIN NON ELASTIC VESSELS TRANSPORT BLOOD HEART DIFFERENT ORGANS PRESENT
All veins carry deoxygenated blood except the pulmonary vein which carry oxygenated blood from the lungs to the heart.,WHICH HEART CARRY VEIN DEOXYGENATE BLOOD PULMONARY OXYGENATE LUNGS PRESENT PAST
Capillaries: Capillaries are narrow tubes formed by branching of arterioles which then unite to form the venules and veins.,CAPILLARIES NARROW TUBE FORM BRANCH ARTERIOLES THEN UNITE VENULES VEIN PAST PRESENT
They are about 8 µm in diameter.,ΜM DIAMETER
Capillaries are formed of single layer of endothelial cells.,CAPILLARY CELL FORM CAPILLARIES SINGLE LAYER ENDOTHELIAL CELLS PAST
"Table 14.1 Differences between Artery and Vein S.No Artery Vein 1 Distributing vessel Collecting vessel 2 Pink in colour Red in colour 3 Deep location Superficial in location 4 Blood flow with high pressure Blood flow with low pressure 5 Wall of artery is strong, thick and elastic Wall of vein is weak, thin and non-elastic 6 All arteries carry oxygenated blood except pulmonary arteries All veins carry deoxygenated blood except pulmonary veins 7 Internal valves are absent Internal valves are present 10th_Science Unit-14.indd 206 12/3/2022 3:01:48 PM 207 207 Transportation in Plants and Circulation in Animals 14.14 Types of Circulatory System Animals possess two types of circulatory system.",TRANSPORTATION SYSTEM CARRY TABLE DIFFERENCES ARTERY VEIN DISTRIBUTE VESSEL COLLECT PINK COLOUR RED DEEP LOCATION SUPERFICIAL BLOOD FLOW HIGH PRESSURE LOW WALL STRONG THICK ELASTIC WEAK THIN NON ARTERIES OXYGENATE PULMONARY DEOXYGENATE INTERNAL VALVES ABSENT PRESENT PM PLANT CIRCULATION ANIMALS TYPE CIRCULATORY POSSESS TWO PAST
Open type 2.,OPEN TYPE
Closed type Open type In open type the blood is pumped by heart into blood vessels that open into blood spaces called as sinuses.,CLOSE TYPE OPEN BLOOD PUMP HEART VESSELS SPACE CALL SINUSES PAST PRESENT
These sinuses are the body cavities which are called haemocoel.,SINUSES BODY CAVITIES CALL HAEMOCOEL PAST
Capillary system is absent. e.g.,CAPILLARY SYSTEM ABSENT
"Arthropods, Molluscs and Ascidians.",ARTHROPODS MOLLUSCS ASCIDIANS
Closed type In closed type the blood flows in a complete circuit around the body through specific blood vessels.,BLOOD VESSEL FLOW CLOSE TYPE COMPLETE CIRCUIT BODY SPECIFIC VESSELS PRESENT
The blood flows from arteries to veins through small blood vessels called capillaries. e.g Vertebrates.,BLOOD VESSEL FLOW ARTERIES VEIN SMALL VESSELS CALL CAPILLARIES VERTEBRATES PRESENT PAST
More to Know Closed circulatory system was discovered by William Harvey (1628) who is regarded the Father of Modern Physiology. 14.15 Structure of Human Heart Heart is a muscular pumping organ that pumps out the blood into the blood vessels.,THAT VESSEL KNOW MORE CLOSE CIRCULATORY SYSTEM DISCOVER WILLIAM HARVEY REGARD MALE PARENT MODERN PHYSIOLOGY STRUCTURE HUMAN HEART MUSCULAR PUMP ORGAN BLOOD VESSELS PAST PRESENT
"Human heart is situated between the lungs, slightly tilted toward the left and above the diaphragm in the thoracic cavity.",HEART CAVITY SITUATE HUMAN LUNGS SLIGHTLY TILT LEAVE DIAPHRAGM THORACIC PAST
The heart is made of specialized type of muscle called the cardiac muscle.,HEART MUSCLE MAKE SPECIALIZE TYPE CALL CARDIAC PAST
The heart is enclosed in a double walled sac called pericardium.,HEART SAC ENCLOSE DOUBLE WALL CALL PERICARDIUM PAST
It contains lubricating pericardial fluid which reduces friction during heart beat and protects it from mechanical injuries.,WHICH INJURY CONTAIN LUBRICATE PERICARDIAL FLUID REDUCE FRICTION HEART BEAT PROTECT MECHANICAL INJURIES PRESENT
Figure 14.11 External structure of human heart Superior vena cava Aorta Pulmonary artery Pulmonary vein Left atrium Mitral valve Aortic valve Left ventricle Right atrium Pulmonary valve Tricuspid valve Right ventricle The human heart is four chambered.,HEART VENTRICLE VALVE FIGURE EXTERNAL STRUCTURE HUMAN SUPERIOR VENA CAVA AORTA PULMONARY ARTERY VEIN LEAVE ATRIUM MITRAL AORTIC TRICUSPID RIGHT FOUR CHAMBER PAST PRESENT
The two upper thin walled chambers of the heart are called auricle or atria (sing: atrium) and two lower thick walled chambers are called ventricles.,CHAMBER HEART CALL TWO UPPER THIN WALL AURICLE ATRIA SING ATRIUM LOWER THICK VENTRICLES PAST
The chambers are separated by partition called septum.,CHAMBER PARTITION SEPARATE CALL SEPTUM PAST
The septum between auricles and ventricles prevents the mixing of oxygenated and deoxygenated blood.,SEPTUM OXYGENATE PREVENT AURICLES VENTRICLES MIX DEOXYGENATE BLOOD PRESENT PAST
The two auricles are separated from each other by interatrial septum.The left atrium is smaller than the right atrium.,ATRIUM SEPARATE TWO AURICLES OTHER INTERATRIAL SEPTUM LEAVE SMALLER RIGHT PAST
"The right atrium receives deoxygenated blood from different parts of the body through the main veins superior vena cava, inferior vena cava and coronary sinus.",ATRIUM VEIN RECEIVE RIGHT DEOXYGENATE BLOOD DIFFERENT PART BODY MAIN SUPERIOR VENA CAVA INFERIOR CORONARY SINUS PRESENT PAST
Pulmonary veins bring oxygenated blood to the left atrium from the lungs.,VEIN LUNG BRING PULMONARY OXYGENATE BLOOD LEAVE ATRIUM LUNGS PRESENT PAST
The right and left auricles pump blood into the right and left ventricles respectively.,AURICLE VENTRICLE PUMP RIGHT LEAVE AURICLES BLOOD VENTRICLES RESPECTIVELY PAST PRESENT
The ventricles form the lower part of the heart.,VENTRICLE HEART FORM VENTRICLES LOWER PART PRESENT
The two ventricles are separated from each other by an interventricular septum.,VENTRICLE SEPTUM SEPARATE TWO VENTRICLES OTHER INTERVENTRICULAR PAST
The left and right ventricles have thick walls because the ventricles have to pump out blood with force away from the heart.,VENTRICLE HEART HAVE LEAVE RIGHT VENTRICLES THICK WALL PUMP BLOOD FORCE AWAY PRESENT
From the right ventricle From heart Artery Capillaries Vein To heart Arteriole Venule Figure 14.10 Structure of blood vessel 10th_Science Unit-14.indd 207 12/3/2022 3:01:48 PM 208 10th Standard Science arises the pulmonary trunk which bifurcates to form right and left pulmonary arteries.,WHICH RIGHT ARISE VENTRICLE HEART ARTERY CAPILLARIES VEIN ARTERIOLE VENULE FIGURE STRUCTURE BLOOD VESSEL PM STANDARD SCIENCE PULMONARY TRUNK BIFURCATE FORM LEAVE ARTERIES PRESENT PAST
The right and left pulmonary arteries supply deoxygenated blood to the lungs of the respective side.,SUPPLY SIDE DEOXYGENATE RIGHT LEAVE PULMONARY ARTERIES BLOOD LUNGS RESPECTIVE PAST
The left ventricle is longer and narrower than the right ventricle.,LEAVE VENTRICLE LONGER NARROWER RIGHT
The walls are about three times thicker than the right ventricle.,WALL THREE TIME THICKER RIGHT VENTRICLE
The left ventricle gives rise to aorta.,VENTRICLE AORTA GIVE LEAVE RISE PRESENT
The oxygenated blood is supplied by the aorta to various organs of the body.,BLOOD BODY SUPPLY OXYGENATE AORTA VARIOUS ORGANS PAST
The coronary arteries supply blood to the heart.,ARTERY HEART SUPPLY CORONARY ARTERIES BLOOD PRESENT
Superior vena cava Right atrium Pulmonary valve Tricuspid valve Right ventricle Inferior vena cava Cardiac muscle Aorta Pulmonary trunk Left atrium Pulmonary vein Aortic valve Bicuspid valve Left ventricle Figure. 14.12 Internal structure of human heart Valves: The valves are the muscular flaps that regulate the flow of blood in a single direction and prevent back flow of blood.,THAT BLOOD VALVE SUPERIOR VENA CAVA RIGHT ATRIUM PULMONARY TRICUSPID VENTRICLE INFERIOR CARDIAC MUSCLE AORTA TRUNK LEAVE VEIN AORTIC BICUSPID FIGURE INTERNAL STRUCTURE HUMAN HEART VALVES MUSCULAR FLAP REGULATE FLOW SINGLE DIRECTION PREVENT PRESENT
The heart contains three types of valves.,HEART VALVE CONTAIN THREE TYPE VALVES PRESENT
Right atrioventricular valve: It is located between the right auricle and right ventricle.,IT AURICLE LOCATE ATRIOVENTRICULAR VALVE RIGHT VENTRICLE PAST
It has three thin triangular leaf like flaps and therefore called tricuspid valve.,IT FLAP HAVE THREE THIN TRIANGULAR LEAF THEREFORE CALL TRICUSPID VALVE PRESENT PAST
The apices of the flaps are held in position by chordae tendinae arising from the muscular projection of the ventricle wall known as papillary muscles.,APEX MUSCLE HOLD APICES FLAP POSITION CHORDAE TENDINAE ARISE MUSCULAR PROJECTION VENTRICLE WALL KNOW PAPILLARY PAST
Left atrioventricular valve: It is located between the left auricle and left ventricle.,IT AURICLE LOCATE LEAVE ATRIOVENTRICULAR VALVE VENTRICLE PAST
It has two cusps and therefore called bicuspid or mitral valve.,IT CUSP HAVE TWO CUSPS THEREFORE CALL BICUSPID MITRAL VALVE PRESENT PAST
Semilunar valves: The major arteries (pulmonary artery and aorta) which leave the heart have semilunar valves which prevent backward flow of blood into the ventricles.,SEMILUNAR VALVES MAJOR ARTERIES PULMONARY ARTERY AORTA LEAVE HEART PREVENT BACKWARD FLOW BLOOD VENTRICLES PRESENT
They are the pulmonary and aortic semilunar valves. 14.15.1 Types of Blood Circulation The blood circulates in our body as oxygenated and deoxygenated blood.,BLOOD BODY CIRCULATE PULMONARY AORTIC SEMILUNAR VALVES TYPE CIRCULATION OXYGENATE DEOXYGENATE PRESENT PAST
The types of circulation are: i Systemic circulation: Circulation of oxygenated blood from the left ventricle of the heart to various organs of the body and return of deoxygenated blood to the right atrium.,TYPE CIRCULATION SYSTEMIC OXYGENATE BLOOD LEAVE VENTRICLE HEART VARIOUS ORGANS BODY RETURN DEOXYGENATE RIGHT ATRIUM PAST
Aorta carries oxygenated blood to all the organs of the body. ii Pulmonary circulation: The path of pulmonary circulation starts in the right ventricle.,PATH VENTRICLE START AORTA CARRY OXYGENATE BLOOD ORGANS BODY II PULMONARY CIRCULATION RIGHT PRESENT PAST
Pulmonary artery arises from the right ventricle and reaches the lungs with deoxygenated blood.,ARTERY BLOOD ARISE PULMONARY RIGHT VENTRICLE REACH LUNGS DEOXYGENATE PRESENT
Pulmonary veins collect the oxygenated blood from the lungs and supplies it to the left atrium of the heart. iii Coronary circulation: The supply of blood to the heart muscles (cardiac muscles) is called as coronary circulation.,SUPPLY CIRCULATION COLLECT PULMONARY VEIN OXYGENATE BLOOD LUNGS LEAVE ATRIUM HEART CORONARY MUSCLE CARDIAC CALL PAST PRESENT
Cardiac muscles receive oxygenated blood from coronary arteries that originate from the aortic arch.,THAT ARCH OXYGENATE CARDIAC MUSCLE BLOOD CORONARY ARTERIES ORIGINATE AORTIC PAST PRESENT
Deoxygenated blood from the cardiac muscles drains into the right atrium by the coronary sinuses.,BLOOD SINUS DRAIN DEOXYGENATE CARDIAC MUSCLE RIGHT ATRIUM CORONARY SINUSES PRESENT
When the blood circulates twice through the heart in one complete cycle it is called double circulation.,IT CYCLE CALL BLOOD CIRCULATE TWICE HEART ONE COMPLETE DOUBLE CIRCULATION PRESENT PAST
In double circulation the oxygenated blood do not mix with the deoxygenated blood.,BLOOD MIX DOUBLE CIRCULATION OXYGENATE DEOXYGENATE PAST NOT
"However, in some animals the oxygenated and deoxygenated blood are mixed and pass through the heart only once.",HOWEVER ANIMALS OXYGENATE DEOXYGENATE BLOOD MIX PASS HEART ONLY ONCE PAST
"This type of circulation is called single circulation. e.g., fishes, amphibians and certain reptiles.",TYPE CIRCULATION CALL SINGLE FISH AMPHIBIANS CERTAIN REPTILES PAST
"More to Know Heart chambers in vertebrate animals Two chambered: Fishes Three chambered: Amphibians Incomplete four chambered: Reptiles Four chambered: Aves, Mammals and Crocodiles (Reptile) 10th_Science Unit-14.indd 208 12/3/2022 3:01:48 PM 209 209 Transportation in Plants and Circulation in Animals 14.15.2 Heart Beat One complete contraction (systole) and relaxation (diastole) of the atrium and ventricles of the heart constitute heartbeat.",DIASTOLE HEARTBEAT CONSTITUTE MORE KNOW HEART CHAMBER VERTEBRATE ANIMALS TWO FISH THREE AMPHIBIANS INCOMPLETE FOUR REPTILES AVES MAMMALS CROCODILES REPTILE PM TRANSPORTATION PLANT CIRCULATION BEAT ONE COMPLETE CONTRACTION SYSTOLE RELAXATION ATRIUM VENTRICLES PAST PRESENT
The heart normally beats 72 – 75 times per minute.,HEART MINUTE BEAT NORMALLY TIME PRESENT
More to Know Neurogenic and Myogenic Heart Beat Neurogenic heart beat is initiated by a nerve impulse caused from a nerve ganglion situated near the heart. e.g.,KNOW HEART INITIATE MORE NEUROGENIC MYOGENIC BEAT NERVE IMPULSE CAUSE GANGLION SITUATE PAST
"Annelids, most arthropods Myogenic heart beat is initiated by a specialized group of modified heart muscle fibres. e.g.",ANNELID FIBRE ARTHROPOD ANNELIDS MOST ARTHROPODS MYOGENIC HEART BEAT INITIATE SPECIALIZE GROUP MODIFY MUSCLE FIBRES PRESENT PAST
Mollusca and Vertebrates Initiation and conduction of Heart beat The human heart is myogenic in nature.,HEART NATURE BEAT MOLLUSCA VERTEBRATES INITIATION CONDUCTION HUMAN MYOGENIC PAST
"Contraction is initiated by a specialized portion of the heart muscle, the sino-atrial (SA) node which is situated in the wall of the right atrium near the opening of the superior vena cava.",WHICH CAVA INITIATE CONTRACTION SPECIALIZE PORTION HEART MUSCLE SINO ATRIAL SA NODE SITUATE WALL RIGHT ATRIUM OPEN SUPERIOR VENA PAST
The SA node is broader at the top and tapering below.,SA NODE BROADER TOP TAPER BELOW
It is made up of thin fibres.,IT FIBRE MAKE THIN FIBRES PAST
Sino-atrial node acts as the ‘pacemaker’ of the heart because it is capable of initiating impulse which can stimulate the heart muscles to contract.,SINO ATRIAL NODE ACT PACEMAKER HEART CAPABLE INITIATE IMPULSE STIMULATE MUSCLE CONTRACT
The impulse from the sinoatrial node spreads as a wave of contraction over the right and left atrial wall pushing the blood through the atrioventricular valves into the ventricles.,IMPULSE SINOATRIAL NODE SPREAD WAVE CONTRACTION RIGHT LEAVE ATRIAL WALL PUSH BLOOD ATRIOVENTRICULAR VALVES VENTRICLES PRESENT PAST
The wave of contraction from SA node reaches the atrioventricular (AV) node which is stimulated to emit an impulse of contraction spreading to the ventricular muscle via the atrioventricular bundle and the Purkinje fibres.,WHICH BUNDLE REACH WAVE CONTRACTION SA NODE ATRIOVENTRICULAR AV STIMULATE EMIT IMPULSE SPREAD VENTRICULAR MUSCLE PURKINJE FIBRES PRESENT PAST
Pulse: When the heart beats the blood is forced into the arteries.,BLOOD ARTERY FORCE PULSE HEART BEAT ARTERIES PRESENT PAST
The expansion of the artery every time the blood is forced into it is called pulse.,BLOOD IT CALL EXPANSION ARTERY TIME FORCE PULSE PAST
It can be felt by placing the fingertip on the artery near the wrist.,IT WRIST FEEL FELT PLACE FINGERTIP ARTERY PAST
Normal pulse rate ranges from 70 – 90 / min.,RATE . RANGE NORMAL PULSE MIN PRESENT
Atrioventricular bundle was discovered by His (1893).,BUNDLE 1-8-9-3 DISCOVER ATRIOVENTRICULAR PAST
So is called Bundle of His.,CALL BUNDLE HE PAST
Figure 14.13 Systemic and Pulmonary circulation 10th_Science Unit-14.indd 209 12/3/2022 3:01:48 PM 210 10th Standard Science Activity 3 Determining Heart Rate Materials : Stop watch or Stop clock.,FIGURE SYSTEMIC PULMONARY CIRCULATION PM STANDARD SCIENCE ACTIVITY DETERMINE HEART RATE MATERIALS STOP WATCH CLOCK
Procedure: 1.,PROCEDURE
Have your partner to find the pulse in your wrist and count your heartbeats for 15 seconds while you are seated.,YOU SECOND HAVE PARTNER FIND PULSE WRIST COUNT HEARTBEATS SEAT PAST
Calculate your resting heart rate in beats per minute. 2.,CALCULATE REST HEART RATE BEAT MINUTE
Have your partner to count your heart beats for 15 seconds after you jog or run for 5 minutes.,YOU MINUTE HAVE PARTNER COUNT HEART BEAT SECOND JOG RUN MINUTES PRESENT
Calculate your heart rate in beats per minute.,CALCULATE HEART RATE BEAT MINUTE
Analyse: • What causes your pulse ? • What causes the change in your heart beat rate in each situation ? 14.15.3 Cardiac Cycle The sequence of events occurring from the beginning to the completion of one heart beat is called cardiac cycle.,SEQUENCE BEAT CALL ANALYSE CAUSE PULSE CHANGE HEART RATE SITUATION CARDIAC CYCLE EVENTS OCCUR BEGIN COMPLETION ONE PRESENT PAST
During cardiac cycle blood flows through the chambers of the heart in a specific direction.,BLOOD DIRECTION FLOW CARDIAC CYCLE CHAMBER HEART SPECIFIC PRESENT
Each cardiac cycle lasts about 0.8 second.,CYCLE SECOND LAST CARDIAC PRESENT
The events during a single cardiac cycle involves (a) Atrial systole: Contraction of auricles (0.1 sec) (b) Ventricular systole: Contraction of ventricles (0.3 sec) (c) Ventricular diastole: Relaxation of ventricles (0.4 sec) Ventricular diastole (0.4 sec) Atrial systole (0.1 sec) Ventricular systole (0.3 sec) 14.15.4 Heart Sound The rhythmic closure and opening of the valves cause the sound of the heart.,SOUND HEART CAUSE EVENTS SINGLE CARDIAC CYCLE INVOLVE ATRIAL SYSTOLE CONTRACTION AURICLES SEC VENTRICULAR VENTRICLES C DIASTOLE RELAXATION RHYTHMIC CLOSURE OPEN VALVES PRESENT
The first sound LUBB is of longer duration and is produced by the closure of the tricuspid and bicuspid valves after the beginning of ventricular systole.,FIRST SOUND LUBB LONGER DURATION PRODUCE CLOSURE TRICUSPID BICUSPID VALVES BEGIN VENTRICULAR SYSTOLE PAST
The second sound DUPP is of a shorter duration and produced by the closure of semilunar valves at the end of ventricular systole. 14.16 Blood pressure Blood pressure is the force exerted during the flow of blood against the lateral walls of arteries.,SECOND SOUND DUPP SHORTER DURATION PRODUCE CLOSURE SEMILUNAR VALVES END VENTRICULAR SYSTOLE BLOOD PRESSURE FORCE EXERT FLOW LATERAL WALL ARTERIES PAST
The blood pressure is high in the arteries gradually drops in the arterioles and capillaries and become very low in the veins.,BLOOD PRESSURE HIGH ARTERIES GRADUALLY DROP ARTERIOLES CAPILLARIES BECOME VERY LOW VEIN PRESENT
Blood pressure is usually expressed in terms of the systolic pressure and diastolic pressure.,PRESSURE EXPRESS BLOOD USUALLY TERM SYSTOLIC DIASTOLIC HABITUAL PAST
"Systolic pressure: During ventricular systole, the left ventricle contracts and forces blood into the aorta.",SYSTOLIC PRESSURE VENTRICULAR SYSTOLE LEAVE VENTRICLE CONTRACT FORCE BLOOD AORTA PRESENT
The pressure rises to a peak which is referred as systolic pressure.,WHICH PRESSURE RISE PEAK REFER SYSTOLIC PRESENT PAST
"Diastolic pressure: During diastole, the ventricles relax and the pressure falls to the lowest value which is referred as diastolic pressure.",DIASTOLIC PRESSURE DIASTOLE VENTRICLES RELAX FALL LOWEST VALUE REFER PRESENT PAST
In an healthy adult during normal resting condition systolic and diastolic blood pressure is expressed as 120mm / 80mm Hg.,HEALTHY ADULT NORMAL REST CONDITION SYSTOLIC DIASTOLIC BLOOD PRESSURE EXPRESS MM PAST
"Blood pressure varies during conditions of physical exercise, anxiety, emotions, stress and sleep.",PRESSURE EXERCISE VARY BLOOD CONDITION PHYSICAL ANXIETY EMOTIONS STRESS SLEEP PRESENT
A prolonged or constant elevation of blood pressure is a condition known as hypertension (High blood pressure) can increase the risk of heart attack and stroke.,PROLONG CONSTANT ELEVATION BLOOD PRESSURE CONDITION KNOW HYPERTENSION HIGH INCREASE RISK HEART ATTACK STROKE PAST
Decrease in blood pressure is termed hypotension (Low blood pressure).,DECREASE PRESSURE TERM BLOOD HYPOTENSION LOW PAST
Stethoscope A stethoscope is used to detect the sound produced by the internal organs of human body.,STETHOSCOPE BODY USE DETECT SOUND PRODUCE INTERNAL ORGANS HUMAN PAST
The heart sound is heard by placing the 10th_Science Unit-14.indd 210 12/3/2022 3:01:48 PM 211 211 Transportation in Plants and Circulation in Animals Human blood contains certain specific substances called agglutinogens or antigens (Ag) and agglutinins or antibodies (Ab).,TRANSPORTATION SUBSTANCE HEAR HEART SOUND PLACE PM PLANT CIRCULATION ANIMALS HUMAN BLOOD CONTAIN CERTAIN SPECIFIC SUBSTANCES CALL AGGLUTINOGENS ANTIGENS AG AGGLUTININS ANTIBODIES AB PAST PRESENT
Antigens are found on the membrane surface of RBC.,ANTIGEN RBC FIND ANTIGENS MEMBRANE SURFACE PAST
Antibodies are present in blood plasma.,ANTIBODIES PRESENT BLOOD PLASMA
"Based on the presence or absence of antigen and antibodies human blood group is classified into four groups called A, B, AB and O.",BASE PRESENCE ABSENCE ANTIGEN ANTIBODIES HUMAN BLOOD GROUP CLASSIFY FOUR CALL B AB PAST PRESENT
An individual has one of the four blood groups. (i) ‘A’ group individuals: Antigen A is present on the surface of RBC and antibody b (anti-b) is present in the plasma. (ii) ‘B’ group individuals: Antigen B is present on the surface of RBC and antibody a (anti - a) is present in the plasma. (iii) ‘AB’ group individuals: Antigens A and B are present on the surface of RBC and both the antibodies are absent in the plasma. (iv) ‘O’ group individuals: Antigen A or B are absent on the surface of RBC.,A RBC HAVE INDIVIDUAL ONE FOUR BLOOD GROUP I INDIVIDUALS ANTIGEN PRESENT SURFACE ANTIBODY ANTI B PLASMA II III AB ANTIGENS ANTIBODIES ABSENT O
"However, the plasma contains both the antibodies a and b (anti a and b).",PLASMA ANTIBODY CONTAIN HOWEVER ANTIBODIES ANTI PRESENT
Blood donation In blood transfusion one must consider the antigen and antibody compatibility (matching) between the donor and the person receiving blood (recipient).,ONE BLOOD CONSIDER DONATION TRANSFUSION ANTIGEN ANTIBODY COMPATIBILITY MATCH DONOR PERSON RECEIVE RECIPIENT
When an individual receives a mismatched blood group from the donor agglutination (clumping) of blood occurs in the body which leads to death.,WHICH DEATH OCCUR INDIVIDUAL RECEIVE MISMATCH BLOOD GROUP DONOR AGGLUTINATION CLUMP BODY LEAD PRESENT
Persons with ‘AB’ blood group are called ‘Universal Recipient’ as they can receive blood from persons with any blood group.,THEY GROUP CALL PERSONS AB BLOOD UNIVERSAL RECIPIENT RECEIVE PAST
Persons with ‘O’ blood group are called ‘Universal Donor’ as they can donate blood to persons with any blood group.,THEY GROUP CALL PERSONS O BLOOD UNIVERSAL DONOR DONATE PAST
Rh factor Rh factor was discovered by Landsteiner and Wiener in 1940 in Rhesus monkey.,FACTOR MONKEY DISCOVER RH LANDSTEINER WIENER RHESUS PAST
The surface of RBC contains the antigen for Rh factor.,SURFACE FACTOR CONTAIN RBC ANTIGEN RH PRESENT
"Rh+ ( positive) persons have Rh antigen on the surface of RBC while, Rh– (negative) stethoscope on the chest.",PERSON CHEST HAVE POSITIVE PERSONS RH ANTIGEN SURFACE RBC NEGATIVE STETHOSCOPE PRESENT
It is a useful diagnostic tool to identify and localize health problems and diagnose disease.,USEFUL DIAGNOSTIC TOOL IDENTIFY LOCALIZE HEALTH PROBLEMS DIAGNOSE DISEASE
The modern electronic stethoscopes are high precisioned instruments.,MODERN ELECTRONIC STETHOSCOPES HIGH PRECISIONED INSTRUMENT PAST
Figure 14.14 Stethoscope Sphygmomanometer Sphygmomanometer is a clinical instrument used to measure blood pressure when a person is in a relaxed and resting condition.,FIGURE STETHOSCOPE SPHYGMOMANOMETER CLINICAL INSTRUMENT USE MEASURE BLOOD PRESSURE PERSON RELAX REST CONDITION PAST
The pressure of the brachial artery is measured.,PRESSURE ARTERY MEASURE BRACHIAL PAST
It helps to estimate the state of blood circulation and the working of the heart.,IT HEART HELP ESTIMATE STATE BLOOD CIRCULATION WORK PRESENT
It helps to diagnose conditions such as increased or decreased blood pressure.,IT PRESSURE HELP DIAGNOSE CONDITION SUCH INCREASE DECREASE BLOOD PRESENT PAST
Monometric and modern digital types are the apparatus used to measure blood pressure. (A) (B) Figure 14.15 Monometric (A) and Digital (B) type blood pressure apparatus 14.17 Blood Groups The concept of blood grouping was developed by Karl Landsteiner (1900).,CONCEPT LANDSTEINER DEVELOP MONOMETRIC MODERN DIGITAL TYPE APPARATUS USE MEASURE BLOOD PRESSURE B FIGURE GROUP KARL PAST
"He identified blood groups A, B and O.",HE A IDENTIFY BLOOD GROUP B PAST
AB blood group was recognized by Decastello and Sturli (1902). 10th_Science Unit-14.indd 211 12/3/2022 3:01:48 PM 212 10th Standard Science persons do not have Rh antigen on the surface of RBC.,PERSON RBC HAVE AB BLOOD GROUP RECOGNIZE DECASTELLO STURLI PM STANDARD SCIENCE PERSONS RH ANTIGEN SURFACE PAST NOT
"Antibodies developed against this Rh antigen is called Rh antibodies. 14.18 Lymphatic System The lymphatic system comprises of lymphatic capillaries, lymphatic vessels, lymph nodes and lymphatic ducts.",ANTIBODY CAPILLARY DEVELOP ANTIBODIES RH ANTIGEN CALL LYMPHATIC SYSTEM COMPRISE CAPILLARIES VESSELS LYMPH NOD DUCTS PAST
Lymph is the fluid that flows through the lymphatic system.,LYMPH FLUID FLOW LYMPHATIC SYSTEM PRESENT
The lymphatic capillaries unite to form large lymphatic vessels.,CAPILLARY VESSEL UNITE LYMPHATIC CAPILLARIES FORM LARGE VESSELS PRESENT
Lymph nodes are small oval or pear shaped structures located along the length of lymphatic vessels.,LYMPH NOD SMALL OVAL PEAR SHAPE STRUCTURE LOCATE LENGTH LYMPHATIC VESSELS PAST
Figure 14.16 Lymphatic System in Man Lymph node Lymph node Lymphatic duct Thoracic duct Lymph Lymph from the intercellular spaces drains into lymphatic capillaries.,LYMPH CAPILLARY FIGURE LYMPHATIC SYSTEM MAN NODE DUCT THORACIC INTERCELLULAR SPACE DRAIN CAPILLARIES PRESENT
"Lymph is a colourless fluid formed when plasma, proteins and blood cells escape into intercellular spaces in the tissues through the pores present in the walls of capillaries.",LYMPH COLOURLESS FLUID FORM PLASMA PROTEINS BLOOD CELLS ESCAPE INTERCELLULAR SPACE TISSUE PORE PRESENT WALL CAPILLARIES PAST
"It is similar to blood plasma, but is colourless and contains less proteins.The lymph contains very small amount of nutrients, oxygen, CO2, water and WBC.",LYMPH NUTRIENT CONTAIN SIMILAR BLOOD PLASMA COLOURLESS LESS PROTEINS VERY SMALL AMOUNT NUTRIENTS OXYGEN WATER WBC PRESENT
Functions of Lymph • Supplies nutrients and oxygen to those parts where blood cannot reach • It drains away excess tissue fluid and metabolites and returns proteins to the blood from tissue spaces. • The lymph also carries absorbed fats from small intestine to the blood.,LYMPH BLOOD CARRY FUNCTION SUPPLY NUTRIENTS OXYGEN PART REACH DRAIN AWAY EXCESS TISSUE FLUID METABOLITES RETURN PROTEINS SPACE ALSO ABSORB FAT SMALL INTESTINE PAST PRESENT NOT
The lymphatic capillaries of intestinal villi (lacteals) absorb digested fats. • Lymphocytes in the lymph defend the body from infections.,LYMPHOCYTE INFECTION DEFEND LYMPHATIC CAPILLARIES INTESTINAL VILLI LACTEALS ABSORB DIGEST FAT LYMPHOCYTES LYMPH BODY INFECTIONS PAST PRESENT
"Points to Remember  The movement of molecules from a region of higher concentration to a region of their lower concentration without the utilization of energy is called diffusion.  Osmosis is the movement of solvent or water molecules from the region of higher concentration to the region of lower concentration through a semi-permeable membrane.  Transpiration is the evaporation of water in plants through stomata in the leaves.  The circulatory system consists of the circulating fluids, the blood and lymph and the heart and its blood vessels.",SYSTEM FLUID CONSIST POINT REMEMBER MOVEMENT MOLECULES REGION HIGHER CONCENTRATION LOWER UTILIZATION ENERGY CALL DIFFUSION OSMOSIS SOLVENT WATER SEMI PERMEABLE MEMBRANE TRANSPIRATION EVAPORATION PLANT STOMATA LEAVE CIRCULATORY CIRCULATE FLUIDS BLOOD LYMPH HEART VESSELS PAST PRESENT
"Table 14.2 Distribution of Antigen (RBC) and Antibody (Plasma) in different Blood Groups Blood Group Antigens on RBC Antibodies in Plasma Can donate to Can receive from A Antigen A anti- b A and AB A and O B Antigen B anti- a B and AB B and O AB Antigen A and B No antibody AB A, B, AB and O (Universal Recipient) O No Antigen Both anti a and b A, B, AB and O (Universal Donor) O 10th_Science Unit-14.indd 212 12/3/2022 3:01:49 PM 213 213 Transportation in Plants and Circulation in Animals  The blood consists of two main components.",BLOOD COMPONENT ANTI TABLE DISTRIBUTION ANTIGEN RBC ANTIBODY PLASMA DIFFERENT GROUP ANTIGENS ANTIBODIES DONATE RECEIVE B AB O UNIVERSAL RECIPIENT DONOR PM TRANSPORTATION PLANT CIRCULATION ANIMALS CONSIST TWO MAIN COMPONENTS PRESENT NOT
"The fluid plasma and the formed elements (blood cells) which are found suspended in the plasma.  A muscular pumping organ that pumps out the blood into the blood vessels is called heart.  The blood circulates in our body as oxygenated and deoxygenated blood.  The supply of blood to the heart muscles (cardiac muscles) is called as coronary circulation.  One complete contraction (systole) and relaxation (diastole) of atrium and ventricles of heart is called a heartbeat.  The sequence of events which occur during the beginning and completion of one heart beat is called cardiac cycle.  Blood pressure is usually expressed as systolic pressure and diastolic pressure (120mm / 80 mm Hg)  An individual has one of the four blood groups A, B, AB and O.  Rh factor was discovered by Landsteiner and Wiener in 1940.  Lymph is a colourless fluid formed when plasma, proteins and blood cells escape into intercellular spaces in the tissues through the pores present in the walls of capillaries.",PLASMA CAPILLARY HAVE FLUID FORM ELEMENTS BLOOD CELLS FIND SUSPEND MUSCULAR PUMP ORGAN VESSELS CALL HEART CIRCULATE BODY OXYGENATE DEOXYGENATE SUPPLY MUSCLE CARDIAC CORONARY CIRCULATION ONE COMPLETE CONTRACTION SYSTOLE RELAXATION DIASTOLE ATRIUM VENTRICLES HEARTBEAT SEQUENCE EVENTS OCCUR BEGIN COMPLETION BEAT CYCLE PRESSURE USUALLY EXPRESS SYSTOLIC DIASTOLIC MM HG INDIVIDUAL FOUR GROUP B AB RH FACTOR DISCOVER LANDSTEINER WIENER LYMPH COLOURLESS PROTEINS ESCAPE INTERCELLULAR SPACE TISSUE PORE PRESENT WALL CAPILLARIES PAST HABITUAL
Choose the correct answer 1.,CHOOSE CORRECT ANSWER
Active transport involves a) movement of molecules from lower to higher concentration b) expenditure of energy c) it is an uphill task d) all of the above 2.,IT 2 INVOLVE ACTIVE TRANSPORT MOVEMENT MOLECULES LOWER HIGHER CONCENTRATION B EXPENDITURE ENERGY C UPHILL TASK ABOVE PRESENT
Water which is absorbed by roots is transported to aerial parts of the plant through a) cortex b) epidermis c) phloem d) xylem 3.,WHICH ) TRANSPORT WATER ABSORB ROOT AERIAL PART PLANT CORTEX B EPIDERMIS PHLOEM D XYLEM PAST
During transpiration there is loss of a) carbon dioxide b) oxygen c) water d) none of the above 4.,TRANSPIRATION LOSS CARBON DIOXIDE B OXYGEN C WATER D NONE ABOVE PRESENT NOT
Root hairs are a) cortical cell b) projection of epidermal cell c) unicellular d) both b and c 5.,ROOT HAIRS CORTICAL CELL B PROJECTION EPIDERMAL C UNICELLULAR
Which of the following process requires energy? a) active transport b) diffusion c) osmosis d) all of them 6.,WHICH THEY REQUIRE FOLLOW PROCESS ENERGY ACTIVE TRANSPORT B DIFFUSION C OSMOSIS PRESENT
The wall of human heart is made of a) Endocardium b) Epicardium c) Myocardium d) All of the above 7.,WALL 7 MAKE HUMAN HEART ENDOCARDIUM B EPICARDIUM C MYOCARDIUM D ABOVE PAST
Which is the correct sequence of blood flow a) ventricle atrium vein arteries b) atrium ventricle veins arteries c) atrium ventricle arteries vein d) ventricles vein atrium arteries 8.,CORRECT SEQUENCE BLOOD FLOW VENTRICLE ATRIUM VEIN ARTERIES B C VENTRICLES PRESENT PAST
A patient with blood group O was injured in an accident and has blood loss.,PATIENT LOSS INJURE BLOOD GROUP O ACCIDENT PAST PRESENT
Which group of blood should be used by doctor for transfusion? a) O group b) AB group c) A or B group d) all blood group TEXTBOOK EVALUATION 10th_Science Unit-14.indd 213 12/3/2022 3:01:49 PM 214 10th Standard Science 9. ‘Heart of heart’ is called a) SA node b) AV node c) Purkinje fibres d) Bundle of His 10.,HEART 10 CALL GROUP BLOOD USE DOCTOR TRANSFUSION O B AB TEXTBOOK EVALUATION PM STANDARD SCIENCE SA NODE AV PURKINJE FIBRES BUNDLE PAST
Which one of the following shows correct composition of blood a) Plasma - Blood + Lymphocyte b) Serum - Blood + Fibrinogen c) Lymph - Plasma + RBC + WBC d) Blood - Plasma + RBC+ WBC +Platelets II.,ONE BLOOD SHOW FOLLOW CORRECT COMPOSITION PLASMA LYMPHOCYTE SERUM FIBRINOGEN C LYMPH RBC WBC D PLATELETS II PRESENT
Fill in the blanks 1. __________ involves evaporative loss of water from aerial parts. 2.,_ PART INVOLVE FILL BLANK EVAPORATIVE LOSS WATER AERIAL PRESENT
Water enters into the root hair cell through __________ membrane. 3.,WATER MEMBRANE ENTER ROOT HAIR CELL PRESENT
Part of the root that absorbs water from the soil is __________. 4.,PART ROOT ABSORB WATER SOIL PRESENT
Normal blood pressure is __________. 5.,NORMAL BLOOD PRESSURE
The normal human heartbeat rate is about ____________ time per minute.,NORMAL HUMAN HEARTBEAT RATE TIME MINUTE
III.,III
Match the following Section I 1.,MATCH FOLLOW SECTION I
Symplastic pathway - Leaf 2.,SYMPLASTIC PATHWAY LEAF
Transpiration - Plasmodesmata 3.,TRANSPIRATION PLASMODESMATA
Osmosis - Pressure in xylem 4.,OSMOSIS PRESSURE XYLEM
Root Pressure - Pressure gradient Section II 1.,ROOT PRESSURE GRADIENT SECTION II
Leukemia - Thrombocytes 2.,LEUKEMIA THROMBOCYTES
Platelets - Phagocyte 3.,PLATELETS PHAGOCYTE
Monocytes - Decrease in leucocytes 4.,MONOCYTES DECREASE LEUCOCYTES
Leucopenia - Blood Cancer 5.,LEUCOPENIA BLOOD CANCER
AB blood group - Allergic condition 6.,AB BLOOD GROUP ALLERGIC CONDITION
O blood group - Inflammation 7.,BLOOD GROUP INFLAMMATION
Eosinophil - Absence of antigen 8.,EOSINOPHIL ABSENCE ANTIGEN
Neutrophils - Absence of antibody IV.,NEUTROPHILS ABSENCE ANTIBODY IV
State whether True or False.,STATE TRUE FALSE
If false write the correct statement 1.,FALSE STATEMENT WRITE CORRECT
The phloem is responsible for the translocation of food. 2.,PHLOEM RESPONSIBLE TRANSLOCATION FOOD
Plants lose water by the process of transpiration. 3.,PLANT TRANSPIRATION LOSE WATER PROCESS PRESENT
The form of sugar transported through the phloem is glucose. 4.,FORM SUGAR TRANSPORT PHLOEM GLUCOSE PAST
In apoplastic movement the water travels through the cell membrane and enter the cell. 5.,WATER CELL TRAVEL APOPLASTIC MOVEMENT MEMBRANE ENTER PRESENT
When guard cells lose water the stoma opens. 6.,STOMA . OPEN GUARD CELLS LOSE WATER PRESENT
Initiation and stimulation of heart beat take place by nerves. 7.,INITIATION NERVE BEAT STIMULATION HEART TAKE PLACE PAST
All veins carry deoxygenated blood. 8.,VEIN BLOOD CARRY DEOXYGENATE PRESENT
WBC defend the body from bacterial and viral infections. 9.,WBC INFECTION DEFEND BODY BACTERIAL VIRAL INFECTIONS PRESENT
The closure of the mitral and tricuspid valves at the start of the ventricular systole produces the first sound ‘LUBB’.,CLOSURE LUBB PRODUCE MITRAL TRICUSPID VALVES START VENTRICULAR SYSTOLE FIRST SOUND PRESENT
Answer in a word or sentence 1.,ANSWER WORD SENTENCE
Name two layered protective covering of human heart. 2.,NAME TWO LAYER PROTECTIVE COVER HUMAN HEART PAST
What is the shape of RBC in human blood? 3.,SHAPE RBC HUMAN BLOOD
Why is the colour of the blood red ? 4.,COLOUR BLOOD RED
Which kind of cells are found in the lymph? 5.,KIND LYMPH FIND CELLS PAST
Name the heart valve associated with the major arteries leaving the ventricles. 6.,NAME HEART VALVE ASSOCIATE MAJOR ARTERIES LEAVE VENTRICLES PAST
Mention the artery which supplies blood to the heart muscle.,MENTION ARTERY SUPPLY BLOOD HEART MUSCLE PRESENT
VI.,VI
Short answer questions 1.,SHORT ANSWER QUESTION PRESENT
What causes the opening and closing of guard cells of stomata during transpiration? 2.,WHAT TRANSPIRATION CAUSE OPEN CLOSE GUARD CELLS STOMATA PRESENT
What is cohesion? 3.,COHESION
Trace the pathway followed by water molecules from the time it enters a plant root to the time it escapes into the atmosphere from a leaf. 10th_Science Unit-14.indd 214 12/3/2022 3:01:49 PM 215 215 Transportation in Plants and Circulation in Animals 4.,IT ANIMALS TRACE PATHWAY FOLLOW WATER MOLECULES TIME ENTER PLANT ROOT ESCAPE ATMOSPHERE LEAF PM TRANSPORTATION CIRCULATION PAST PRESENT
What would happen to the leaves of a plant that transpires more water than its absorption in the roots? 5.,THAT ROOT HAPPEN LEAVE PLANT TRANSPIRE MORE WATER ABSORPTION PRESENT
Describe the structure and working of the human heart. 6.,DESCRIBE STRUCTURE WORK HUMAN HEART
Why is the circulation in man referred to as double circulation? 7.,CIRCULATION MAN REFER DOUBLE PAST
What are heart sounds?,HEART SOUND WHAT
How are they produced? 8.,PRODUCE PAST
What is the importance of valves in the heart? 9.,IMPORTANCE VALVES HEART
Who discovered Rh factor?,WHO FACTOR DISCOVER RH PAST
Why was it named so? 10.,NAME PAST
How are arteries and veins structurally different from one another? 11 Why is the Sinoatrial node called the pacemaker of heart? 12.,ARTERIES VEIN STRUCTURALLY DIFFERENT ONE SINOATRIAL NODE CALL PACEMAKER HEART PAST
Differentiate between systemic circulation and pulmonary circulation. 13.,DIFFERENTIATE SYSTEMIC CIRCULATION PULMONARY
The complete events of cardiac cycle last for 0.8 sec.,COMPLETE EVENTS CARDIAC CYCLE LAST SEC
What is the timing for each event?,TIME EVENT WHAT
VII.,VII
Give reasons for the following statements 1.,GIVE REASON FOLLOW STATEMENTS
Minerals cannot be passively absorbed by the roots. 2.,MINERAL ROOT ABSORB MINERALS PASSIVELY PAST NOT
Guard cells are responsible for opening and closing of stomata. 3.,GUARD CELLS RESPONSIBLE OPEN CLOSE STOMATA
The movement of substances in the phloem can be in any direction. 4.,MOVEMENT SUBSTANCES PHLOEM DIRECTION
Minerals in the plants are not lost when the leaf falls. 5.,LEAF PLANT LOSE MINERALS FALL PAST PRESENT NOT
The walls of the right ventricle are thicker than the right auricles. 6.,WALL RIGHT VENTRICLE THICKER AURICLES
Mature RBC in mammals do not have cell organelles.,RBC ORGANELLE HAVE MATURE MAMMALS CELL ORGANELLES NOT
VIII.,VIII
Long answer questions 1.,LONG ANSWER QUESTION
How do plants absorb water?,PLANT WATER ABSORB HOW
Explain. 2.,EXPLAIN
What is transpiration?,TRANSPIRATION WHAT
Give the importance of transpiration. 3.,GIVE IMPORTANCE TRANSPIRATION
Why are leucocytes classified as granulocytes and agranulocytes?,LEUCOCYTE GRANULOCYTE CLASSIFY LEUCOCYTES GRANULOCYTES AGRANULOCYTES PAST WHY
Name each cell and mention its functions. 4.,NAME CELL MENTION FUNCTION
Differentiate between systole and diastole.,DIFFERENTIATE SYSTOLE DIASTOLE
Explain the conduction of heart beat. 5.,EXPLAIN CONDUCTION HEART BEAT
Enumerate the functions of blood.,ENUMERATE FUNCTION BLOOD
IX.,IX
Assertion and Reasoning Direction: In each of the following questions a statement of assertion (A) is given and a corresponding statement of reason (R) is given just below it.,STATEMENT IT GIVE ASSERTION REASON DIRECTION FOLLOW QUESTION CORRESPOND R JUST PAST
Mark the correct statement as. a.,MARK CORRECT STATEMENT
If both A and R are true and R is correct explanation of A b.,R TRUE CORRECT EXPLANATION
If both A and R are true but R is not the correct explanation of A c.,R TRUE CORRECT EXPLANATION NOT
A is true but R is false d.,TRUE R FALSE
Both A and R are false 1.,R FALSE
Assertion: RBC plays an important role in the transport of respiratory gases.,RBC GAS PLAY ASSERTION IMPORTANT ROLE TRANSPORT RESPIRATORY PRESENT
Reason: RBC do not have cell organelles and nucleus. 2.,RBC ORGANELLE HAVE REASON CELL ORGANELLES NUCLEUS NOT
"Assertion: Persons with AB blood group are called an universal recipients, because they can receive blood from all groups.",ASSERTION PERSONS AB BLOOD GROUP CALL UNIVERSAL RECIPIENTS RECEIVE PAST
Reason: Antibodies are absent in persons with AB blood group.,REASON ANTIBODIES ABSENT PERSONS AB BLOOD GROUP
Higher Order Thinking Skills (HOTS) 1.,HIGHER ORDER THINK SKILLS HOTS
"When any dry plant material is kept in water, they swell up.",THEY WATER SWELL DRY PLANT MATERIAL KEEP PAST PRESENT
Name and define the phenomenon involved in this change. 2.,NAME DEFINE PHENOMENON INVOLVE CHANGE PAST
Why are the walls of the left ventricle thicker than the other chambers of the heart? 3.,WALL LEAVE VENTRICLE THICKER OTHER CHAMBER HEART
Doctors use stethoscope to hear the sound of the heart.,DOCTOR HEART USE STETHOSCOPE HEAR SOUND PRESENT
How does the pulmonary artery and pulmonary vein differ in their function when compared to a normal artery and vein? 5.,ARTERY DIFFER PULMONARY VEIN FUNCTION COMPARE NORMAL PRESENT PAST
Transpiration is a necessary evil in plants.,TRANSPIRATION NECESSARY EVIL PLANT
Explain. 10th_Science Unit-14.indd 215 12/3/2022 3:01:49 PM 216 10th Standard Science REFERENCE BOOKS 1.,EXPLAIN PM STANDARD SCIENCE REFERENCE BOOK
"Jain, Fundamentals of Plant physiology, S.Chand and Company, New Delhi 2.",JAIN FUNDAMENTALS PLANT PHYSIOLOGY COMPANY NEW DELHI
"D.G Maclean and Dave Hayward, Biology Cambridge IGCSE 3.",MACLEAN DAVE HAYWARD BIOLOGY CAMBRIDGE IGCSE
"S.C.Rastogi., Essential of Animal Physiology, 4th Edition, New Age International Publishers 4.",ESSENTIAL ANIMAL PHYSIOLOGY EDITION NEW AGE INTERNATIONAL PUBLISHERS
Elain N.,ELAIN
"Marieb and Katja Hoehn, 2011, Anatomy and Physiology, 4th Edition, Pearson Publications.",MARIEB KATJA HOEHN ANATOMY PHYSIOLOGY EDITION PEARSON PUBLICATIONS
INTERNET RESOURCES http://www.britannica.com/science/human- circulatory-system http://biologydictionary.net/circulatory- system/ Transportation in plants Ascent of sap Transport in plants Root hair Pathway of water absorbed by plants Transpiration Root pressure Translocation Diﬀusion Active transport Osmosis Plasmolysis Imbibition Apoplast Symplast Mineral ions Sugar Stomata Importance of transpiration Concept Map 10th_Science Unit-14.indd 216 12/3/2022 3:01:49 PM 217 217 Transportation in Plants and Circulation in Animals Blood Lymph Blood vessels and types of circulation Plasma Blood cells Red Blood Corpuscles Blood Platelets Neutrophils Eosinophils Basophils Lymphocytes Monocytes Arteries Capillaries Veins Systemic circulation Pulmonary circulation Coronary circulation Four chambered structure Heart beat Cardiac cycle Heart sound Blood pressure Blood groups ABO grouping Rh factor Circulatory System Heart and its functioning White Blood Corpuscles Cells alive URL : https://play.google.com/store/apps/details?id=com.bodyxq.appbookCardio ICT CORNER CIRCULATION IN ANIMALS *Pictures are indicative only Steps CHE-cardiovascular system- This 3D application enables the student to know about the structure and functions of cardio vascular system.,STUDENT SYSTEM ENABLE INTERNET RESOURCES CIRCULATORY TRANSPORTATION PLANT ASCENT SAP TRANSPORT ROOT HAIR PATHWAY WATER ABSORB TRANSPIRATION PRESSURE TRANSLOCATION DIFFUSION ACTIVE OSMOSIS PLASMOLYSIS IMBIBITION APOPLAST SYMPLAST MINERAL IONS SUGAR STOMATA IMPORTANCE CONCEPT MAP PM CIRCULATION ANIMALS BLOOD LYMPH VESSELS TYPE PLASMA CELLS RED CORPUSCLES PLATELETS NEUTROPHILS EOSINOPHILS BASOPHILS LYMPHOCYTES MONOCYTES ARTERIES CAPILLARIES VEIN SYSTEMIC PULMONARY CORONARY FOUR CHAMBER STRUCTURE HEART BEAT CARDIAC CYCLE SOUND GROUP ABO RH FACTOR FUNCTION WHITE ALIVE URL ICT CORNER PICTURE INDICATIVE ONLY STEP CHE CARDIOVASCULAR APPLICATION KNOW CARDIO VASCULAR PAST PRESENT
Step1 Step2 Step3 Step4 • Access the application CHE – cardiovascular system with the help of URL or QR code given below.,S-T-E-P-3 CODE ACCESS APPLICATION CHE CARDIOVASCULAR SYSTEM HELP URL QR GIVE BELOW PAST
"After installing it in your device, when you open the app, you can see 4 sections as Introduction, Heart – structure & functions, Blood circulatory system and Blood. • In each section, description as well as supportive images will be given. • If you click the picture, a video will be played in it.",VIDEO IT PLAY INSTAL DEVICE OPEN APP SEE SECTION INTRODUCTION HEART STRUCTURE FUNCTION BLOOD CIRCULATORY SYSTEM DESCRIPTION AS WELL SUPPORTIVE IMAGE GIVE CLICK PICTURE PRESENT PAST
"You can zoom in and zoom out the images and also you can see its any direction by making movements. • We can maximize as well as minimize the speed of the 3D animation to get clear details of it. 10th_Science Unit-14.indd 217 12/3/2022 3:01:50 PM 218 Introduction One of the characteristic features of all living organisms is responding to stimuli. ‘Stimulus’ refers to the changes in the environmental condition, that are detected by receptors present in the body.",THAT BODY REFER ZOOM IMAGE ALSO SEE DIRECTION MAKE MOVEMENTS MAXIMIZE AS WELL MINIMIZE SPEED ANIMATION GET CLEAR DETAIL PM INTRODUCTION ONE CHARACTERISTIC FEATURE LIVE ORGANISMS RESPOND STIMULI STIMULUS CHANGE ENVIRONMENTAL CONDITION DETECT RECEPTORS PRESENT PAST
Relevant changes in the activities of organisms to a particular stimuli are called their reactions or responses.,CHANGE STIMULUS CALL RELEVANT ACTIVITIES ORGANISMS PARTICULAR STIMULI REACTIONS RESPONSES PAST
"Living organisms show their response to different kinds of stimuli like light, heat, cold, sound, smell, taste, touch, pressure, pain or the force of gravity etc.",ORGANISM ETC SHOW LIVE ORGANISMS RESPONSE DIFFERENT KINDS STIMULI LIGHT HEAT COLD SOUND SMELL TASTE TOUCH PRESSURE PAIN FORCE GRAVITY PRESENT
"For example, withdrawal of hand when we touch hot objects or closing the eyes when flashed with bright light, in this condition heat or light is the stimulus to which the body shows its response.",EXAMPLE WITHDRAWAL HAND TOUCH HOT OBJECT CLOSE EYE FLASH BRIGHT LIGHT CONDITION HEAT STIMULUS BODY SHOW RESPONSE PRESENT PAST
"Thus, on receiving a stimulus, the body responds in a manner that is most appropriate for its survival and functioning.",THAT SURVIVAL RESPOND THUS RECEIVE STIMULUS BODY MANNER MOST APPROPRIATE FUNCTION PRESENT
"To provide the correct response to a stimulus, it is necessary that all the organs work together in a proper coordinated manner.",PROVIDE CORRECT RESPONSE STIMULUS NECESSARY ORGANS WORK TOGETHER PROPER COORDINATE MANNER PRESENT
"This working together of various organs in a systematic, controlled and efficient way to produce proper response to various stimuli is called coordination.",WORK STIMULUS CALL TOGETHER VARIOUS ORGANS SYSTEMATIC CONTROL EFFICIENT WAY PRODUCE PROPER RESPONSE STIMULI COORDINATION PAST
In animals including human the coordination between the various cells and organs is essential for their diverse activities to maintain physiological balance called homeostasis.,ANIMALS INCLUDE HUMAN COORDINATION VARIOUS CELLS ORGANS ESSENTIAL DIVERSE ACTIVITIES MAINTAIN PHYSIOLOGICAL BALANCE CALL HOMEOSTASIS PAST
In this unit we shall learn about one of the major regulatory systems the nervous system and its control over the body activities. 15.1 Nervous System The nervous system is made up of nervous tissues.,SYSTEM TISSUE LEARN UNIT ONE MAJOR REGULATORY SYSTEMS NERVOUS CONTROL BODY ACTIVITIES MAKE PAST
"It is formed of three distinct components namely the neurons, neuroglia and nerve fibres.",IT COMPONENT FORM THREE DISTINCT COMPONENTS NAMELY NEURONS NEUROGLIA NERVE FIBRES PAST
Learning Objectives At the end of the lesson the students will be able to :  Admire nervous system as the control and coordinating centre of the body.  Learn the components of the nervous system.  Analyse the transmission of nerve impulses.  Understand the divisions of human nervous system.  Interpret the different sections of brain which handle different functions.  Know the significance of reflex action and its operative pathway., ACTION KNOW LEARN OBJECTIVES END LESSON STUDENTS ABLE ADMIRE NERVOUS SYSTEM CONTROL COORDINATE CENTRE BODY COMPONENTS ANALYSE TRANSMISSION NERVE IMPULSES UNDERSTAND DIVISIONS HUMAN INTERPRET DIFFERENT SECTION BRAIN HANDLE FUNCTION SIGNIFICANCE REFLEX OPERATIVE PATHWAY PRESENT
NERVOUS SYSTEM 219 Nervous System (i) Neuron or nerve cell: A neuron or nerve cell is the structural and functional unit of the nervous system.,NERVOUS SYSTEM I NEURON NERVE CELL STRUCTURAL FUNCTIONAL UNIT
It is the longest cell of the human body with a length of over 100mm.,LONGEST CELL HUMAN BODY LENGTH MM
"These cells are highly specialised to detect, receive and transmit different kinds of stimuli.",CELLS HIGHLY SPECIALISE DETECT RECEIVE TRANSMIT DIFFERENT KINDS STIMULI
Information is conducted through neurons in the form of electrical impulses from one part of the body to another. (ii) Neuroglia: Neuroglia are also called as glial cells.,NEUROGLIA CELL CALL INFORMATION CONDUCT NEURONS FORM ELECTRICAL IMPULSES ONE PART BODY II ALSO GLIAL CELLS PAST
"They are non-exciting, supporting cell of the nervous system.",NON EXCITE SUPPORT CELL NERVOUS SYSTEM
They do not initiate or conduct nerve impulses. (iii) Nerve fibres: The nerve fibres are the long slender processes of neurons.,FIBRE NEURON INITIATE CONDUCT NERVE IMPULSES III FIBRES LONG SLENDER PROCESS NEURONS NOT
"A number of nerve fibres are bundled up together to form nerves. 15.1.1 Structure of Neuron A neuron typically consists of three basic parts: Cyton, Dendrites and Axon.",NEURON PART CONSIST NUMBER NERVE FIBRES BUNDLE TOGETHER FORM STRUCTURE TYPICALLY THREE BASIC CYTON DENDRITES AXON PAST PRESENT
Fig. 15.1 Structure of Neuron Cyton (i) Cyton: Cyton is also called cell body or perikaryon.,FIG STRUCTURE NEURON CYTON I ALSO CALL CELL BODY PERIKARYON PAST
It has a central nucleus with abundant cytoplasm called neuroplasm.,IT CYTOPLASM HAVE CENTRAL NUCLEUS ABUNDANT CALL NEUROPLASM PRESENT PAST
"The cytoplasm has large granular body called Nissl’s granules and the other cell organelles like mitochondria, ribosomes, lysosomes, and endoplasmic recticulum.",CYTOPLASM MITOCHONDRIA HAVE LARGE GRANULAR BODY CALL NISSL GRANULES OTHER CELL ORGANELLES RIBOSOMES LYSOSOMES ENDOPLASMIC RECTICULUM PRESENT PAST
Neurons do not have the ability to divide.,NEURON ABILITY HAVE NEURONS DIVIDE NOT
Several neurofibrils are present in the cytoplasm that help in transmission of nerve impulses to and from the cell body. (ii) Dendrites: These are the numerous branched cytoplasmic processes that project from the surface of the cell body.,SEVERAL NEUROFIBRILS PRESENT CYTOPLASM HELP TRANSMISSION NERVE IMPULSES CELL BODY II DENDRITES NUMEROUS BRANCH CYTOPLASMIC PROCESS PROJECT SURFACE
They conduct nerve impulses towards the cyton.,THEY CYTON CONDUCT NERVE IMPULSES PRESENT
"The branched projections increase the surface area for receiving the signals from other nerve cells. (iii) Axon: The axon is a single, elongated, slender projection.",AXON CELL INCREASE BRANCH PROJECTIONS SURFACE AREA RECEIVE SIGNAL OTHER NERVE CELLS III SINGLE ELONGATE SLENDER PROJECTION PRESENT PAST
The end of axon terminates as fine branches which terminate into knob like swellings called synaptic knob.,WHICH SWELL TERMINATE END AXON FINE BRANCH KNOB SWELLINGS CALL SYNAPTIC PRESENT PAST
"The plasma membrane of axon is called axolemma, while the cytoplasm is called axoplasm.",CYTOPLASM AXON CALL PLASMA MEMBRANE AXOLEMMA AXOPLASM PAST
It carries impulses away from the cyton.,IT CYTON CARRY IMPULSES AWAY PRESENT
The axons may be covered by a protective sheath called myelin sheath which is further covered by a layer of Schwann cells called neurilemma.,WHICH CELL COVER AXONS PROTECTIVE SHEATH CALL MYELIN FURTHER LAYER SCHWANN CELLS NEURILEMMA PAST
Myelin sheath breaks at intervals by depressions called Nodes of Ranvier.,MYELIN SHEATH BREAK INTERVALS DEPRESSIONS CALL NOD RANVIER PAST
The region between the nodes is called as internode.,REGION NODE CALL NOD INTERNODE PAST
Myelin sheath acts as insulator and ensures rapid transmission of nerve impulses.,MYELIN SHEATH ACT INSULATOR ENSURE RAPID TRANSMISSION NERVE IMPULSES PRESENT
Synapse: A junction between synaptic knob of axon of one neuron and dendron of next neuron is called synaptic junction.,JUNCTION NEURON CALL SYNAPSE SYNAPTIC KNOB AXON ONE DENDRON NEXT PAST
"Information from one neuron can pass to another neuron through these junctions with the release of chemicals known as neurotransmitters from the synaptic knob. 10th_Science Unit-15.indd 219 12/3/2022 3:02:58 PM 220 10th Standard Science Activity 1 Create a model of a neuron using clay or beads. 15.1.2 Types of Neurons The neurons may be of different types based on their structure and functions. (A) (B) (C) Fig. 15.2 Unipolar (A), Bipolar (B) and multipolar (C) neurons Structurally the neurons may be of the following types: (i) Unipolar neurons: Only one nerve process arises from the cyton which acts as both axon and dendron. (ii) Bipolar neurons: The cyton gives rise to two nerve processes of which one acts as an axon while another as a dendron. (iii) Multipolar neurons: The cyton gives rise to many dendrons and an axon Unipolar Neurons Found in early embryos but not in adult Bipolar Neurons Found in retina of eye and olfactory epithelium of nasal chambers Multipolar Neurons Found in cerebral cortex of brain On the basis of functions neurons are categorised as:- (i) Sensory or afferent neurons which carry impulses from the sense organ to the central nervous system. (ii) Motor or efferent neurons which carry impulses from the central nervous system to effector organ such as the muscle fibre or the gland. (iii) Association neurons conduct impulses between sensory and motor neurons. 15.1.3 Types of Nerve Fibres Nerve fibres are of two types based on the presence or absence of myelin sheath. (i) Myelinated nerve fibre: The axon is covered with myelin sheath (ii) Non-myelinated nerve fibre: The axon is not covered by myelin sheath.",AXON SHEATH COVER INFORMATION ONE NEURON PASS JUNCTIONS RELEASE CHEMICALS KNOW NEUROTRANSMITTERS SYNAPTIC KNOB PM STANDARD SCIENCE ACTIVITY CREATE MODEL USE CLAY BEAD TYPE NEURONS DIFFERENT BASE STRUCTURE FUNCTION B C FIG UNIPOLAR BIPOLAR MULTIPOLAR STRUCTURALLY FOLLOW I ONLY NERVE PROCESS ARISE CYTON ACT DENDRON II GIVE RISE TWO III MANY DENDRONS FIND EARLY EMBRYOS ADULT RETINA EYE OLFACTORY EPITHELIUM NASAL CHAMBER CEREBRAL CORTEX BRAIN BASIS CATEGORISE SENSORY AFFERENT CARRY IMPULSES SENSE ORGAN CENTRAL NERVOUS SYSTEM MOTOR EFFERENT EFFECTOR SUCH MUSCLE FIBRE GLAND ASSOCIATION CONDUCT FIBRES PRESENCE ABSENCE MYELIN MYELINATED NON PAST PRESENT NOT
"Myelinated and non-myelinated nerve fibres form the white matter and grey matter of the brain. 15.2 Transmission of Nerve Impulse All the information from the environment are detected by the receptors located in our sense organs such as the eyes, the nose, the skin etc.",TRANSMISSION EYE DETECT MYELINATED NON NERVE FIBRES FORM WHITE MATTER GREY BRAIN IMPULSE INFORMATION ENVIRONMENT RECEPTORS LOCATE SENSE ORGANS SUCH NOSE SKIN PRESENT PAST
Information from the receptors is transmitted as electrical impulse and is received by the dendritic tips of the neuron.,INFORMATION NEURON TRANSMIT RECEPTORS ELECTRICAL IMPULSE RECEIVE DENDRITIC TIP PAST
This impulse travels from the dendrite to the cell body and then along the axon to its terminal end.,IMPULSE TRAVEL DENDRITE CELL BODY THEN AXON TERMINAL END PRESENT
"On reaching the axonal end, it causes the nerve endings to release a chemical (neurotransmitter) which diffuses across a synapse and starts a similar electrical impulse in the dendrites of the next neuron, then to their cell body to be carried along the axon.",WHICH AXON CAUSE REACH AXONAL END NERVE ENDINGS RELEASE CHEMICAL NEUROTRANSMITTER DIFFUSE SYNAPSE START SIMILAR ELECTRICAL IMPULSE DENDRITES NEXT NEURON THEN CELL BODY CARRY PRESENT PAST
"In this way, the electrical signal reaches the brain or spinal cord.",SIGNAL BRAIN REACH WAY ELECTRICAL SPINAL CORD PRESENT
"The response from brain (or spinal cord) is similarly passed on to the effector organs such as the muscle or gland cell, that undergoes the desired response. 10th_Science Unit-15.indd 220 12/3/2022 3:02:58 PM 221 Nervous System Fig. 15.3 Nerve impulse transmission The flow of nerve impulses from axonal end of one neuron to dendrite of another neuron through a synapse is called synaptic transmission.",TRANSMISSION SYNAPSE CALL RESPONSE BRAIN SPINAL CORD SIMILARLY PASS EFFECTOR ORGANS SUCH MUSCLE GLAND CELL UNDERGO DESIRE PM NERVOUS SYSTEM FIG NERVE IMPULSE FLOW IMPULSES AXONAL END ONE NEURON DENDRITE SYNAPTIC PAST PRESENT
"Each neuron can transmit 1,000 nerve impulses per second and make as many as ten thousands of synaptic contacts with other neurons. 15.2.1 Neurotransmitters Neurotransmitters are the chemicals which allow the transmission of nerve impulse from the axon terminal of one neuron to the dendron of another neuron or to an effector organ.",WHICH ORGAN TRANSMIT NEURON NERVE IMPULSES SECOND MAKE AS MANY TEN THOUSANDS SYNAPTIC CONTACT OTHER NEURONS NEUROTRANSMITTERS CHEMICALS ALLOW TRANSMISSION IMPULSE AXON TERMINAL ONE DENDRON EFFECTOR PRESENT
The important neurotransmitter released by neurons is called Acetylcholine. 15.3 Human Nervous System The complexity of nervous system can be observed during the course of evolution.,COMPLEXITY EVOLUTION OBSERVE IMPORTANT NEUROTRANSMITTER RELEASE NEURONS CALL ACETYLCHOLINE HUMAN NERVOUS SYSTEM COURSE PAST
"We the human beings differ from other animals in our ability to think and take actions, which is due to the well developed nervous system.",WHICH SYSTEM DIFFER HUMAN BEINGS OTHER ANIMALS ABILITY THINK TAKE ACTION DUE WELL DEVELOP NERVOUS PRESENT PAST
"Human nervous system is differentiated into central nervous system (CNS), peripheral nervous system (PNS) and autonomic nervous system (ANS).",SYSTEM DIFFERENTIATE HUMAN NERVOUS CENTRAL CNS PERIPHERAL PNS AUTONOMIC ANS PAST
The CNS acts as centre for information processing and control.,CNS ACT CENTRE INFORMATION PROCESS CONTROL
It consists of the brain and the spinal cord.,IT BRAIN CONSIST SPINAL CORD PRESENT
The PNS is made up of the nerves which connect the brain and spinal cord to all parts of the body.,WHICH BODY MAKE PNS NERVE CONNECT BRAIN SPINAL CORD PART PAST PRESENT
The ANS is formed of sympathetic and parasympathetic nerves. 15.3.1 Central Nervous System The brain and the spinal cord being delicate vital structures are well protected in bony cavities of the skull and the vertebral column respectively.,BRAIN SKULL PROTECT ANS FORM SYMPATHETIC PARASYMPATHETIC NERVE CENTRAL NERVOUS SYSTEM SPINAL CORD DELICATE VITAL STRUCTURE WELL BONY CAVITIES VERTEBRAL COLUMN RESPECTIVELY PAST
CNS is formed of two types of matter such as white matter or grey matter with respect to the presence or absence of myelin sheath which we have discussed earlier.,WE WHICH FORM CNS TWO TYPE MATTER SUCH WHITE GREY RESPECT PRESENCE ABSENCE MYELIN SHEATH DISCUSS EARLIER PAST
Fig. 15.4 Meninges of Brain The brain is the controlling centre of all the body activities.,FIG MENINGES BRAIN CONTROL CENTRE BODY ACTIVITIES
"It is covered by three connective tissue membrane or meninges : (i) Duramater (dura: tough; mater: membrane)is the outermost thick fibrous membrane (ii) Arachnoid membrane (arachnoid: spider) is the middle, thin vascular membrane providing web like cushion (iii) Piamater (Pia: soft or tender) is the innermost, thin delicate membrane richly supplied with blood.",MEMBRANE BLOOD COVER THREE CONNECTIVE TISSUE MENINGES I DURAMATER DURA TOUGH MATER OUTERMOST THICK FIBROUS II ARACHNOID SPIDER MIDDLE THIN VASCULAR PROVIDE WEB CUSHION III PIAMATER PIA SOFT TENDER INNERMOST DELICATE RICHLY SUPPLY PAST
Meningeal membranes protect the brain from mechanical injury.,MEMBRANE INJURY PROTECT MENINGEAL MEMBRANES BRAIN MECHANICAL PRESENT
Meninges 10th_Science Unit-15.indd 221 12/3/2022 3:02:58 PM 222 10th Standard Science Meningitis is an inflammation of the meninges.,MENINGES PM STANDARD SCIENCE MENINGITIS INFLAMMATION
It can occur when fluid surrounding the meninges becomes infected.,FLUID MENINGE OCCUR SURROUND MENINGES BECOME INFECT PRESENT
The most common causes of meningitis are viral and bacterial infections.,MOST COMMON CAUSE MENINGITIS VIRAL BACTERIAL INFECTIONS
A human brain is formed of three main parts: (a) forebrain (b) midbrain and (c) hindbrain.,BRAIN PART FORM HUMAN THREE MAIN FOREBRAIN B MIDBRAIN C HINDBRAIN PAST
Cerebrum Hypothalamus Pituitary gland Pons Medulla Brain ﬆem Cerebellum Midbrain Ventricles Corpus callosum Fig. 15.5 L.S of Human Brain Forebrain: The forebrain is formed of cerebrum and diencephalon.,FOREBRAIN CEREBRUM FORM HYPOTHALAMUS PITUITARY GLAND PONS MEDULLA BRAIN STEM CEREBELLUM MIDBRAIN VENTRICLES CORPUS CALLOSUM FIG HUMAN DIENCEPHALON PAST
The latter consists of dorsal thalamus and ventral hypothalamus.,LATTER THALAMUS CONSIST DORSAL VENTRAL HYPOTHALAMUS PRESENT
Cerebrum It is the largest portion forming nearly two- third of the brain.,CEREBRUM LARGEST PORTION FORM NEARLY THIRD BRAIN
The cerebrum is longitudinally divided into two halves as right and left cerebral hemispheres by a deep cleft called median cleft.,CEREBRUM CLEAVE DIVIDE LONGITUDINALLY TWO HALVE RIGHT LEAVE CEREBRAL HEMISPHERES DEEP CALL MEDIAN PAST
Two cerebral hemispheres are interconnected by thick band of nerve fibres called corpus callosum.,HEMISPHERE FIBRE INTERCONNECT TWO CEREBRAL HEMISPHERES THICK BAND NERVE FIBRES CALL CORPUS CALLOSUM PAST
The outer portion of each cerebral hemisphere is formed of grey matter and is called cerebral cortex.,PORTION MATTER FORM OUTER CEREBRAL HEMISPHERE GREY CALL CORTEX PAST
The inner or deeper part is formed of white matter and is called cerebral medulla.,PART MATTER FORM INNER DEEPER WHITE CALL CEREBRAL MEDULLA PAST
The cortex is extremely folded forming elevations called gyri with depressions between them termed as sulci that increase its surface area.,CORTEX EXTREMELY FOLD FORM ELEVATIONS CALL GYRI DEPRESSIONS TERM SULCI INCREASE SURFACE AREA PAST PRESENT
"Each cerebral hemisphere is divisble into a frontal lobe, a parietal lobe, a temporal lobe and an occipital lobe.",CEREBRAL HEMISPHERE DIVISBLE FRONTAL LOBE PARIETAL TEMPORAL OCCIPITAL
These lobes are also known as cerebral lobes and are associated with specific functions.,LOBE FUNCTION KNOW LOB ALSO CEREBRAL ASSOCIATE SPECIFIC PAST
Any damage in specific lobe inturn affects its function.,DAMAGE FUNCTION AFFECT SPECIFIC LOBE INTURN PRESENT
"The cerebrum is responsible for the thinking, intelligence, consciousness, memory, imagination, reasoning and willpower.",CEREBRUM RESPONSIBLE THINK INTELLIGENCE CONSCIOUSNESS MEMORY IMAGINATION REASON WILLPOWER
Thalamus Thalamus present in cerebral medulla is a major conducting centre for sensory and motor signalling.,THALAMUS PRESENT CEREBRAL MEDULLA MAJOR CONDUCT CENTRE SENSORY MOTOR SIGNAL
It acts as a relay centre.,IT CENTRE ACT RELAY PRESENT
Hypothalamus It lies at the base of the thalamus.,IT THALAMUS LIE HYPOTHALAMUS BASE PRESENT
"It controls involuntary functions like hunger, thirst, sleep, sweating, sexual desire, anger, fear, water balance, blood pressure etc.",IT ETC CONTROL INVOLUNTARY FUNCTION HUNGER THIRST SLEEP SWEAT SEXUAL DESIRE ANGER FEAR WATER BALANCE BLOOD PRESSURE PRESENT
It acts as a thermoregulatory (temperature control) center of the body.,IT BODY ACT THERMOREGULATORY TEMPERATURE CONTROL CENTER PRESENT
It controls the secretion of hormones from anterior pituitary gland and is an important link between nervous system and endocrine system.,IT SYSTEM CONTROL SECRETION HORMONES ANTERIOR PITUITARY GLAND IMPORTANT LINK NERVOUS ENDOCRINE PRESENT
Midbrain It is located between thalamus and hind brain.,IT THALAMUS LOCATE MIDBRAIN HIND BRAIN PAST
The dorsal portion of the mid brain consists of four rounded bodies called corpora quadrigemina that control visual and auditory (hearing) reflexes.,THAT REFLEX CONSIST DORSAL PORTION MID BRAIN FOUR ROUND BODY CALL CORPORA QUADRIGEMINA CONTROL VISUAL AUDITORY HEAR REFLEXES PRESENT PAST
"Hindbrain It is formed of three parts cerebellum, pons and medulla oblongata.",IT CEREBELLUM FORM HINDBRAIN THREE PART PONS MEDULLA OBLONGATA PAST
The human brain constitutes nearly 60 percent of fat.,BRAIN FAT CONSTITUTE HUMAN NEARLY PERCENT PRESENT
The most crucial molecules that determine our brain’s integrity and the ability are Essential Fatty Acids (EFAs).,MOST CRUCIAL MOLECULES DETERMINE BRAIN INTEGRITY ABILITY ESSENTIAL FATTY ACIDS EFAS PRESENT
EFAs cannot be synthesised and must be obtained from food.,EFA FOOD SYNTHESISE EFAS OBTAIN PAST NOT
"Fish, green leafy vegetables, almond, walnut are rich sources of EFAs. 10th_Science Unit-15.indd 222 12/3/2022 3:02:59 PM 223 Nervous System Cerebellum It is second largest part of the brain formed of two large sized hemispheres and middle vermis.",FISH GREEN LEAFY VEGETABLES ALMOND WALNUT RICH SOURCE EFAS PM NERVOUS SYSTEM CEREBELLUM SECOND LARGEST PART BRAIN FORM TWO LARGE SIZE HEMISPHERES MIDDLE VERMIS PAST
It coordinates voluntary movements and also maintains body balance.,IT BALANCE COORDINATE VOLUNTARY MOVEMENTS ALSO MAINTAIN BODY PRESENT
Pons ‘Pons’ a latin word meaning bridge.,PONS LATIN WORD MEAN BRIDGE
It is a bridge of nerve fibre that connects the lobes of cerebellum.,BRIDGE NERVE FIBRE CONNECT LOB CEREBELLUM PRESENT
"It relay signals between the cerebellum, spinal cord, midbrain and cerebrum.",IT CEREBELLUM RELAY SIGNAL SPINAL CORD MIDBRAIN CEREBRUM PRESENT
It controls respiration and sleep cycle.,IT CYCLE CONTROL RESPIRATION SLEEP PRESENT
Medulla Oblongata Medulla oblongata is the posterior most part of the brain that connects spinal cord and various parts of brain.,MEDULLA OBLONGATA POSTERIOR MOST PART BRAIN CONNECT SPINAL CORD VARIOUS PRESENT
"It has cardiac centres, respiratory centres, vasomotor centres to control heart beat, respiration and contractions of blood vessels respectively.",IT VESSEL HAVE CARDIAC CENTRE RESPIRATORY VASOMOTOR CONTROL HEART BEAT RESPIRATION CONTRACTIONS BLOOD VESSELS RESPECTIVELY PRESENT
It also regulates vomiting and salivation.,IT VOMIT REGULATE ALSO SALIVATION PRESENT
"Table 15.1 Overview of brain functions Structure Functions Cerebral cortex Sensory preception, control of voulntary functions, language, thinking, memory, decision making, creativity Thalamus Acts as relay station Hypothalamus Temperature control, thirst, hunger, urination, important link between nervous system and endocrine glands Cerebellum Maintenance of posture and balance,coordinate voluntary muscle activity Pons and medulla Role in sleep-awake cycle, cardiovascular, respiratory and digestive control centers Spinal Cord Spinal cord is a cylindrical structure lying in the neural canal of the vertebral column.",TABLE OVERVIEW BRAIN FUNCTION STRUCTURE CEREBRAL CORTEX SENSORY PRECEPTION CONTROL VOULNTARY LANGUAGE THINK MEMORY DECISION MAKE CREATIVITY THALAMUS ACT RELAY STATION HYPOTHALAMUS TEMPERATURE THIRST HUNGER URINATION IMPORTANT LINK NERVOUS SYSTEM ENDOCRINE GLANDS CEREBELLUM MAINTENANCE POSTURE BALANCE COORDINATE VOLUNTARY MUSCLE ACTIVITY PONS MEDULLA ROLE SLEEP AWAKE CYCLE CARDIOVASCULAR RESPIRATORY DIGESTIVE CENTER SPINAL CORD CYLINDRICAL LIE NEURAL CANAL VERTEBRAL COLUMN
It is also covered by meninges.,IT MENINGE COVER ALSO MENINGES PAST
It extends from the lower end of medulla oblongata to the first lumbar vertebra.,IT VERTEBRA EXTEND LOWER END MEDULLA OBLONGATA FIRST LUMBAR PRESENT
The posterior most region of spinal cord tapers into a thin fibrous thread like structure called filum terminale.,POSTERIOR MOST REGION SPINAL CORD TAPER THIN FIBROUS THREAD STRUCTURE CALL FILUM TERMINALE PAST
"Internally, the spinal cord contains a cerebrospinal fluid filled cavity known as the central canal.",CORD CANAL CONTAIN INTERNALLY SPINAL CEREBROSPINAL FLUID FILL CAVITY KNOW CENTRAL PRESENT PAST
The grey matter of spinal cord is ‘H’ shaped.,GREY MATTER SPINAL CORD H SHAPE
The upper end of letter ‘H” forms posterior horns and lower end forms anterior horns.,UPPER END LETTER H FORM POSTERIOR HORN LOWER ANTERIOR
A bundle of fibres pass into the posterior horn forming dorsal or afferent root.,BUNDLE DORSAL PASS FIBRES POSTERIOR HORN FORM AFFERENT ROOT PRESENT
Fibres pass outward from the anterior horn forming ventral or efferent root.,FIBRE ROOT PASS FIBRES OUTWARD ANTERIOR HORN FORM VENTRAL EFFERENT PRESENT
These two roots joins to form spinal nerves.,ROOT NERVE JOIN TWO FORM SPINAL PRESENT
The white matter is external and have bundle of nerve tracts.,WHITE MATTER EXTERNAL BUNDLE NERVE TRACTS PRESENT
Spinal cord conducts sensory and motor impulses to and from the brain.,CORD BRAIN CONDUCT SPINAL SENSORY MOTOR IMPULSES PRESENT
It controls reflex actions of the body.,IT BODY CONTROL REFLEX ACTION PRESENT
Fig. 15.6 Structure of spinal cord More to Know Electroencephalogram (EEG) is an instrument which records the electrical impulses of brain.,FIG STRUCTURE SPINAL CORD MORE KNOW ELECTROENCEPHALOGRAM EEG INSTRUMENT RECORD ELECTRICAL IMPULSES BRAIN PRESENT
"An EEG can detect abnormalities in the brain waves and help in diagnoses of seizures, epilepsy, brain tumors, head injuries,etc. 10th_Science Unit-15.indd 223 12/3/2022 3:02:59 PM 224 10th Standard Science 15.4 Cerebrospinal Fluid The brain is suspended in a special fluid environment called cerebrospinal fluid (CSF).",BRAIN ENVIRONMENT SUSPEND EEG DETECT ABNORMALITIES WAVE HELP DIAGNOSE SEIZURES EPILEPSY TUMORS HEAD INJURIES PM STANDARD SCIENCE CEREBROSPINAL FLUID SPECIAL CALL CSF PAST
"It is lymph like, watery fluid that surrounds and protects the brain within the skull.",LYMPH WATERY FLUID SURROUND PROTECT BRAIN SKULL PRESENT
It also fills the central canal of the spinal cord.,IT CORD FILL ALSO CENTRAL CANAL SPINAL PRESENT
Functions: (i) It acts as shock absorbing fluid and protects the brain from damage when it is subjected to sudden jerk. (ii) It supplies nutrients to the brain. (iii) It collects and removes wastes from the brain. (iv) It is also responsible for maintaining a constant pressure inside the cranium. 15.5 Reflex Action A reflex is any response that occurs automatically without consciouness.,THAT CONSCIOUNESS COLLECT FUNCTION I ACT SHOCK ABSORB FLUID PROTECT BRAIN DAMAGE SUBJECT SUDDEN JERK II SUPPLY NUTRIENTS III REMOVE WASTE ALSO RESPONSIBLE MAINTAIN CONSTANT PRESSURE CRANIUM REFLEX ACTION RESPONSE OCCUR AUTOMATICALLY PRESENT PAST
There are two types of reflexes. (i) Simple or basic reflexes: These reflexes are inbuilt and unlearned responses.,REFLEX BE TWO TYPE REFLEXES I SIMPLE BASIC INBUILT UNLEARN RESPONSES PRESENT
"Many of the actions we perform in our day to day life are simple reflexes. e.g., winking of eyes when any dust particles enters, sneezing, coughing, yawning, etc.",DUST ENTER WINK MANY ACTION PERFORM DAY LIFE SIMPLE REFLEXES EYE PARTICLES SNEEZE COUGH YAWN PRESENT
We perform these actions without thinking. (ii) Acquired or conditioned reflexes: These reflexes are the result of practice and learning.,REFLEX PRACTICE PERFORM ACTION THINK II ACQUIRE CONDITION REFLEXES RESULT LEARN PRESENT PAST
Playing harmonium by striking a particular key on seeing a music note is an example of conditioned reflexes which required conscious training effort.,PLAY HARMONIUM STRIKE PARTICULAR KEY SEE MUSIC NOTE EXAMPLE CONDITION REFLEXES REQUIRE CONSCIOUS TRAIN EFFORT PAST
Can you think of some more examples of conditioned reflexes?,YOU REFLEX THINK MORE EXAMPLES CONDITION REFLEXES PAST QUESTION
"Most of the reflex actions are monitored and controlled by the spinal cord, hence also known as spinal reflexes.",MOST REFLEX MONITOR ACTION CONTROL SPINAL CORD HENCE ALSO KNOW REFLEXES PAST
The pathway taken by nerve impulse to accomplish reflex action is called reflex arc.,PATHWAY ACTION CALL TAKE NERVE IMPULSE ACCOMPLISH REFLEX ARC PAST
"Now, let us understand how the body executes reflex action when we touch a hot plate. (i) When we touch a very hot pan, the stimulus is the heat which is sensed by receptor called as heat receptors or thermoreceptors in our hand.",WHICH HAND LET NOW UNDERSTAND BODY EXECUTE REFLEX ACTION TOUCH HOT PLATE I VERY PAN STIMULUS HEAT SENSE RECEPTOR CALL RECEPTORS THERMORECEPTORS PRESENT PAST
This stimulus (heat) inturn triggers an impulse in sensory neuron.,INTURN NEURON TRIGGER STIMULUS HEAT IMPULSE SENSORY PRESENT
Fig. 15.7 Reflex action and its pathway (ii) The sensory neuron transmits or conveys the message to the spinal cord. (iii) Spinal cord interprets the stimulus and the impulse is passed on to the relay neuron which inturn transmits it to a motor neuron. (iv) Motor neurons carry command from spinal cord to our arm. (v) Muscle in our arm contracts and we withdraw our hand immediately from the pan.,WE PAN CARRY FIG REFLEX ACTION PATHWAY II SENSORY NEURON TRANSMIT CONVEY MESSAGE SPINAL CORD III INTERPRET STIMULUS IMPULSE PASS RELAY INTURN MOTOR NEURONS COMMAND ARM MUSCLE CONTRACT WITHDRAW HAND IMMEDIATELY PRESENT PAST
"In this example, muscle is an effector organ which has responded to the heat.",EXAMPLE MUSCLE EFFECTOR ORGAN RESPOND HEAT PAST
You will study in higher classes how the neuronal impulse triggers the muscular movement. 15.6 Peripheral Nervous System Peripheral nervous system is formed by the nerves arising from the brain and the spinal cord.,SYSTEM BRAIN FORM STUDY HIGHER CLASS NEURONAL IMPULSE TRIGGER MUSCULAR MOVEMENT PERIPHERAL NERVOUS NERVE ARISE SPINAL CORD PRESENT PAST
The nerves arising from the brain 10th_Science Unit-15.indd 224 12/3/2022 3:02:59 PM 225 Nervous System are called cranial nerves.,NERVE BRAIN CALL ARISE PM NERVOUS SYSTEM CRANIAL PAST
Nerves arising from spinal cord are called spinal nerves.,NERVE CORD CALL ARISE SPINAL PAST
"Cranial Nerves In man, there are 12 pairs of cranial nerves.",CRANIAL NERVE MAN PAIR PRESENT
Some of the cranial nerves are sensory e.g. optic nerve which innervates the eye.,CRANIAL NERVE SENSORY OPTIC INNERVATE EYE PRESENT
Some are motor nerves which helps in rotation of eyeball.,MOTOR NERVE HELP ROTATION EYEBALL PRESENT
"It also innervates the eye muscles, muscles of iris and tear gland.",IT IRIS INNERVATE ALSO EYE MUSCLE TEAR GLAND PRESENT
Spinal Nerves There are 31 pairs of spinal nerves.,SPINAL NERVE PAIR PRESENT
Each spinal nerve has a dorsal sensory root and the ventral motor root.,NERVE ROOT HAVE SPINAL DORSAL SENSORY VENTRAL MOTOR PRESENT
The direction of impulses in dorsal spinal root is towards the spinal cord and in ventral spinal root away from the spinal cord. 15.7 Autonomic Nervous System Autonomic nervous system (ANS) is also called as visceral nervous system as it regulates the function of internal visceral organs of our body through its two antagonistic (opposite) components sympathetic and parasympathetic systems.,IT COMPONENT CALL DIRECTION IMPULSES DORSAL SPINAL ROOT CORD VENTRAL AWAY AUTONOMIC NERVOUS SYSTEM ANS ALSO VISCERAL REGULATE FUNCTION INTERNAL ORGANS BODY TWO ANTAGONISTIC OPPOSITE COMPONENTS SYMPATHETIC PARASYMPATHETIC SYSTEMS PAST PRESENT
They enable the body to perform rapid and specific visceral activities in order to maintain steady state.,THEY STATE ENABLE BODY PERFORM RAPID SPECIFIC VISCERAL ACTIVITIES ORDER MAINTAIN STEADY PRESENT
It controls the involuntary functions of the visceral organs.,IT ORGAN CONTROL INVOLUNTARY FUNCTION VISCERAL ORGANS PRESENT
Fig. 15.8 Sympathetic and Parasympathetic nervous system Activity 3 Use the letter and number code to decode the given information 24 18 13 26 8 2 15 24 4 9 4 5 8 25 7 19 1 15 21 1 9 8 7 22 2 7 18 23 25 1 4 12 10 8 2 13 8 13 5 1 5 B Z 19 1 15 21 1 9 8 7 22 8 7 8 24 26 1 9 1 15 12 23 24 9 18 7 3 23 12 1 9 A B C D E F G H I J K L M 24 2 21 18 1 22 12 10 4 16 14 26 20 N O P Q R S T U V W X Y Z 9 7 19 6 15 5 8 13 11 25 3 23 0 Activity 2 You must say the colour of the word but not the name of the word.,YOU WORD SAY FIG SYMPATHETIC PARASYMPATHETIC NERVOUS SYSTEM ACTIVITY USE LETTER NUMBER CODE DECODE GIVE INFORMATION B Z C D E F G H I J K L M N O P Q R S T U V W X Y COLOUR NAME PAST NOT
"BLUE RED YELLOW ORANGE GREEN BLUE PURPLE RED PURPLE YELLOW RED BLUE 10th_Science Unit-15.indd 225 12/3/2022 3:02:59 PM 226 10th Standard Science Points to Remember  Nervous system controls and coordinates the activities of our body.  Neuron is the structural and functional unit of the cell and has three parts- cyton, dendrites and axon.  A receptor is a cell or group of cells that receives the stimuli.",BLUE RED YELLOW ORANGE GREEN PURPLE PM STANDARD SCIENCE POINT REMEMBER NERVOUS SYSTEM CONTROL COORDINATE ACTIVITIES BODY NEURON STRUCTURAL FUNCTIONAL UNIT CELL THREE CYTON DENDRITES AXON RECEPTOR GROUP CELLS RECEIVE STIMULI PRESENT
An effector is a part of the body which can respond to a stimulus according to the instructions from the brain or the spinal cord.  CNS is formed of brain and spinal cord.,CNS BRAIN FORM EFFECTOR PART BODY RESPOND STIMULUS ACCORD INSTRUCTIONS SPINAL CORD PAST
PNS consists of all nerves which connect brain and spinal cord to all parts of the body.,WHICH BODY CONSIST PNS NERVE CONNECT BRAIN SPINAL CORD PART PRESENT
"ANS operates automatically and formed of sympathetic and parasympathetic nerves  A reflex action is a rapid, automatic response to a stimulus which is not under the voluntary control of the brain.",WHICH BRAIN OPERATE ANS AUTOMATICALLY FORM SYMPATHETIC PARASYMPATHETIC NERVE REFLEX ACTION RAPID AUTOMATIC RESPONSE STIMULUS VOLUNTARY CONTROL PRESENT PAST NOT
Choose the correct answer 1.,CHOOSE CORRECT ANSWER
Bipolar neurons are found in (a) retina of eye (b) cerebral cortex (c) embryo (d) respiratory epithelium 2.,NEURON EPITHELIUM FIND BIPOLAR NEURONS RETINA EYE B CEREBRAL CORTEX C EMBRYO RESPIRATORY PAST
"Site for processing of vision, hearing, memory, speech, intelligence and thought is (a) kidney (b) ear (c) brain (d) lungs 3.",SITE PROCESS VISION HEAR MEMORY SPEECH INTELLIGENCE THINK KIDNEY B EAR C BRAIN LUNGS
"In reflex action, the reflex arc is formed by (a) brain, spinal cord, muscle (b) receptor, muscle, spinal cord (c) muscle, receptor, brain (d) receptor, spinal cord, muscle 4.",ARC BRAIN FORM REFLEX ACTION SPINAL CORD MUSCLE B RECEPTOR C D PAST
"Dendrites transmit impulse cell body and axon transmit impulse cell body. (a) away from, away from (b) towards, away from (c) towards,towards (d) away from, towards 5.",DENDRITE 5 TRANSMIT DENDRITES IMPULSE CELL BODY AXON AWAY B C D PRESENT
The outer most of the three cranial meninges is (a) arachnoid membrane (b) piamater (c) duramater (d) myelin sheath 6.,OUTER MOST THREE CRANIAL MENINGES ARACHNOID MEMBRANE B PIAMATER C DURAMATER MYELIN SHEATH
"There are pairs of cranial nerves and pairs of spinal nerves. (a) 12, 31 (b) 31, 12 (c) 12, 13 (d) 12, 21 TEXTBOOK EVALUATION 7.",TEXTBOOK NERVE BE PAIR CRANIAL SPINAL B C D EVALUATION PRESENT
The neurons which carries impulse from the central nervous system to the muscle fibre. (a) afferent neurons (b) association neuron (c) efferent neuron (d) unipolar neuron 8.,NEURONS CARRY IMPULSE CENTRAL NERVOUS SYSTEM MUSCLE FIBRE AFFERENT B ASSOCIATION NEURON C EFFERENT D UNIPOLAR PRESENT
Which nervous band connects the two cerebral hemispheres of brain? (a) thalamus (b) hypothalamus (c) corpus callosum (d) pons 9.,BAND BRAIN CONNECT NERVOUS TWO CEREBRAL HEMISPHERES THALAMUS B HYPOTHALAMUS C CALLOSUM D PONS PRESENT
Node of Ranvier is found in (a) muscles (b) axons (c) dendrites (d) cyton 10.,NODE DENDRITE FIND RANVIER MUSCLE B AXONS C DENDRITES CYTON PAST
Vomiting centre is located in (a) medulla oblongata (b) stomach (c) cerebrum (d) hypothalamus 11.,CENTRE HYPOTHALAMUS LOCATE VOMIT MEDULLA OBLONGATA B STOMACH C CEREBRUM PAST PRESENT
Nerve cells do not possess (a) neurilemma (b) sarcolemma (c) axon (d) dendrites 12.,CELL DENDRITE POSSESS NERVE CELLS NEURILEMMA B SARCOLEMMA C AXON D DENDRITES PRESENT NOT
"A person who met with an accident lost control of body temperature, water balance, and hunger.",WHO TEMPERATURE LOSE PERSON MEET ACCIDENT CONTROL BODY WATER BALANCE HUNGER PAST
Which of the following part of brain is supposed to be damaged? (a) Medulla oblongata (b) cerebrum (c) pons (d) hypothalamus 10th_Science Unit-15.indd 226 12/3/2022 3:02:59 PM 227 Nervous System II.,WHICH BRAIN HYPOTHALAMUS FOLLOW PART SUPPOSE DAMAGE MEDULLA OBLONGATA B CEREBRUM C PONS PM NERVOUS SYSTEM II PAST PRESENT
Fill in the blanks 1. is the longest cell in our body. 2.,FILL BLANK LONGEST CELL BODY
Impulses travels rapidly in neurons. 3.,IMPULSE NEURON TRAVEL IMPULSES RAPIDLY NEURONS PRESENT
A change in the environment that causes an animal to react is called . 4. carries the impulse towards the cell body. 5.,4 BODY CARRY CHANGE ENVIRONMENT CAUSE ANIMAL REACT CALL IMPULSE CELL PRESENT PAST
The two antagonistic component of autonomic nervous system are and . 6.,TWO ANTAGONISTIC COMPONENT AUTONOMIC NERVOUS SYSTEM
A neuron contains all cell organelles except . 7. maintains the constant pressure inside the cranium. 8. and increases the surface area of cerebrum. 9.,. CEREBRUM INCREASE NEURON CONTAIN CELL ORGANELLES MAINTAIN CONSTANT PRESSURE CRANIUM SURFACE AREA PRESENT
The part of human brain which acts as relay center is .,PART HUMAN BRAIN ACT RELAY CENTER PRESENT
III.,III
"State whether true or false, if false write the correct statement 1.",STATE TRUE FALSE WRITE CORRECT STATEMENT
Dendrons are the longest fibres that conducts impulses away from the cell body. 2.,DENDRONS LONGEST FIBRES CONDUCT IMPULSES AWAY CELL BODY PRESENT
Sympathetic nervous system is a part of central nervous system. 3.,SYMPATHETIC NERVOUS SYSTEM PART CENTRAL
Hypothalamus is the thermoregulatory centre of human body. 4.,HYPOTHALAMUS THERMOREGULATORY CENTRE HUMAN BODY
Cerebrum controls the voluntary actions of our body. 5.,CEREBRUM BODY CONTROL VOLUNTARY ACTION PRESENT
In the central nervous system myelinated fibres form the white matter. 6.,CENTRAL NERVOUS SYSTEM MYELINATED FIBRES FORM WHITE MATTER PAST PRESENT
All the nerves in the body are covered and protected by meninges. 7.,NERVE MENINGE COVER BODY PROTECT MENINGES PAST
Cerebrospinal fluid provides nutrition to brain. 8.,FLUID NUTRITION PROVIDE CEREBROSPINAL BRAIN PRESENT
Reflex arc allows the rapid response of the body to a stimulus. 9.,ARC STIMULUS ALLOW REFLEX RAPID RESPONSE BODY PRESENT
Pons helps in regulating respiration.,PON RESPIRATION HELP PONS REGULATE PRESENT
IV.,IV
Match the following Column I Column II A.,MATCH FOLLOW COLUMN I II
Nissil’s granules Forebrain B.,NISSIL GRANULES FOREBRAIN
Hypothalamus Peripheral Nervous system C.,HYPOTHALAMUS PERIPHERAL NERVOUS SYSTEM
Cerebellum Cyton D.,CEREBELLUM CYTON
Schwann cell Hindbrain V.,SCHWANN CELL HINDBRAIN
Understand the assertion statement.,UNDERSTAND ASSERTION STATEMENT
Justify the reason given and choose the correct choice a.,JUSTIFY REASON GIVE CHOOSE CORRECT CHOICE PAST
Assertion is correct and reason is wrong b.,ASSERTION CORRECT REASON WRONG
Reason is correct and the assertion is wrong c.,REASON CORRECT ASSERTION WRONG
Both assertion and reason are correct d.,ASSERTION REASON CORRECT
Both assertion and reason are wrong 1.,ASSERTION REASON WRONG
Assertion: Cerebrospinal fluid is present throughout the central nervous system.,ASSERTION CEREBROSPINAL FLUID PRESENT CENTRAL NERVOUS SYSTEM
Reason: Cerebrospinal fluid has no such functions. 2.,FLUID FUNCTION HAVE REASON CEREBROSPINAL SUCH PRESENT NOT
Assertion: Corpus callosum is present in space between the duramater and piamater.,ASSERTION CORPUS CALLOSUM PRESENT SPACE DURAMATER PIAMATER
Reason: It serves to maintain the constant intracranial pressure.,REASON SERVE MAINTAIN CONSTANT INTRACRANIAL PRESSURE PRESENT
VI.,VI
Short answer questions 1.,SHORT ANSWER QUESTION PRESENT
Define stimulus. 2.,DEFINE STIMULUS
Name the parts of the hind brain. 3.,NAME PART HIND BRAIN
What are the structures involved in the protection of brain? 4.,STRUCTURE INVOLVE PROTECTION BRAIN PAST
Give an example for conditioned reflexes. 5.,GIVE EXAMPLE CONDITION REFLEXES PAST
Which acts as a link between the nervous system and endocrine system? 6.,WHICH SYSTEM ACT LINK NERVOUS ENDOCRINE PRESENT
Define reflex arc.,DEFINE REFLEX ARC
VII.,VII
Differentiate between 1.,DIFFERENTIATE
Voluntary and involuntary actions. 2.,VOLUNTARY INVOLUNTARY ACTION
Medullated and non-medullated nerve fibre.,MEDULLATED NON NERVE FIBRE
VIII.,VIII
Long answer questions 1.,LONG ANSWER QUESTION
With a neat labelled diagram explain the structure of a neuron. 10th_Science Unit-15.indd 227 12/3/2022 3:02:59 PM 228 10th Standard Science 2.,NEAT LABEL DIAGRAM EXPLAIN STRUCTURE NEURON PM STANDARD SCIENCE PAST PRESENT
Illustrate the structure and functions of brain. 3.,ILLUSTRATE STRUCTURE FUNCTION BRAIN
What will you do if someone pricks your hand with a needle?,SOMEONE NEEDLE DO PRICK HAND PRESENT WHAT
Elucidate the pathway of response with a neat labelled diagram. 4.,ELUCIDATE PATHWAY RESPONSE NEAT LABEL DIAGRAM PAST
Describe the structure of spinal cord. 5.,DESCRIBE STRUCTURE SPINAL CORD
How nerve impulses are transferred from one neuron to next neuron? 6.,IMPULSE NEURON TRANSFER NERVE IMPULSES ONE NEXT PAST
Classify neurons based on its structure.,CLASSIFY NEURONS BASE STRUCTURE PAST
IX.,IX
Higher Order Thinking Skills (HOTS) 1. ‘A’ is a cylindrical structure that begins from the lower end of medulla and extend downwards.,HIGHER ORDER THINK SKILLS HOTS CYLINDRICAL STRUCTURE BEGIN LOWER END MEDULLA EXTEND DOWNWARDS PRESENT
It is enclosed in bony cage ‘B’ and covered by membranes ‘C’.,IT MEMBRANE ENCLOSE BONY CAGE B COVER MEMBRANES C PAST
As many as ‘D’ pairs of nerves arise from the structure ‘A’. (i) What is A? (ii) Name (a) bony cage ‘B’ and (b) membranes ‘C’ (iii) How much is D? 2.,AS MANY D PAIR NERVE ARISE STRUCTURE I II NAME BONY CAGE B MEMBRANES C III MUCH PRESENT
Our body contains a large number of cells ‘L’ which are the longest cells in the body.,WHICH BODY CONTAIN LARGE NUMBER CELLS L LONGEST PRESENT
L has long and short branch called as ‘M’ and ‘N’ respectively.,L M HAVE LONG SHORT BRANCH CALL N RESPECTIVELY PRESENT PAST
"There is a gap ‘O’ between two ‘L’ cells, through which nerve impulse transfer by release of chemical substance ‘P’. (i) Name the cells L (ii) What are M and N? (iii) What is the gap O? (iv) Name the chemical substance P REFERENCE BOOKS 1.",GAP REFERENCE NAME O TWO L CELLS NERVE IMPULSE TRANSFER RELEASE CHEMICAL SUBSTANCE P I II M N III BOOK PRESENT
"Guyton and Hall, 2003, Textbook of Medical Physiology; Harcourt Indian Private Limited. 2.",GUYTON HALL TEXTBOOK MEDICAL PHYSIOLOGY HARCOURT INDIAN PRIVATE LIMIT
Sherwood.,SHERWOOD
"L., 2007, Human Physiology: From cells to systems 6th Edition, Indian edition, Thomson Brooks/Cole. 3.",HUMAN PHYSIOLOGY CELLS SYSTEMS EDITION INDIAN THOMSON BROOK COLE
"Singh, H.D., 2007, Handbook of Basic Human Physiology for Paramedical Students.",SINGH HANDBOOK BASIC HUMAN PHYSIOLOGY PARAMEDICAL STUDENTS
Chand and Company Ltd.,CHAND COMPANY
New Delhi.,NEW DELHI
INTERNET RESOURCES 1. http://www.britannica.com/science/ nervous-system 2. http://www.sumanasine.com/webcontent/ animations/neurobiology.html Concept Map Parasympathetic Nerves HUMAN NERVOUS SYSTEM Central Nervous System Peripheral Nervous System Autonomic Nervous System Sympathetic Nerves Spinal Cord Brain Cranial Nerves Spinal Nerves 10th_Science Unit-15.indd 228 12/3/2022 3:02:59 PM 229 Learning Objectives At the end of this lesson the students will be able to:  Define hormone.  List out plant hormones.  Classify plant hormones into growth promoters and growth inhibitors.  Differentiate the physiological effects of various plant hormones.  Understand how plant hormones control and coordinate various physiological activities in plants.  Know the various endocrine glands in the human body.  Identify the location and structure of the endocrine glands in the human body.  Differentiate exocrine and endocrine glands.  Know the specific site of action and their functions.  Identify the disorders which occur due to decreased or increased hormone secretion.,WHICH SECRETION IDENTIFY INTERNET RESOURCES NERVOUS SYSTEM ANIMATIONS CONCEPT MAP PARASYMPATHETIC NERVE HUMAN CENTRAL PERIPHERAL AUTONOMIC SYMPATHETIC SPINAL CORD BRAIN CRANIAL PM LEARN OBJECTIVES END LESSON STUDENTS ABLE DEFINE HORMONE LIST PLANT HORMONES CLASSIFY GROWTH PROMOTERS INHIBITORS DIFFERENTIATE PHYSIOLOGICAL EFFECT VARIOUS UNDERSTAND CONTROL COORDINATE ACTIVITIES KNOW ENDOCRINE GLANDS BODY LOCATION STRUCTURE EXOCRINE SPECIFIC SITE ACTION FUNCTION DISORDER OCCUR DUE DECREASE INCREASE PRESENT PAST
Introduction The word hormone is derived from the Greek word “hormon” meaning “ to excite”.,HORMONE MEAN DERIVE INTRODUCTION WORD GREEK HORMON EXCITE PAST
The function of control and coordination in plants is performed by chemical substances produced by the plants called plant hormones.,FUNCTION PLANT PERFORM CONTROL COORDINATION CHEMICAL SUBSTANCES PRODUCE CALL HORMONES PAST
In plants several cells are capable of producing hormones.,PLANT SEVERAL CELLS CAPABLE PRODUCE HORMONES
These phytohormones are transported to different parts of the plants to perform various physiological functions.,PHYTOHORMONE FUNCTION TRANSPORT PHYTOHORMONES DIFFERENT PART PLANT PERFORM VARIOUS PHYSIOLOGICAL PAST
Endocrine glands in vertebrate animals possess a diversified communication system to co-ordinate physiological and metabolic functions by chemical integration.,ENDOCRINE INTEGRATION POSSESS GLANDS VERTEBRATE ANIMALS DIVERSIFY COMMUNICATION SYSTEM CO ORDINATE PHYSIOLOGICAL METABOLIC FUNCTION CHEMICAL PRESENT
The endocrine system acts through chemical messengers known as hormones which are produced by specialized glands.,WHICH GLAND ACT ENDOCRINE SYSTEM CHEMICAL MESSENGERS KNOW HORMONES PRODUCE SPECIALIZE GLANDS PRESENT PAST
"Physiological processes such as digestion, metabolism, growth, development and reproduction are controlled by hormones. 16.1 Plant Hormones Plant hormones are organic molecules that are produced at extremely low concentration in plants.",THAT PLANT CONTROL PHYSIOLOGICAL PROCESS SUCH DIGESTION METABOLISM GROWTH DEVELOPMENT REPRODUCTION HORMONES ORGANIC MOLECULES PRODUCE EXTREMELY LOW CONCENTRATION PAST
"These molecules control morphological, physiological and biochemical responses.",MOLECULE RESPONSE CONTROL MOLECULES MORPHOLOGICAL PHYSIOLOGICAL BIOCHEMICAL RESPONSES PRESENT
PLANT AND ANIMAL HORMONES 230 10th Standard Science Types of Plant Hormones There are five major classes of plant hormones.,PLANT HORMONE BE ANIMAL HORMONES STANDARD SCIENCE TYPE FIVE MAJOR CLASS PRESENT
Auxins 2.,AUXINS
Cytokinins 3.,CYTOKININS
Gibberellins 4.,GIBBERELLINS
Abscisic Acid (ABA) 5.,ABSCISIC ACID ABA
"Ethylene Among all these plant hormones auxins, cytokinins and gibberellins promote plant growth while abscisic acid and ethylene inhibit plant growth.",ETHYLENE GROWTH PROMOTE PLANT HORMONES AUXINS CYTOKININS GIBBERELLINS ABSCISIC ACID INHIBIT PRESENT
Figure 16.1 Hormonal interaction in plant growth and development 16.1.1 Auxins Auxins (Gk. auxein = to grow) were the first plant hormones discovered.,HORMONE GROWTH DISCOVER FIGURE HORMONAL INTERACTION PLANT DEVELOPMENT AUXINS GK AUXEIN GROW FIRST HORMONES PRESENT PAST
The term auxin was introduced by Kogl and Haagen- Smith (1931).,AUXIN SMITH INTRODUCE TERM KOGL PAST
Auxins are produced at the tip of stems and roots from where they migrate to the zone of elongation.,THEY ELONGATION PRODUCE AUXINS TIP STEM ROOT MIGRATE ZONE PAST PRESENT
"Charles Darwin (1880), observed unilateral growth and curvature of canary grass (Phalaris canariensis) coleoptiles.",DARWIN COLEOPTILE OBSERVE CHARLES UNILATERAL GROWTH CURVATURE CANARY GRASS PHALARIS CANARIENSIS COLEOPTILES PAST
He came to the conclusion that some ‘influence’ was transmitted from the tip of the coleoptile to the basal region.,INFLUENCE REGION COME CONCLUSION TRANSMIT TIP COLEOPTILE BASAL PAST
"This ‘influence’ was later identified as Auxin by Went. 16.1.1.1 Went’s Experiment Frits Warmolt Went (1903– 1990), a Dutch biologist demonstrated the existence and effect of auxin in plants.",BIOLOGIST PLANT DEMONSTRATE INFLUENCE LATER IDENTIFY AUXIN GO EXPERIMENT FRITS WARMOLT DUTCH EXISTENCE EFFECT FUTURE PAST
He did a series of experiments in Avena coleoptiles.,HE COLEOPTILE DO SERIES EXPERIMENT AVENA COLEOPTILES PAST
In his first experiment he removed the tips of Avena coleoptiles.,HE COLEOPTILE REMOVE FIRST EXPERIMENT TIP AVENA COLEOPTILES PAST
The cut tips did not grow indicating that the tips produced something essential for growth.In his second experiment he placed the agar blocks on the decapitated coleoptile tips.,HE TIP PLACE CUT GROW INDICATE PRODUCE ESSENTIAL GROWTH SECOND EXPERIMENT AGAR BLOCK DECAPITATE COLEOPTILE PAST NOT
The coleoptile tips did not show any response.,TIP RESPONSE SHOW COLEOPTILE NOT
In his next experiment he placed the detached coleoptile tips on agar blocks.,HE BLOCK PLACE NEXT EXPERIMENT DETACH COLEOPTILE TIP AGAR PAST
"After an hour, he discarded the tips and placed this agar block on the decapitated coleoptile.",HE COLEOPTILE DISCARD HOUR TIP PLACE AGAR BLOCK DECAPITATE PAST
It grew straight up indicating that some chemical had diffused from the cut coleoptile tips into the agar block which stimulated the growth.,WHICH GROWTH GROW STRAIGHT UP INDICATE CHEMICAL DIFFUSE CUT COLEOPTILE TIP AGAR BLOCK STIMULATE PAST
"From his experiments Went concluded that a chemical diffusing from the tip of coleoptiles was responsible for growth, and he named it as “Auxin” meaning ‘to grow”.",HE MEAN CONCLUDE EXPERIMENT GO CHEMICAL DIFFUSE TIP COLEOPTILES RESPONSIBLE GROWTH NAME AUXIN GROW PAST
"Figure 16.2 Went’s Experiment Types of Auxins: Auxins are classified into two types, namely natural auxins and synthetic auxins. 1.",AUXIN TYPE CLASSIFY FIGURE GO EXPERIMENT AUXINS TWO NAMELY NATURAL SYNTHETIC PAST
Natural Auxins: Auxins produced by the plants are called natural auxins.,AUXIN PLANT CALL NATURAL AUXINS PRODUCE PAST
Example: IAA (Indole – 3 - Acetic Acid) 2.,EXAMPLE IAA INDOLE ACETIC ACID
Synthetic Auxins: Artificially synthesized auxins that have properties like auxins are called as synthetic auxins.,PROPERTY AUXIN SYNTHESIZE SYNTHETIC AUXINS ARTIFICIALLY PROPERTIES CALL PAST PRESENT
"Example: 2, 4 D (2,4 Dichlorophenoxy Acetic Acid).",EXAMPLE D DICHLOROPHENOXY ACETIC ACID
Physiological effects of auxins: Auxins bring about a variety of physiological effects in different parts of the plant body. 10th_Science Unit-16.indd 230 12/3/2022 3:04:31 PM 231 Plant and Animal Hormones 1.,AUXIN BODY BRING PHYSIOLOGICAL EFFECT AUXINS VARIETY DIFFERENT PART PLANT PM ANIMAL HORMONES PRESENT
Auxins promote the elongation of stems and coleoptiles which makes them to grow.,THEY STEM PROMOTE AUXINS ELONGATION COLEOPTILES MAKE GROW PRESENT
Auxin Figure 16.3 Cell Elongation 2.,AUXIN FIGURE CELL ELONGATION
Auxins induce root formation at low concentration and inhibit it at higher concentration. 3.,AUXIN CONCENTRATION INDUCE AUXINS ROOT FORMATION LOW INHIBIT HIGHER PRESENT
The auxins produced by the apical buds suppress growth of lateral buds.,AUXINS PRODUCE APICAL BUD SUPPRESS GROWTH LATERAL PAST
This is called apical dominance. 4.,CALL APICAL DOMINANCE PAST
Seedless fruits without fertilization are induced by the external application of auxins. (Parthenocarpy).,FRUIT AUXIN INDUCE SEEDLESS FERTILIZATION EXTERNAL APPLICATION AUXINS PARTHENOCARPY PAST
"Examples: Watermelon, Grapes, Lime etc. 5.",EXAMPLES WATERMELON GRAPES LIME ETC
Auxins prevent the formation of abscission layer.,AUXIN LAYER PREVENT AUXINS FORMATION ABSCISSION PRESENT
Phenyl Acetic Acid (PAA) and Indole 3 Acetonitrile (IAN) are natural auxins.,PHENYL ACETIC ACID PAA INDOLE ACETONITRILE IAN NATURAL AUXINS
"Indole 3 Butyric Acid (IBA), Indole-3- Propionic Acid, α-Naphthalene Acetic Acid (NAA), 2, 4, 5-T (2,4,5 Trichlorophenoxy Acetic Acid) are some of the synthetic auxins. 16.1.2 Cytokinins Cytokinins (Cytos - cell; kinesis - division) are the plant hormones that promote cell division or cytokinesis in plant cells.",INDOLE BUTYRIC ACID IBA PROPIONIC Α NAPHTHALENE ACETIC NAA T TRICHLOROPHENOXY SYNTHETIC AUXINS CYTOKININS CYTOS CELL KINESIS DIVISION PLANT HORMONES PROMOTE CYTOKINESIS CELLS PRESENT
It was first isolated from Herring fish sperm.,IT SPERM ISOLATE FIRST HERRING FISH PAST
Zeatin was the cytokinin isolated from Zea mays.,ZEATIN CYTOKININ ISOLATE ZEA MAYS PAST
Cytokinin is found abundantly in liquid endosperm of coconut.,CYTOKININ COCONUT FIND ABUNDANTLY LIQUID ENDOSPERM PAST
Physiological effects of cytokinins 1.,PHYSIOLOGICAL EFFECT CYTOKININS
Cytokinin induces cell division (cytokinesis) in the presence of auxins. 2.,CYTOKININ AUXIN INDUCE CELL DIVISION CYTOKINESIS PRESENCE AUXINS PRESENT
Cytokinin also causes cell enlargement. 3.,CYTOKININ ENLARGEMENT CAUSE ALSO CELL PRESENT
Both auxins and cytokinins are essential for the formation of new organs from the callus in tissue culture (Morphogenesis). 4.,AUXINS CYTOKININS ESSENTIAL FORMATION NEW ORGANS CALLUS TISSUE CULTURE MORPHOGENESIS
Cytokinins promote the growth of lateral buds even in the presence of apical bud. 5.,CYTOKININ 5 PROMOTE CYTOKININS GROWTH LATERAL BUD EVEN PRESENCE APICAL PRESENT
Application of cytokinin delays the process of ageing in plants.,APPLICATION CYTOKININ DELAY PROCESS AGE PLANT
This is called Richmond Lang effect. 16.1.3 Gibberellins Gibberellins are the most abundantly found plant hormones.,CALL RICHMOND LANG EFFECT GIBBERELLINS MOST ABUNDANTLY FIND PLANT HORMONES PAST
Kurosawa (1926) observed Bakanae disease or foolish seedling disease in rice crops.,KUROSAWA CROP OBSERVE BAKANAE DISEASE FOOLISH SEEDLING RICE PAST
This internodal elongation in rice was caused by fungus Gibberella fujikuroi.,ELONGATION FUJIKUROI CAUSE INTERNODAL RICE FUNGUS GIBBERELLA PAST
The active substance was identified as Gibberellic acid.,SUBSTANCE ACID IDENTIFY ACTIVE GIBBERELLIC PAST
Physiological effects of gibberellins 1.,PHYSIOLOGICAL EFFECT GIBBERELLINS
Application of gibberellins on plants stimulate extraordinary elongation of internode. e.g.,APPLICATION INTERNODE STIMULATE GIBBERELLINS PLANT EXTRAORDINARY ELONGATION PRESENT
Corn and Pea.,CORN PEA
Bolted shoot Rosette leaves Figure 16.4 Bolting 2.,ROSETTE FIGURE LEAVE BOLT SHOOT PAST PRESENT
Treatment of rosette plants with gibberellin induces sudden shoot elongation followed by flowering.,TREATMENT FLOWER INDUCE ROSETTE PLANT GIBBERELLIN SUDDEN SHOOT ELONGATION FOLLOW PRESENT PAST
This is called bolting. 10th_Science Unit-16.indd 231 12/3/2022 3:04:32 PM 232 10th Standard Science 3.,CALL BOLT PM STANDARD SCIENCE PAST
Gibberellins promote the production of male flowers in monoecious plants (Cucurbits). 4.,GIBBERELLIN PLANT PROMOTE GIBBERELLINS PRODUCTION MALE FLOWER MONOECIOUS CUCURBITS PRESENT
Gibberellins break dormancy of potato tubers. 5.,GIBBERELLIN TUBER BREAK GIBBERELLINS DORMANCY POTATO TUBERS PRESENT
Gibberellins are efficient than auxins in inducing the formation of seedless fruit - Parthenocarpic fruits (Development of fruits without fertilization) e.g.,GIBBERELLINS EFFICIENT AUXINS INDUCE FORMATION SEEDLESS FRUIT PARTHENOCARPIC DEVELOPMENT FERTILIZATION
Tomato. 16.1.4 Abscisic Acid Abscisic acid (ABA) is a growth inhibitor which regulates abscission and dormancy.,TOMATO ABSCISIC ACID ABA GROWTH INHIBITOR REGULATE ABSCISSION DORMANCY PRESENT
It increases tolerance of plants to various kinds of stress.,IT STRESS INCREASE TOLERANCE PLANT VARIOUS KINDS PRESENT
"So, it is also called as stress hormone.",IT HORMONE CALL ALSO STRESS PAST
It is found in the chloroplast of plants.,IT PLANT FIND CHLOROPLAST PAST
Physiological effects of abscisic acid 1.,PHYSIOLOGICAL EFFECT ABSCISIC ACID
"ABA promotes the process of abscission (separation of leaves, flowers and fruits from the branch). 2.",ABA BRANCH PROMOTE PROCESS ABSCISSION SEPARATION LEAVE FLOWER FRUIT PRESENT
During water stress and drought conditions ABA causes stomatal closure.,ABA CLOSURE CAUSE WATER STRESS DROUGHT CONDITION STOMATAL PRESENT
"Healthy, green plant Senescence, yellow plant Abscised plant leaf Figure 16.5 Senescence and abscission 3.",HEALTHY GREEN PLANT SENESCENCE YELLOW ABSCISE LEAF FIGURE ABSCISSION
ABA promotes senescence in leaves by causing loss of chlorophyll. 4.,ABA CHLOROPHYLL PROMOTE SENESCENCE LEAVE CAUSE LOSS PRESENT
ABA induces bud dormancy towards the approach of winter in trees like birch. 5.,ABA BIRCH INDUCE BUD DORMANCY APPROACH WINTER TREE PRESENT
ABA is a powerful inhibitor of lateral bud growth in tomato. 16.1.5 Ethylene Ethylene is a gaseous plant hormone.,ABA POWERFUL INHIBITOR LATERAL BUD GROWTH TOMATO ETHYLENE GASEOUS PLANT HORMONE
It is a growth inhibitor.,GROWTH INHIBITOR
It is mainly concerned with maturation and ripening of fruits.,MAINLY CONCERN MATURATION RIPEN FRUIT PAST
"Maximum synthesis of ethylene occurs during ripening of fruits like apples, bananas and melons Physiological effects of ethylene 1.",SYNTHESIS ETHYLENE OCCUR MAXIMUM RIPEN FRUIT APPLES BANANAS MELONS PHYSIOLOGICAL EFFECT PRESENT
Ethylene promotes the ripening of fruits. e.g.,ETHYLENE FRUIT PROMOTE RIPEN PRESENT
"Tomato, Apple, Mango, Banana, etc.",TOMATO APPLE MANGO BANANA
Figure 16.6 Ethylene 2.,FIGURE ETHYLENE
Ethylene inhibits the elongation of stem and root in dicots. 3.,ETHYLENE DICOT INHIBIT ELONGATION STEM ROOT DICOTS PRESENT
Ethylene hastens the senescence of leaves and flowers. 4.,ETHYLENE LEAVE HASTEN SENESCENCE FLOWER PRESENT
"Ethylene stimulates formation of abscission zone in leaves, flowers and fruits.",ETHYLENE STIMULATE FORMATION ABSCISSION ZONE LEAVE FLOWER FRUIT
This leads to premature shedding. 5.,THIS SHED LEAD PREMATURE PRESENT
"Ethylene breaks the dormancy of buds, seeds and storage organs. 16.2 Human Endocrine Glands Endocrine glands in animals possess a versatile communication system to coordinate biological functions.",GLAND FUNCTION POSSESS ETHYLENE BREAK DORMANCY BUD SEED STORAGE ORGANS HUMAN ENDOCRINE GLANDS ANIMALS VERSATILE COMMUNICATION SYSTEM COORDINATE BIOLOGICAL PRESENT
Exocrine glands and endocrine glands are two kinds of glands found in animals.,EXOCRINE GLANDS ENDOCRINE TWO KINDS FIND ANIMALS PAST
Endocrine glands are found in different regions of the body of animals as well as human beings.,GLAND ANIMAL FIND ENDOCRINE GLANDS DIFFERENT REGIONS BODY ANIMALS AS WELL HUMAN BEINGS PAST
These glands are called ductless Activity Place two or three unripe tomatoes in a brown paper bag with a ripe bananas and roll the top closed.,GLAND TOP CALL GLANDS DUCTLESS ACTIVITY PLACE TWO THREE UNRIPE TOMATOES BROWN PAPER BAG RIPE BANANAS ROLL CLOSE PAST
"In another bag place two or three unripe tomatoes only and roll the top closed, Observe what happens to the tomatoes?",WHAT TOMATO OBSERVE BAG PLACE TWO THREE UNRIPE TOMATOES ONLY ROLL TOP CLOSE HAPPEN PRESENT
Why?,WHY
"As the banana continues to ripen in the first bag, it produces ethylene gas.",IT GAS PRODUCE BANANA CONTINUE RIPEN FIRST BAG ETHYLENE PRESENT
The gas trapped in the bag will cause tomatoes to ripen.The tomatoes remain unripe in the second bag. 10th_Science Unit-16.indd 232 12/3/2022 3:04:32 PM 233 Plant and Animal Hormones glands.,TOMATO BAG REMAIN GAS TRAP CAUSE TOMATOES RIPEN UNRIPE SECOND PM PLANT ANIMAL HORMONES GLANDS PAST PRESENT
Their secretions are called hormones which are produced in minute quantities.,WHICH QUANTITY CALL SECRETIONS HORMONES PRODUCE MINUTE QUANTITIES PAST
The secretions diffuse into the blood stream and are carried to the distant parts of the body.,SECRETION BODY DIFFUSE SECRETIONS BLOOD STREAM CARRY DISTANT PART PRESENT PAST
They act on specific organs which are referred as target organs.,WHICH ORGAN ACT SPECIFIC ORGANS REFER TARGET PRESENT PAST
The branch of biology which deals with the study of the endocrine glands and its physiology is known as ‘Endocrinology’.,PHYSIOLOGY ENDOCRINOLOGY KNOW BRANCH BIOLOGY DEAL STUDY ENDOCRINE GLANDS PRESENT PAST
Thomas Addison is known as Father of Endocrinology.,ADDISON ENDOCRINOLOGY KNOW THOMAS MALE PARENT PAST
English physiologists W.,ENGLISH PHYSIOLOGISTS
Bayliss and E.,BAYLISS
Starling introduced the term hormone in 1909.,STARLE 1-9-0-9 INTRODUCE STARLING TERM HORMONE PAST
They first discovered the hormone secretin.,THEY SECRETIN DISCOVER FIRST HORMONE PAST
"Exocrine glands have specific ducts to carry their secretions e.g. salivary glands, mammary glands, sweat glands.",GLAND HAVE EXOCRINE GLANDS SPECIFIC DUCTS CARRY SECRETIONS SALIVARY MAMMARY SWEAT PRESENT
Endocrine glands present in human and other vertebrates are a.,ENDOCRINE GLANDS PRESENT HUMAN OTHER VERTEBRATES
Pituitary gland b.,PITUITARY GLAND
Thyroid gland c.,THYROID GLAND
Parathyroid gland d.,PARATHYROID GLAND
Pancreas (Islets of Langerhans) e.,PANCREA LANGERHANS E. PANCREAS ISLETS PRESENT
Adrenal gland (Adrenal cortex and Adrenal medulla) f.,ADRENAL GLAND CORTEX MEDULLA
Gonads(Testes and Ovary) g.,OVARY
Thymus gland 16.2.1 Pituitary Gland The pituitary gland or hypophysis is a pea shaped compact mass of cells located at the base of the midbrain attached to the hypothalamus by a pituitary stalk.,THYMUS GLAND PITUITARY HYPOPHYSIS PEA SHAPE COMPACT MASS CELLS LOCATE BASE MIDBRAIN ATTACH HYPOTHALAMUS STALK PAST
The pituitary gland is anatomically composed of two lobes and perform different functions.,GLAND FUNCTION COMPOSE PITUITARY ANATOMICALLY TWO LOB PERFORM DIFFERENT PAST
They are the anterior lobe (adenohypophysis) and the posterior lobe (neurohypophysis).,ANTERIOR LOBE ADENOHYPOPHYSIS POSTERIOR NEUROHYPOPHYSIS
The intermediate lobe is non-existent in humans.,INTERMEDIATE LOBE NON EXISTENT HUMANS
The pituitary gland forms the major endocrine gland in most vertebrates.,GLAND VERTEBRATE FORM PITUITARY MAJOR ENDOCRINE MOST VERTEBRATES PRESENT
It regulates and controls other endocrine glands and so is called as the “Master gland”.,IT GLAND REGULATE CONTROL OTHER ENDOCRINE GLANDS CALL MASTER PRESENT PAST
Hormones secreted by the anterior lobe (Adenohypophysis) of pituitary The anterior pituitary is composed of different types of cells and secrete hormones which stimulates the production of hormones by other endocrine glands.,WHICH GLAND COMPOSE HORMONES SECRETE ANTERIOR LOBE ADENOHYPOPHYSIS PITUITARY DIFFERENT TYPE CELLS STIMULATE PRODUCTION OTHER ENDOCRINE GLANDS PAST PRESENT
The hormones secreted by anterior pituitary are a.,HORMONES SECRETE ANTERIOR PITUITARY PAST
Growth Hormone b.,GROWTH HORMONE
Thyroid stimulating Hormone c.,THYROID STIMULATE HORMONE
Adrenocorticotropic Hormone d.,ADRENOCORTICOTROPIC HORMONE
Gonadotropic Hormone which comprises the Follicle Stimulating Hormone and Luteinizing Hormone e.,GONADOTROPIC HORMONE COMPRISE FOLLICLE STIMULATE LUTEINIZING PRESENT
Prolactin a.,PROLACTIN
Growth hormone (GH) GH promotes the development and enlargement of all tissues of the body.,GH BODY PROMOTE GROWTH HORMONE DEVELOPMENT ENLARGEMENT TISSUE PRESENT
"It stimulates the growth of muscles, cartilage and long bones.",IT MUSCLE STIMULATE GROWTH CARTILAGE LONG BONE PRESENT
It controls the cell metabolism.,IT METABOLISM CONTROL CELL PRESENT
The improper secretion of this hormone leads to the following conditions.,SECRETION CONDITION LEAD IMPROPER HORMONE FOLLOW PRESENT
Dwarfism: It is caused by decreased secretion of growth hormone in children.,IT CHILD CAUSE DWARFISM DECREASE SECRETION GROWTH HORMONE CHILDREN PAST
"The characteristic features are stunted growth, delayed skeletal formation and mental disability.",CHARACTERISTIC FEATURE STUNT GROWTH DELAY SKELETAL FORMATION MENTAL DISABILITY PAST
Gigantism: Oversecretion of growth hormone leads to gigantism in children.,OVERSECRETION CHILD LEAD GIGANTISM GROWTH HORMONE CHILDREN PRESENT
It is characterised by overgrowth of all body tissues and organs.,IT TISSUE CHARACTERISE OVERGROWTH BODY ORGANS PAST
Individuals attain abnormal increase in height.,INDIVIDUAL HEIGHT ATTAIN INDIVIDUALS ABNORMAL INCREASE PRESENT
"Acromegaly: Excess secretion of growth hormone in adults may lead to abnormal enlargement of head, face, hands and feet.",ACROMEGALY EXCESS SECRETION GROWTH HORMONE ADULTS LEAD ABNORMAL ENLARGEMENT HEAD FACE HAND FEET
Figure 16.7 Pituitary Gland Optic Chiasma Pars Intermedia Hypothalamus Anterior Pituitary Lobe Posterior Pituitary Lobe Pituitary Gland 10th_Science Unit-16.indd 233 12/3/2022 3:04:32 PM 234 10th Standard Science b.,FIGURE PITUITARY GLAND OPTIC CHIASMA PAR INTERMEDIA HYPOTHALAMUS ANTERIOR LOBE POSTERIOR PM STANDARD SCIENCE
"Thyroid stimulating hormone (TSH) TSH controls the growth of thyroid gland, coordinates its activities and hormone secretion. c.",TSH ACTIVITY CONTROL THYROID STIMULATE HORMONE GROWTH GLAND COORDINATE ACTIVITIES SECRETION PRESENT
Adrenocorticotropic hormone (ACTH) ACTH stimulates adrenal cortex of the adrenal gland for the production of its hormones.,ACTH HORMONE STIMULATE ADRENOCORTICOTROPIC ADRENAL CORTEX GLAND PRODUCTION HORMONES PRESENT
It also influences protein synthesis in the adrenal cortex. d.,IT CORTEX INFLUENCE ALSO PROTEIN SYNTHESIS ADRENAL PRESENT
Gonadotropic hormones (GTH) The gonadotropic hormones are follicle stimulating hormone and luteinizing hormone which are essential for the normal development of gonads.,GONADOTROPIC HORMONES GTH FOLLICLE STIMULATE HORMONE LUTEINIZING ESSENTIAL NORMAL DEVELOPMENT GONADS
"Follicle stimulating hormone (FSH) In male, it stimulates the germinal epithelium of testes for formation of sperms.",IT SPERM STIMULATE FOLLICLE HORMONE FSH MALE GERMINAL EPITHELIUM TESTES FORMATION SPERMS PRESENT
In female it initiates the growth of ovarian follicles and its development in ovary.,IT OVARY INITIATE FEMALE GROWTH OVARIAN FOLLICLES DEVELOPMENT PRESENT
"Luteinizing hormone (LH) In male, it promotes the Leydig cells of the testes to secrete male sex hormone testosterone.",IT TESTOSTERONE PROMOTE LUTEINIZING HORMONE LH MALE LEYDIG CELLS TESTES SECRETE SEX PRESENT
"In female, it causes ovulation (rupture of mature graafian follicle), responsible for the development of corpus luteum and production of female sex hormones estrogen and progesterone. e.",IT ESTROGEN CAUSE FEMALE OVULATION RUPTURE MATURE GRAAFIAN FOLLICLE RESPONSIBLE DEVELOPMENT LUTEUM PRODUCTION SEX HORMONES PROGESTERONE PRESENT
Prolactin (PRL) PRL is also called lactogenic hormone.,PROLACTIN PRL ALSO CALL LACTOGENIC HORMONE PAST
This hormone initiates development of mammary glands during pregnancy and stimulates the production of milk after child birth.,HORMONE BIRTH INITIATE DEVELOPMENT MAMMARY GLANDS PREGNANCY STIMULATE PRODUCTION MILK CHILD PRESENT
Hormones secreted by the posterior lobe (Neurohypophysis) of pituitary The hormones secreted by the posterior pituitary are a.,HORMONES SECRETE POSTERIOR LOBE NEUROHYPOPHYSIS PITUITARY PAST
Vasopressin or Antidiuretic hormone b.,VASOPRESSIN ANTIDIURETIC HORMONE
Oxytocin a.,OXYTOCIN
Vasopressin or Antidiuretic hormone (ADH) In kidney tubules it increases reabsorption of water.,IT WATER INCREASE VASOPRESSIN ANTIDIURETIC HORMONE ADH KIDNEY TUBULES REABSORPTION PRESENT
It reduces loss of water through urine and hence the name antidiuretic hormone.,IT URINE REDUCE LOSS WATER HENCE NAME ANTIDIURETIC HORMONE PRESENT
Deficiency of ADH reduces reabsorption of water and causes an increase in urine output (polyuria).,DEFICIENCY OUTPUT REDUCE ADH REABSORPTION WATER CAUSE INCREASE URINE POLYURIA PRESENT
This deficiency disorder is called Diabetes insipidus. b.,DEFICIENCY DISORDER CALL DIABETES INSIPIDUS PAST
Oxytocin It helps in the contraction of the smooth muscles of uterus at the time of child birth and milk ejection from the mammary gland after child birth. 16.2.2 Thyroid Gland The thyroid gland is composed of two distinct lobes lying one on either side of the trachea.,GLAND TRACHEA COMPOSE OXYTOCIN HELP CONTRACTION SMOOTH MUSCLE UTERUS TIME CHILD BIRTH MILK EJECTION MAMMARY THYROID TWO DISTINCT LOB LIE ONE SIDE PRESENT PAST
The two lobes are connected by means of a narrow band of tissue known as the isthmus.,LOBE ISTHMUS CONNECT TWO LOB MEAN NARROW BAND TISSUE KNOW PAST
This gland is composed of glandular follicles and More to Know Melatonin is a hormone produced by the pineal gland.,MELATONIN GLAND COMPOSE GLANDULAR FOLLICLES MORE KNOW HORMONE PRODUCE PINEAL PAST
It is known as a ‘time messenger’.,IT MESSENGER KNOW TIME PAST
It signals night time information throughout the body.,IT BODY SIGNAL NIGHT TIME INFORMATION PRESENT
"Exposure to light at night, especially short-wavelength light, can decrease melatonin production interrupting sleep.",EXPOSURE SLEEP DECREASE LIGHT NIGHT ESPECIALLY SHORT WAVELENGTH MELATONIN PRODUCTION INTERRUPT
Suppression of melatonin has been implicated in sleep disturbances and related metabolic disorders.,SUPPRESSION DISTURBANCE IMPLICATE MELATONIN SLEEP DISTURBANCES RELATE METABOLIC DISORDER PAST
Figure 16.8 Thyroid Gland 10th_Science Unit-16.indd 234 12/3/2022 3:04:34 PM 235 Plant and Animal Hormones lined by cuboidal epithelium.The follicles are filled with colloid material called thyroglobulin.,FOLLICLE MATERIAL FILL FIGURE THYROID GLAND PM PLANT ANIMAL HORMONES LINE CUBOIDAL EPITHELIUM FOLLICLES COLLOID CALL THYROGLOBULIN PAST
An amino acid tyrosine and iodine are involved in the formation of thyroid hormone.,TYROSINE HORMONE INVOLVE AMINO ACID IODINE FORMATION THYROID PAST
The hormones secreted by the thyroid gland are a.,HORMONES SECRETE THYROID GLAND PAST
Triiodothyronine (T3) b.,TRIIODOTHYRONINE
"Tetraiodothyronine or Thyroxine (T4) Functions of thyroid hormones The functions of thyroid hormones are  Production of energy by maintaining the Basal Metabolic Rate (BMR) of the body.  Helps to maintain normal body temperature.  Influences the activity of central nervous system.  Controls growth of the body and bone formation.  Essential for normal physical, mental and personality development .  It is also known as personality hormone.  Regulates cell metabolism.",IT METABOLISM REGULATE TETRAIODOTHYRONINE THYROXINE FUNCTION THYROID HORMONES PRODUCTION ENERGY MAINTAIN BASAL METABOLIC RATE BMR BODY HELP NORMAL TEMPERATURE INFLUENCE ACTIVITY CENTRAL NERVOUS SYSTEM CONTROL GROWTH BONE FORMATION ESSENTIAL PHYSICAL MENTAL PERSONALITY DEVELOPMENT ALSO KNOW HORMONE CELL PRESENT PAST
More to Know Edward C.,MORE KNOW EDWARD
Kendal in 1914 first crystallised thyroxine hormone.,KENDAL FIRST CRYSTALLISE THYROXINE HORMONE PAST
Charles Harrington and George Barger identified the molecular structure of thyroxine in 1927.,HARRINGTON 1-9-2-7 IDENTIFY CHARLES GEORGE BARGER MOLECULAR STRUCTURE THYROXINE PAST
Thyroid gland requires “120 µg” of iodine everyday for the production of thyroxine.,GLAND THYROXINE REQUIRE THYROID ΜG IODINE EVERYDAY PRODUCTION PRESENT
"Thyroid Dysfunction When the thyroid gland fails to secrete the normal level of hormones, the condition is called thyroid dysfunction.",CONDITION HORMONE CALL THYROID DYSFUNCTION GLAND FAIL SECRETE NORMAL LEVEL HORMONES PRESENT PAST
It leads to the following conditions Hypothyroidism It is caused due to the decreased secretion of the thyroid hormones.,IT HORMONE CAUSE LEAD FOLLOW CONDITION HYPOTHYROIDISM DECREASE SECRETION THYROID HORMONES PRESENT PAST
"The abnormal conditions are simple goitre, cretinism and myxoedema.",ABNORMAL CONDITION SIMPLE GOITRE CRETINISM MYXOEDEMA
Goitre It is caused due to the inadequate supply of iodine in our diet.,IT DIET CAUSE GOITRE INADEQUATE SUPPLY IODINE PAST
This is commonly prevalent in Himalayan regions due to low level of iodine content in the soil.,COMMONLY PREVALENT HIMALAYAN REGIONS LOW LEVEL IODINE CONTENT SOIL
It leads to the enlargement of thyroid gland which protrudes as a marked swelling in the neck and is called as goitre.,WHICH GOITRE LEAD ENLARGEMENT THYROID GLAND PROTRUDE MARK SWELL NECK CALL PRESENT PAST
Cretinism It is caused due to decreased secretion of the thyroid hormones in children.,IT CHILD CAUSE CRETINISM DUE DECREASE SECRETION THYROID HORMONES CHILDREN PAST
"The conditions are stunted growth, mental defect, lack of skeletal development and deformed bones.",CONDITION STUNT GROWTH MENTAL DEFECT LACK SKELETAL DEVELOPMENT DEFORM BONE PAST
They are called as cretins.,THEY CRETIN CALL CRETINS PAST
Myxoedema It is caused by deficiency of thyroid hormones in adults.,IT ADULT CAUSE MYXOEDEMA DEFICIENCY THYROID HORMONES ADULTS PAST
"They are mentally sluggish, increase in body weight, puffiness of the face and hand, oedematous appearance.",MENTALLY SLUGGISH INCREASE BODY WEIGHT PUFFINESS FACE HAND OEDEMATOUS APPEARANCE
Hyperthyroidism It is caused due to the excess secretion of the thyroid hormones which leads to Grave’s disease.,WHICH DISEASE CAUSE HYPERTHYROIDISM EXCESS SECRETION THYROID HORMONES LEAD GRAVE PAST PRESENT
"The symptoms are protrusion of the eyeballs (Exopthalmia), increased metabolic rate, high body temperature, profuse sweating, loss of body weight and nervousness. 16.2.3 Parathyroid Gland The parathyroid glands are four small oval bodies that are situated on the posterior surface of the thyroid lobes.",SYMPTOMS PROTRUSION EYEBALL EXOPTHALMIA INCREASE METABOLIC RATE HIGH BODY TEMPERATURE PROFUSE SWEAT LOSS WEIGHT NERVOUSNESS PARATHYROID GLAND GLANDS FOUR SMALL OVAL SITUATE POSTERIOR SURFACE THYROID LOB PAST
The chief cells of the gland are mainly concerned with secretion of parathormone.,CHIEF CELLS GLAND MAINLY CONCERN SECRETION PARATHORMONE PAST
"Thyroid gland Trachea Parathyroid gland Parathyroid gland Figure 16.9 Parathyroid Gland 10th_Science Unit-16.indd 235 12/3/2022 3:04:34 PM 236 10th Standard Science Functions of Parathormone The parathormone regulates calcium and phosphorus metabolism in the body.They act on bone, kidney and intestine to maintain blood calcium levels.",THEY LEVEL ACT THYROID GLAND TRACHEA PARATHYROID FIGURE PM STANDARD SCIENCE FUNCTION PARATHORMONE REGULATE CALCIUM PHOSPHORUS METABOLISM BODY BONE KIDNEY INTESTINE MAINTAIN BLOOD PRESENT
Parthyroid Dysfunction The secretion of parathyroid hormone can be altered due to the following conditions.,SECRETION CONDITION ALTER PARTHYROID DYSFUNCTION PARATHYROID HORMONE FOLLOW PAST
Removal of parathyroid glands during thyroidectomy (removal of thyroid) causes decreased secretion of parathormone.,REMOVAL PARATHORMONE CAUSE PARATHYROID GLANDS THYROIDECTOMY THYROID DECREASE SECRETION PRESENT PAST
"The conditions are • Muscle spasm known as Tetany (sustained contraction of muscles in face, larynx, hands and feet). • Painful cramps of the limb muscles. 16.2.4 Pancreas (Islets of Langerhans) Pancreas is an elongated, yellowish gland situated in the loop of stomach and duodenum.",CONDITION MUSCLE SPASM KNOW TETANY SUSTAIN CONTRACTION FACE LARYNX HAND FEET PAINFUL CRAMP LIMB PANCREAS ISLETS LANGERHANS ELONGATE YELLOWISH GLAND SITUATE LOOP STOMACH DUODENUM PAST
It is exocrine and endocrine in nature.,EXOCRINE ENDOCRINE NATURE
"The exocrine pancreas secretes pancreatic juice which plays a role in digestion while, the endocrine portion is made up of Islets of Langerhans.",PORTION LANGERHANS SECRETE EXOCRINE PANCREAS PANCREATIC JUICE PLAY ROLE DIGESTION ENDOCRINE MAKE ISLETS PRESENT PAST
"Bile duct Blood vessel Duodenum Pancreatic duct Acinar cells Islets of Langerhans Figure 16.10 Pancreas Human insulin was first discovered by Fredrick Banting, Charles Best and MacLeod in 1921.",INSULIN 1-9-2-1 FIGURE BILE DUCT BLOOD VESSEL DUODENUM PANCREATIC ACINAR CELLS ISLETS LANGERHANS PANCREAS HUMAN FIRST DISCOVER FREDRICK BANTING CHARLES BEST MACLEOD PRESENT PAST
Insulin was first used in treatment of diabetes on 11th January 1922.,INSULIN JANUARY USE FIRST TREATMENT DIABETES PAST
The Islets of Langerhans consists of two types of cells namely alpha cells and beta cells.,ISLET CELL CONSIST ISLETS LANGERHANS TWO TYPE CELLS NAMELY ALPHA BETA PRESENT
The alpha cells secrete glucagon and beta cells secrete insulin.,GLUCAGON INSULIN SECRETE ALPHA CELLS BETA PRESENT
Functions of Pancreatic hormones A balance between insulin and glucagon production is necessary to maintain blood glucose concentration.,FUNCTION PANCREATIC HORMONES BALANCE INSULIN GLUCAGON PRODUCTION NECESSARY MAINTAIN BLOOD GLUCOSE CONCENTRATION
Insulin • Insulin helps in the conversion of glucose into glycogen which is stored in liver and skeletal muscles. • It promotes the transport of glucose into the cells. • It decreases the concentration of glucose in blood.,IT BLOOD DECREASE INSULIN HELP CONVERSION GLUCOSE GLYCOGEN STORE LIVER SKELETAL MUSCLE PROMOTE TRANSPORT CELLS CONCENTRATION PAST PRESENT
Glucagon • Glucagon helps in the breakdown of glycogen to glucose in the liver. • It increases blood glucose levels.,IT LEVEL INCREASE GLUCAGON HELP BREAKDOWN GLYCOGEN GLUCOSE LIVER BLOOD PAST PRESENT
Diabetes mellitus The deficiency of insulin causes Diabetes mellitus.,DIABETES MELLITUS DEFICIENCY INSULIN CAUSE
It is characterised by • Increase in blood sugar level (Hyperglycemia). • Excretion of excess glucose in the urine (Glycosuria). • Frequent urination (Polyuria). • Increased thirst (Polydipsia). • Increase in appetite (Polyphagia). 16.2.5 Adrenal Gland The adrenal glands are located above each kidney.,GLAND KIDNEY LOCATE CHARACTERISE INCREASE BLOOD SUGAR LEVEL HYPERGLYCEMIA EXCRETION EXCESS GLUCOSE URINE GLYCOSURIA FREQUENT URINATION POLYURIA THIRST POLYDIPSIA APPETITE POLYPHAGIA ADRENAL GLANDS PAST
They are also called supra renal glands.,ALSO CALL SUPRA RENAL GLANDS PAST
The outer part is the adrenal cortex and the inner part is the adrenal medulla.,OUTER PART ADRENAL CORTEX INNER MEDULLA
The two distinct parts are structurally and functionally different. 10th_Science Unit-16.indd 236 12/3/2022 3:04:35 PM 237 Plant and Animal Hormones Adrenal Cortex The adrenal cortex consists of three layers of cells.,CORTEX CELL CONSIST TWO DISTINCT PART STRUCTURALLY FUNCTIONALLY DIFFERENT PM PLANT ANIMAL HORMONES ADRENAL THREE LAYER CELLS PRESENT
"They are zona glomerulosa, zona fasciculata and zona reticularis Hormones of Adrenal Cortex The hormones secreted by the adrenal cortex are corticosteroids.",ZONA GLOMERULOSA FASCICULATA RETICULARIS HORMONES ADRENAL CORTEX SECRETE CORTICOSTEROIDS PAST
They are classified into a.,THEY A. CLASSIFY PAST
Glucocorticoids b.,GLUCOCORTICOIDS
Mineralocorticoids Functions of adrenocortical hormones Glucocorticoids The glucocorticoids secreted by the zona fasciculata are cortisol and corticosterone • They regulate cell metabolism. • It stimulates the formation of glucose from glycogen in the liver. • It is an anti-inflammatory and anti-allergic agent.,IT LIVER • MINERALOCORTICOIDS FUNCTION ADRENOCORTICAL HORMONES GLUCOCORTICOIDS SECRETE ZONA FASCICULATA CORTISOL CORTICOSTERONE REGULATE CELL METABOLISM STIMULATE FORMATION GLUCOSE GLYCOGEN ANTI INFLAMMATORY ALLERGIC AGENT PAST PRESENT
"Mineralocorticoids The mineralocorticoids secreted by zona glomerulosa is aldosterone • It helps to reabsorb sodium ions from the renal tubules. • It causes increased excretion of potassium ions. • It regulates electrolyte balance, body fluid volume, osmotic pressure and blood pressure.",IT BALANCE REGULATE MINERALOCORTICOIDS SECRETE ZONA GLOMERULOSA ALDOSTERONE HELP REABSORB SODIUM IONS RENAL TUBULES CAUSE INCREASE EXCRETION POTASSIUM ELECTROLYTE BODY FLUID VOLUME OSMOTIC PRESSURE BLOOD PAST PRESENT
More to Know The cortisol hormones of adrenal cortex serves to maintain the body in living condition and recover it from the severe effects of stress reactions.,MORE KNOW CORTISOL HORMONES ADRENAL CORTEX SERVE MAINTAIN BODY LIVE CONDITION RECOVER SEVERE EFFECT STRESS REACTIONS PRESENT
Thus an increased output of cortisol is “life saving” in “shock conditions”.,THUS INCREASE OUTPUT CORTISOL LIFE SAVE SHOCK CONDITION PAST
It is also known as life-saving hormone.,IT HORMONE KNOW ALSO LIFE SAVE PAST
Adrenal Medulla The adrenal medulla is composed of chromaffin cells.They are richly supplied with sympathetic and parasympathetic nerves.,THEY NERVE SUPPLY ADRENAL MEDULLA COMPOSE CHROMAFFIN CELLS RICHLY SYMPATHETIC PARASYMPATHETIC PAST
Hormones of Adrenal Medulla It secretes two hormones namely a.,IT HORMONE SECRETE HORMONES ADRENAL MEDULLA TWO NAMELY PRESENT
Epinephrine (Adrenaline) b.,EPINEPHRINE ADRENALINE
Norepinephrine (Noradrenaline) They are together called as “Emergency hormones”.,THEY HORMONE CALL NOREPINEPHRINE NORADRENALINE TOGETHER EMERGENCY HORMONES PAST
It is produced during conditions of stress and emotion.,IT STRESS PRODUCE CONDITION EMOTION PAST
"Hence it is also referred as “flight, fright and fight hormone”.",IT HORMONE REFER HENCE ALSO FLIGHT FRIGHT FIGHT PAST
Functions of adrenal medullary hormones Epinephrine (Adrenaline) • It promotes the conversion of glycogen to glucose in liver and muscles. • It increases heart beat and blood pressure. • It increases the rate of respiration by dilation of bronchi and trachea. • It causes dilation of the pupil in eye. • It decreases blood flow through the skin.,IT SKIN DECREASE FUNCTION ADRENAL MEDULLARY HORMONES EPINEPHRINE ADRENALINE PROMOTE CONVERSION GLYCOGEN GLUCOSE LIVER MUSCLE INCREASE HEART BEAT BLOOD PRESSURE RATE RESPIRATION DILATION BRONCHI TRACHEA CAUSE PUPIL EYE FLOW PRESENT PAST
Norepinephrine (Noradrenalin) Most of its actions are similar to those of epinephrine. 16.2.6 Reproductive Glands (Gonads) The sex glands are of two types the testes and the ovaries.,NOREPINEPHRINE NORADRENALIN MOST ACTION SIMILAR EPINEPHRINE REPRODUCTIVE GLANDS GONADS SEX TWO TYPE TESTES OVARIES
"The testes are present in male, while the ovaries are present in female.",TESTES PRESENT MALE OVARIES FEMALE
Figure 16.11 Adrenal Gland 10th_Science Unit-16.indd 237 12/3/2022 3:04:35 PM 238 10th Standard Science Testes Testes are the reproductive glands of the males.,unit-16.indd MALE FIGURE ADRENAL GLAND PM STANDARD SCIENCE TESTES REPRODUCTIVE GLANDS MALES
"They are composed of seminiferous tubules, Leydig cells and Sertoli cells.",THEY TUBULE COMPOSE SEMINIFEROUS TUBULES LEYDIG CELLS SERTOLI PAST
Leydig cells form the endocrine part of the testes.,CELL TESTIS FORM LEYDIG CELLS ENDOCRINE PART TESTES PRESENT
They secrete the male sex hormone called testosterone.,THEY HORMONE SECRETE MALE SEX CALL TESTOSTERONE PRESENT PAST
"Functions of testosterone • It influences the process of spermatogenesis. • It stimulates protein synthesis and controls muscular growth. • It is responsible for the development of secondary sexual characters (distribution of hair on body and face, deep voice pattern, etc).",IT BODY • FUNCTION TESTOSTERONE INFLUENCE PROCESS SPERMATOGENESIS STIMULATE PROTEIN SYNTHESIS CONTROL MUSCULAR GROWTH RESPONSIBLE DEVELOPMENT SECONDARY SEXUAL CHARACTER DISTRIBUTION HAIR FACE DEEP VOICE PATTERN PRESENT PAST
Ovary The ovaries are the female gonads located in the pelvic cavity of the abdomen.,OVARY OVARIES FEMALE GONADS LOCATE PELVIC CAVITY ABDOMEN PAST
They secrete the female sex hormones a.,THEY A. SECRETE FEMALE SEX HORMONES PRESENT
Estrogen b.,ESTROGEN
Progesterone Estrogen is produced by the Graafian follicles of the ovary and progesterone from the corpus luteum that is formed in the ovary from the ruptured follicle during ovulation.,THAT OVULATION PRODUCE PROGESTERONE ESTROGEN GRAAFIAN FOLLICLES OVARY LUTEUM FORM RUPTURE FOLLICLE PAST
"Functions of estrogens • It brings about the changes that occur during puberty. • It initiates the process of oogenesis. • It stimulates the maturation of ovarian follicles in the ovary. • It promotes the development of secondary sexual characters (breast development, high pitched voice etc).",IT CHARACTER PROMOTE FUNCTION ESTROGENS BRING CHANGE OCCUR PUBERTY INITIATE PROCESS OOGENESIS STIMULATE MATURATION OVARIAN FOLLICLES OVARY DEVELOPMENT SECONDARY SEXUAL BREAST HIGH PITCH VOICE PAST PRESENT
Functions of progesterone • It is responsible for the premenstrual changes of the uterus. • It prepares the uterus for the implantation of the embryo. • It maintains pregnancy. • It is essential for the formation of placenta. 16.2.7 Thymus Gland Thymus is partly an endocrine gland and partly a lymphoid gland.,THYMUS PLACENTA • FUNCTION PROGESTERONE RESPONSIBLE PREMENSTRUAL CHANGE UTERUS PREPARE IMPLANTATION EMBRYO MAINTAIN PREGNANCY ESSENTIAL FORMATION GLAND PARTLY ENDOCRINE LYMPHOID PAST PRESENT
It is located in the upper part of the chest covering the lower end of trachea.,IT TRACHEA LOCATE UPPER PART CHEST COVER LOWER END PAST
Thymosin is the hormone secreted by thymus.,THYMOSIN HORMONE SECRETE THYMUS PAST
Vein Artery Left lobe Capsule Cortex Thymic corpuscle Medulla Right lobe Lymph duct Figure 16.12 Thymus Gland Functions of Thymosin • It has a stimulatory effect on the immune function. • It stimulates the production and differentiation of lymphocytes.,IT LYMPHOCYTE STIMULATE VEIN ARTERY LEAVE LOBE CAPSULE CORTEX THYMIC CORPUSCLE MEDULLA RIGHT LYMPH DUCT FIGURE THYMUS GLAND FUNCTION THYMOSIN STIMULATORY EFFECT IMMUNE PRODUCTION DIFFERENTIATION LYMPHOCYTES PAST PRESENT
Points to Remember  Auxins are produced at the tip of stems and roots from where they migrate to the zone of elongation.  Cytokinins are the plant hormones that promote cell division or cytokinesis in plant cells.  Gibberellins induce the formation of seedless fruit and parthenocarpic fruits.  Abscisic acid is a growth inhibitor which regulates abscission and dormancy.,WHICH ABSCISSION INDUCE POINT REMEMBER AUXINS PRODUCE TIP STEM ROOT MIGRATE ZONE ELONGATION CYTOKININS PLANT HORMONES PROMOTE CELL DIVISION CYTOKINESIS CELLS GIBBERELLINS FORMATION SEEDLESS FRUIT PARTHENOCARPIC ABSCISIC ACID GROWTH INHIBITOR REGULATE DORMANCY PAST PRESENT
"It increases tolerance of plants to various kinds of stress.  Ethylene is a gaseous plant hormone mainly concerned with maturation and ripening of fruits. 10th_Science Unit-16.indd 238 12/3/2022 3:04:35 PM 239 Plant and Animal Hormones  The pituitary gland regulates and controls other endocrine glands and so is called as the “Master gland”.  The hormones secreted by the thyroid gland are triiodothyronine (T3), and tetraiodothyronine or thyroxine (T4)  The parathormone act on bone, kidney and intestine to maintain blood calcium levels.  Pancreas secretes insulin and glucagon.",HORMONE LEVEL CALL INCREASE TOLERANCE PLANT VARIOUS KINDS STRESS ETHYLENE GASEOUS MAINLY CONCERN MATURATION RIPEN FRUIT PM ANIMAL HORMONES PITUITARY GLAND REGULATE CONTROL OTHER ENDOCRINE GLANDS MASTER SECRETE THYROID TRIIODOTHYRONINE TETRAIODOTHYRONINE THYROXINE PARATHORMONE ACT BONE KIDNEY INTESTINE MAINTAIN BLOOD CALCIUM PANCREAS INSULIN GLUCAGON PRESENT PAST
They maintain blood glucose level.  Adrenal cortex secrete coritsol and aldosterone and adrenal medulla secretes epinephrine and norepinephrine.  The sex glands are of two types the testes and the ovaries which secrete testosterone and estrogens respectively.,WHICH TESTOSTERONE MAINTAIN BLOOD GLUCOSE LEVEL ADRENAL CORTEX SECRETE CORITSOL ALDOSTERONE MEDULLA EPINEPHRINE NOREPINEPHRINE SEX GLANDS TWO TYPE TESTES OVARIES ESTROGENS RESPECTIVELY PRESENT
I Choose the correct answer 1.,I ANSWER CHOOSE CORRECT PRESENT
Gibberellins cause: a) Shortening of genetically tall plants b) Elongation of dwarf plants c) Promotion of rooting d) Yellowing of young leaves 2.,SHORTEN LEAVE CAUSE GIBBERELLINS GENETICALLY TALL PLANT ELONGATION DWARF PROMOTION ROOT YELLOW YOUNG PRESENT
The hormone which has positive effect on apical dominance is: a) Cytokinin b) Auxin c) Gibberellin d) Ethylene 3.,HORMONE POSITIVE EFFECT APICAL DOMINANCE CYTOKININ B AUXIN C GIBBERELLIN D ETHYLENE PRESENT
"Which one of the following hormones is naturally not found in plants: a) 2, 4-D b) GA3 c) Gibberellin d) IAA 4.",ONE PLANT FIND FOLLOW HORMONES NATURALLY D B C GIBBERELLIN IAA PAST NOT
Avena coleoptile test was conducted by a) Darwin b) N.,TEST B CONDUCT AVENA COLEOPTILE DARWIN PAST
Smit c) Paal d) F.W.,SMITE PAAL D
Went 5.,GO PAST
LH is secreted by a) Adrenal gland b) Thyroid gland c) Anterior pituitary d) Hypothalamus. 6.,LH B SECRETE ADRENAL GLAND THYROID ANTERIOR PITUITARY HYPOTHALAMUS PAST
Identify the exocrine gland a) Pituitary gland b) Adrenal gland c) Salivary gland d) Thyroid gland 7.,IDENTIFY EXOCRINE GLAND PITUITARY ADRENAL SALIVARY THYROID
Which organ acts as both exocrine gland as well as endocrine gland a) Pancreas b) Kidney c) Liver d) Lungs TEXTBOOK EVALUATION 8.,TEXTBOOK GLAND ACT ORGAN EXOCRINE AS WELL ENDOCRINE PANCREAS B KIDNEY C LIVER LUNGS EVALUATION PRESENT
"Which one is referred as “Master Gland”? a) Pineal gland b) Pituitary gland c) Thyroid gland d) Adrenal gland II Fill in the blanks 1. _________ causes cell elongation, apical dominance and prevents abscission. 2. _________ is a gaseous hormone involved in abscission of organs and acceleration of fruit ripening. 3. _________ causes stomatal closure. 4.",_ CLOSURE CAUSE ONE REFER MASTER GLAND PINEAL PITUITARY C THYROID ADRENAL II FILL BLANK CELL ELONGATION APICAL DOMINANCE PREVENT ABSCISSION GASEOUS HORMONE INVOLVE ORGANS ACCELERATION FRUIT RIPEN STOMATAL PAST PRESENT
Gibberellins induce stem elongation in _________ plants. 5.,GIBBERELLIN PLANT INDUCE GIBBERELLINS STEM ELONGATION PRESENT
The hormone which has negative effect on apical dominance is _________. 6.,HORMONE NEGATIVE EFFECT APICAL DOMINANCE PRESENT
Calcium metabolism of the body is controlled by _________. 7.,METABOLISM _ CONTROL CALCIUM BODY PAST
"In the islets of Langerhans, beta cells secrete _________. 8.",CELL _ SECRETE ISLETS LANGERHANS BETA CELLS PRESENT
The growth and functions of thyroid gland is controlled by _________. 9.,GROWTH _ CONTROL FUNCTION THYROID GLAND PAST
"Decreased secretion of thyroid hormones in the children leads to _________. 10th_Science Unit-16.indd 239 12/3/2022 3:04:35 PM 240 10th Standard Science III a) Match Column I with Columns II and III Column I Column II Column III Auxin Gibberella fujikuroi Abscission Ethylene Coconut milk Internodal elongation Abscisic acid Coleoptile tip Apical dominance Cytokinin Chloroplast Ripening Gibberellins Fruits Cell division III b) Match the following hormones with their deficiency states Hormones Disorders a) Thyroxine - Acromegaly b) Insulin - Tetany c) Parathormone - Simple goitre d) Growth hormone - Diabetes insipidus e) ADH - Diabetes mellitus IV State whether True or false, If false write the correct statement 1.",FALSE STATEMENT LEAD DECREASE SECRETION THYROID HORMONES CHILDREN PM STANDARD SCIENCE III MATCH COLUMN COLUMNS II I AUXIN GIBBERELLA FUJIKUROI ABSCISSION ETHYLENE COCONUT MILK INTERNODAL ELONGATION ABSCISIC ACID COLEOPTILE TIP APICAL DOMINANCE CYTOKININ CHLOROPLAST RIPEN GIBBERELLINS FRUIT CELL DIVISION B FOLLOW DEFICIENCY STATE DISORDER THYROXINE ACROMEGALY INSULIN TETANY C PARATHORMONE SIMPLE GOITRE GROWTH HORMONE DIABETES INSIPIDUS E ADH MELLITUS IV TRUE WRITE CORRECT PAST PRESENT
A plant hormone concerned with stimulation of cell division and promotion of nutrient mobilization is cytokinin. 2.,PLANT HORMONE CONCERN STIMULATION CELL DIVISION PROMOTION NUTRIENT MOBILIZATION CYTOKININ PAST
Gibberellins cause parthenocarpy in tomato. 3.,GIBBERELLIN TOMATO CAUSE GIBBERELLINS PARTHENOCARPY PRESENT
"Ethylene retards senescence of leaves, flowers and fruits. 4.",ETHYLENE RETARD SENESCENCE LEAVE FLOWER FRUIT
Exopthalmic goiter is due to the over secretion of thyroxine. 5.,EXOPTHALMIC GOITER DUE SECRETION THYROXINE
Pituitary gland is divided into four lobes. 6.,GLAND LOBE DIVIDE PITUITARY FOUR LOB PAST
Estrogen is secreted by corpus luteum.,ESTROGEN LUTEUM SECRETE CORPUS PAST
V Assertion and Reasoning Direction: In each of the following questions a statement of assertion (A) is given and a corresponding statement of reason (R) is given just below it.,STATEMENT IT GIVE V ASSERTION REASON DIRECTION FOLLOW QUESTION CORRESPOND R JUST PAST
Mark the correct statement as. a.,MARK CORRECT STATEMENT
If both A and R are true and R is correct explanation of A b.,R TRUE CORRECT EXPLANATION
If both A and R are true but R is not the correct explanation of A c.,R TRUE CORRECT EXPLANATION NOT
A is true but R is false d.,TRUE R FALSE
Both A and R are false 1.,R FALSE
Assertion: Application of cytokinin to marketed vegetables can keep them fresh for several days.,ASSERTION APPLICATION CYTOKININ MARKET VEGETABLES KEEP FRESH SEVERAL DAYS
Reason: Cytokinins delay senescence of leaves and other organs by mobilisation of nutrients. 2.,CYTOKININ NUTRIENT DELAY REASON CYTOKININS SENESCENCE LEAVE OTHER ORGANS MOBILISATION NUTRIENTS PRESENT
Assertion (A): Pituitary gland is referred as “Master gland”.,GLAND REFER ASSERTION PITUITARY MASTER PAST
Reason (R): It controls the functioning of other endocrine glands. 3.,IT GLAND CONTROL REASON R FUNCTION OTHER ENDOCRINE GLANDS PRESENT
Assertion (A): Diabetes mellitus increases the blood sugar levels.,DIABETES LEVEL INCREASE ASSERTION MELLITUS BLOOD SUGAR PRESENT
Reason (R):Insulin decreases the blood sugar levels.,R-)-:-I-N-S-U-L-I-N LEVEL DECREASE REASON BLOOD SUGAR PRESENT
VI Answer in a word or sentence 1.,VI ANSWER WORD SENTENCE
Which hormone promotes the production of male flowers in Cucurbits? 2.,HORMONE CUCURBIT PROMOTE PRODUCTION MALE FLOWER CUCURBITS PRESENT
Write the name of a synthetic auxin. 3.,WRITE NAME SYNTHETIC AUXIN
Which hormone induces parthenocarpy in tomatoes? 4.,HORMONE TOMATO INDUCE PARTHENOCARPY TOMATOES PRESENT
What is the hormone responsible for the secretion of milk in female after child birth? 5.,HORMONE RESPONSIBLE SECRETION MILK FEMALE CHILD BIRTH
Name the hormones which regulates water and mineral metabolism in man. 6.,WHICH MAN NAME HORMONES REGULATE WATER MINERAL METABOLISM PRESENT
Which hormone is secreted during emergency situation in man? 7.,HORMONE MAN SECRETE EMERGENCY SITUATION PAST
Which gland secretes digestive enzymes and hormones? 8.,GLAND SECRETE DIGESTIVE ENZYMES HORMONES PRESENT
Name the endocrine glands associated with kidneys.,NAME ENDOCRINE GLANDS ASSOCIATE KIDNEYS PAST
VII Short answer questions 1.,ANSWER 1 QUESTION VII SHORT PRESENT
What are synthetic auxins?,SYNTHETIC AUXINS WHAT
Give examples. 2.,GIVE EXAMPLES
What is bolting?,BOLT WHAT
How can it be induced artificially? 10th_Science Unit-16.indd 240 12/3/2022 3:04:35 PM 241 Plant and Animal Hormones 3.,INDUCE ARTIFICIALLY PM PLANT ANIMAL HORMONES PAST
Bring out any two physiological activities of abscisic acid 4.,BRING TWO PHYSIOLOGICAL ACTIVITIES ABSCISIC ACID
What will you do to prevent leaf fall and fruit drop in plants?,YOU PLANT DO PREVENT LEAF FALL FRUIT DROP WHAT
Support your answer with reason. 5.,SUPPORT ANSWER REASON
What are chemical messengers? 6.,CHEMICAL MESSENGERS
Write the differences between endocrine and exocrine gland. 7.,WRITE DIFFERENCES ENDOCRINE EXOCRINE GLAND
What is the role of parathormone? 8.,ROLE PARATHORMONE
What are the hormones secreted by posterior lobe of the pituitary gland?,HORMONES SECRETE POSTERIOR LOBE PITUITARY GLAND PAST WHAT
Mention the tissues on which they exert their effect. 9.,MENTION TISSUE EXERT EFFECT PRESENT
Why are thyroid hormones refered as personality hormone? 10.,THYROID HORMONES REFER PERSONALITY HORMONE PAST
Which hormone requires iodine for its formation?,HORMONE FORMATION REQUIRE IODINE PRESENT WHICH
What will happen if intake of iodine in our diet is low?,INTAKE DIET HAPPEN IODINE LOW WHAT
VIII.,VIII
Long answer questions 1. (a) Name the gaseous plant hormone.,LONG ANSWER QUESTION NAME GASEOUS PLANT HORMONE
Describe its three different actions in plants. (b) Which hormone is known as stress hormone in plants ?,HORMONE PLANT KNOW DESCRIBE THREE DIFFERENT ACTION STRESS PAST WHICH
Describe an experiment which demonstrates that growth stimulating hormone is produced at the tip of coleoptile. 3.,GROWTH COLEOPTILE DESCRIBE EXPERIMENT DEMONSTRATE STIMULATE HORMONE PRODUCE TIP PRESENT PAST
Write the physiological effects of gibberellins. 4.,WRITE PHYSIOLOGICAL EFFECT GIBBERELLINS
Where are estrogens produced?,ESTROGENS PRODUCE PAST WHERE
What is the role of estrogens in the human body? 5.,ROLE ESTROGENS HUMAN BODY
What are the conditions which occur due to lack of ADH and insulin?,CONDITION OCCUR DUE LACK ADH INSULIN PRESENT WHAT
How are the conditions different from one another?,CONDITION DIFFERENT ONE HOW
IX Higher Order Thinking Skills (HOTS) 1.,IX HIGHER ORDER THINK SKILLS HOTS
What would be expected to happen if a.,WHAT A. EXPECT HAPPEN PAST
Gibberellin is applied to rice seedlings. b.,GIBBERELLIN SEEDLING APPLY RICE SEEDLINGS PAST
A rotten fruit gets mixed with unripe fruits. c.,FRUIT MIX ROTTEN UNRIPE PAST
When cytokinin is not added to culture medium 2.,CYTOKININ MEDIUM ADD CULTURE PAST NOT
A plant hormone was first discovered in Japan when rice plants were suffering from Bakanae disease caused by Gibberella fujikoroi.,PLANT FUJIKOROI DISCOVER HORMONE FIRST JAPAN RICE SUFFER BAKANAE DISEASE CAUSE GIBBERELLA PAST
Based on this information answer the following questions: a.,BASE INFORMATION ANSWER FOLLOW QUESTION PAST
Identify the hormone involved in this process. b.,IDENTIFY HORMONE INVOLVE PROCESS PAST
Which property of this hormone causes the disease? c.,PROPERTY DISEASE CAUSE HORMONE PRESENT
Give two functions of this hormone. 3.,GIVE TWO FUNCTION HORMONE
"Senthil has high blood pressure, protruded eyeball and an increased body temperature.",SENTHIL EYEBALL HAVE HIGH BLOOD PRESSURE PROTRUDE INCREASE BODY TEMPERATURE PRESENT PAST
Name the endocrine gland involved and hormone secretion responsible for this condition. 4.,NAME ENDOCRINE GLAND INVOLVE HORMONE SECRETION RESPONSIBLE CONDITION PAST
Sanjay is sitting in the exam hall.,SANJAY HALL SIT EXAM
"Before the start of the exam , he sweats a lot, with increased rate of heart beat.",HE BEAT SWEAT START EXAM LOT INCREASE RATE HEART PRESENT PAST
Why does this condition occur? 5.,CONDITION OCCUR
Susan’s father feels very tired and frequently urinates.,SUSAN MALE PARENT FEEL VERY TIRE FREQUENTLY URINATE PRESENT
After clinical diagnosis he was advised to take an injection daily to maintain his blood glucose level.,HE LEVEL ADVISE CLINICAL DIAGNOSIS TAKE INJECTION DAILY MAINTAIN BLOOD GLUCOSE PAST
What would be the possible cause for this?,POSSIBLE CAUSE WHAT
Suggest preventive measures.,SUGGEST PREVENTIVE MEASURE
REFERENCE BOOKS 1.,REFERENCE BOOK
"Helgi Opik and Stephen Rolfe, The Physiology of Flowering Plants, Cambridge University Press. 2.",HELGI OPIK STEPHEN ROLFE PHYSIOLOGY FLOWER PLANT CAMBRIDGE UNIVERSITY PRESS
"Berry AK, A Textbook of Endocrinology, 11th edition, Emkay Publications, New Delhi 3.",BERRY AK TEXTBOOK ENDOCRINOLOGY EDITION EMKAY PUBLICATIONS NEW DELHI
"Prakash S Lohar, Endocrinology, Hormones and Human Health, MJP Publishers (TamilNadu Book House), Chennai INTERNET RESOURCES 1. https://www.biologydiscussion.com > auxins-his 2. https://www.mcdaniel.edu/biology/Bot. (dia) 3. h t t p s : / / w w w. n d s u . e d u / p u b w e b / chiwonlee/plsc210 10th_Science Unit-16.indd 241 12/3/2022 3:04:35 PM 242 10th Standard Science Concept Map Plant Hormones Growth Promoters Auxins Cytokinins Gibberellins Growth Inhibitors Abscisic Acid Ethylene 243 Learning Objectives At the end of this lesson the students will be able to:  Differentiate vegetative, asexual and sexual reproduction.  Describe parts of flower and their functions.  Understand the types and modes of pollination and their significance.  Understand the process of double fertilization, steps involved in fertilization (syngamy and triple fusion), embryo development, endosperm development and formation of seed.  Understand the process of sexual reproduction in human beings.  Know the structure of testicular and ovarian cells.  Know the structural details of human sperm and ovum.  Realize the events of menstrual cycle and fertilization.  Gain awareness on reproductive health and strategies.  Gain knowledge on personal and social hygiene.", HYGIENE GAIN PRAKASH S LOHAR ENDOCRINOLOGY HORMONES HUMAN HEALTH MJP PUBLISHERS TAMILNADU BOOK HOUSE CHENNAI INTERNET RESOURCES AUXINS DIA H T P W N D U B E CHIWONLEE PM STANDARD SCIENCE CONCEPT MAP PLANT GROWTH PROMOTERS CYTOKININS GIBBERELLINS INHIBITORS ABSCISIC ACID ETHYLENE LEARN OBJECTIVES END LESSON STUDENTS ABLE DIFFERENTIATE VEGETATIVE ASEXUAL SEXUAL REPRODUCTION DESCRIBE PART FLOWER FUNCTION UNDERSTAND TYPE MODES POLLINATION SIGNIFICANCE PROCESS DOUBLE FERTILIZATION STEP INVOLVE SYNGAMY TRIPLE FUSION EMBRYO DEVELOPMENT ENDOSPERM FORMATION SEED BEINGS KNOW STRUCTURE TESTICULAR OVARIAN CELLS STRUCTURAL DETAIL SPERM OVUM REALIZE EVENTS MENSTRUAL CYCLE AWARENESS REPRODUCTIVE STRATEGIES KNOWLEDGE PERSONAL SOCIAL PRESENT PAST
Introduction “Living organisms cannot survive for an indefinite period on earth.,ORGANISM EARTH SURVIVE INTRODUCTION LIVE ORGANISMS INDEFINITE PERIOD NOT
All living organisms have the ability to produce more of its own kind by the process called reproduction.,ORGANISM PROCESS HAVE LIVE ORGANISMS ABILITY PRODUCE MORE OWN KIND CALL REPRODUCTION PRESENT PAST
Reproduction is the unfolding of life forms where new individuals are formed.,REPRODUCTION UNFOLD LIFE FORM NEW INDIVIDUALS PAST
It ensures continuity and survival of the species.,IT SPECIE ENSURE CONTINUITY SURVIVAL SPECIES PRESENT
This process is to preserve individual species and it is called as self-perpetuation.,PROCESS PRESERVE INDIVIDUAL SPECIES CALL SELF PERPETUATION PAST
The time required to reproduce also varies from organism to organism.,TIME ORGANISM VARY REQUIRE REPRODUCE ALSO PAST PRESENT
"You may find great variations in period of reproduction in yeast, bacteria, rat, cow, elephant and humans.",YOU YEAST FIND GREAT VARIATIONS PERIOD REPRODUCTION BACTERIA RAT COW ELEPHANT HUMANS
In sexual reproduction offsprings are produced by the union of male and female gametes (sperm and egg).,OFFSPRING GAMETE PRODUCE SEXUAL REPRODUCTION OFFSPRINGS UNION MALE FEMALE GAMETES SPERM EGG PAST
The male and female gametes contain the genetic material or genes present on the chromosomes which transmit the characteristic traits to the next generation.,WHICH GENERATION CONTAIN MALE FEMALE GAMETES GENETIC MATERIAL GENES PRESENT CHROMOSOMES TRANSMIT CHARACTERISTIC TRAITS NEXT
"There are three types of reproduction in plants namely i) Vegetative ii) Asexual and iii) Sexual reproduction. 17.1 Vegetative Reproduction In this type, new plantlets are formed from vegetative (somatic) cells, buds or organs of plant.",PLANTLET PLANT FORM THREE TYPE REPRODUCTION NAMELY I VEGETATIVE II ASEXUAL III SEXUAL NEW PLANTLETS SOMATIC CELLS BUD ORGANS PRESENT PAST
"The vegetative part of plant (root, stem, leaf or bud) gets detached from the parent body and grows into an independent REPRODUCTION IN PLANTS AND ANIMALS 244 10th Standard Science daughter plant.",PART PLANT DETACH VEGETATIVE ROOT STEM LEAF BUD PARENT BODY GROW INDEPENDENT REPRODUCTION ANIMALS STANDARD SCIENCE FEMALE CHILD PAST PRESENT
"It has only mitotic division, no gametic fusion and daughter plants are genetically similar to the parent plant.",ONLY MITOTIC DIVISION GAMETIC FUSION FEMALE CHILD PLANT GENETICALLY SIMILAR PARENT PRESENT NOT
Vegetative reproduction may take place through (i) Leaves: In Bryophyllum small plants grow at the leaf notches Leaf notches Figure 17.1 Vegetative reproduction by leaf (ii) Stems: In strawberry aerial weak stems touch the ground and give off adventitious roots and buds.,WEAK ROOT STEM VEGETATIVE REPRODUCTION TAKE PLACE I LEAVE BRYOPHYLLUM SMALL PLANT GROW LEAF NOTCH FIGURE II STRAWBERRY AERIAL TOUCH GRIND GIVE ADVENTITIOUS BUD PRESENT
"When the connections with the parent plant is broken, the offspring beomes independent.",OFFSPRING PLANT BEOME CONNECTIONS PARENT BREAK BEOMES INDEPENDENT PAST PRESENT
Figuer 17.2 Vegetative reproduction by stem (iii) Root: Tuberous roots (Asparagus and Sweet potato) can be used for vegetative propagation. (iv) Bulbils: In some plants the flower buds modified into globose which are called as bulbils.,WHICH BULBIL USE FIGUER VEGETATIVE REPRODUCTION STEM III ROOT TUBEROUS ASPARAGUS SWEET POTATO PROPAGATION BULBILS PLANT FLOWER BUD MODIFY GLOBOSE CALL PAST
When these falls on the ground they grow into new plants. e.g.,THEY PLANT GROW FALL GRIND NEW PRESENT
Agave. (v) Other types of Vegetative Reproduction a.,AGAVE OTHER TYPE VEGETATIVE REPRODUCTION
"Fragmentation: In filamentous algae, breaking of the filament into many fragments is called fragmentation.",FRAGMENTATION FILAMENTOUS ALGAE BREAK FILAMENT MANY FRAGMENT CALL PAST
"Each fragment having shoot atleast one cell, may give rise to a new filament of the algae by cell division e.g.",FRAGMENT DIVISION GIVE SHOOT ATLEAST ONE CELL RISE NEW FILAMENT ALGAE
Spirogyra.,SPIROGYRA
Figure 17.3 Fragmentation in Spirogyra b.,FIGURE FRAGMENTATION SPIROGYRA
Fission: In this type the parent cell divides into two daughter cells and each cell develops into a new adult organism e.g.,CELL ORGANISM DIVIDE FISSION TYPE PARENT TWO FEMALE CHILD CELLS DEVELOP NEW ADULT PRESENT
Amoeba.,AMOEBA
Figure 17.4 Fission in Amoeba c.,FIGURE FISSION AMOEBA
"Budding: Formation of a daughter individual from a small projection, the bud, arising on the parent body is called budding. e.g.",FORMATION BODY CALL BUD FEMALE CHILD INDIVIDUAL SMALL PROJECTION ARISE PARENT PAST
Yeast.,YEAST
Figure 17.5 Budding in Yeast d.,FIGURE BUD YEAST
Regeneration: The ability of the lost body parts of an individual organism to give rise to an whole new organism is called regeneration.,REGENERATION ABILITY LOSE BODY PART INDIVIDUAL ORGANISM GIVE RISE WHOLE NEW CALL PAST
It takes place by specialized mass of cells e.g Hydra and Planaria. 10th_Science Unit-17.indd 244 12/3/2022 3:06:35 PM 245 Reproduction in Plants and Animals 17.2 Asexual Reproduction Production of an offspring by a single parent without the formation and fusion of gametes is called asexual reproduction.,PRODUCTION GAMETE CALL TAKE PLACE SPECIALIZE MASS CELLS HYDRA PLANARIA PM REPRODUCTION PLANT ANIMALS ASEXUAL OFFSPRING SINGLE PARENT FORMATION FUSION GAMETES PRESENT PAST
It involves only mitotic cell divisions and meiosis does not occur.,INVOLVE ONLY MITOTIC CELL DIVISIONS MEIOSIS OCCUR PRESENT NOT
Offspring produced by asexual reproduction are not only identical to parents but are also exact copies of their parent.,OFFSPRING PRODUCE ASEXUAL REPRODUCTION ONLY IDENTICAL PARENT ALSO EXACT COPY PAST NOT
Asexual reproduction occurs by spore formation.,REPRODUCTION FORMATION OCCUR ASEXUAL SPORE PRESENT
This is the most common method of asexual reproduction in fungi and bacteria.,MOST COMMON METHOD ASEXUAL REPRODUCTION FUNGI BACTERIA
During spore formation a structure called sporangium develops from the fungal hypha.,STRUCTURE HYPHA DEVELOP SPORE FORMATION CALL SPORANGIUM FUNGAL PAST PRESENT
The nucleus divides several times within the sporangium and each nucleus with small amount of cytoplasm develops into a spore.,NUCLEUS SPORE DIVIDE SEVERAL TIME SPORANGIUM SMALL AMOUNT CYTOPLASM DEVELOP PRESENT
The spores are liberated and they develop into new hypha after reaching the ground or substratum.,THEY GRIND LIBERATE SPORES DEVELOP NEW HYPHA REACH SUBSTRATUM PAST PRESENT
"Figure 17.6 Spore formation in Rhizopus Activity 1  Wet a slice of bread, and keep it in a cool, moist and dark place.  Observe the surface of the slice with a magnifying glass.  Record your observations for a week. 17.3 Sexual Reproduction in Plants Sexual reproduction is the process in which two gametes (male and female) are fused to produce offspring of their own kind.",GAMETE KIND RECORD SPORE FORMATION RHIZOPUS ACTIVITY WET SLICE BREAD KEEP COOL MOIST DARK PLACE OBSERVE SURFACE MAGNIFY GLASS OBSERVATIONS WEEK SEXUAL REPRODUCTION PLANT PROCESS TWO GAMETES MALE FEMALE FUSE PRODUCE OFFSPRING OWN PAST
"In such cases both sexes, male and female sex organs are needed to produce gametes.",ORGAN GAMETE NEED SUCH CASE SEX MALE FEMALE ORGANS PRODUCE GAMETES PAST
You have already learnt that the flower is a reproductive organ of a flowering plant.,FLOWER PLANT LEARN ALREADY REPRODUCTIVE ORGAN PAST
To understand this further we need to study the structure of a flower. 17.3.1 Parts of a Typical Flower A flower is a modified shoot with limited growth to carry out sexual reproduction.,FLOWER REPRODUCTION NEED UNDERSTAND FURTHER STUDY STRUCTURE PART TYPICAL MODIFY SHOOT LIMIT GROWTH CARRY SEXUAL PRESENT PAST
A flower consists of four whorls borne on a thalamus.,FLOWER THALAMUS CONSIST FOUR WHORLS BEAR PRESENT PAST
"These whorls are from outside a) Calyx – consisting of sepals b) Corolla – consisting of petals c) Androecium – consisting of stamens d) Gynoecium or pistil – consisting of carpels Figure 17.7 Parts of a flower Activity 2  Take a shoe flower from a growing plant.  Observe the floral parts Calyx, Corolla, Androecium and Gynoecium.  Separate the stamens and carpels and observe the parts.  Dust the pollen grains on a slide and observe under a microscope.",DUST MICROSCOPE GRAIN WHORLS CALYX CONSIST SEPALS B COROLLA PETALS C ANDROECIUM STAMENS GYNOECIUM PISTIL CARPELS FIGURE PART FLOWER ACTIVITY TAKE SHOE GROW PLANT OBSERVE FLORAL SEPARATE POLLEN SLIDE PRESENT
The two outermost whorls calyx and corolla are non–essential or accessory whorls as they do not directly take part in the reproduction.,TWO OUTERMOST WHORLS CALYX COROLLA NON ESSENTIAL ACCESSORY DIRECTLY TAKE PART REPRODUCTION NOT
"The other two whorls androecium and gynoecium are known as the essential whorls, because both take part directly in reproduction.",BOTH REPRODUCTION KNOW OTHER TWO WHORLS ANDROECIUM GYNOECIUM ESSENTIAL TAKE PART DIRECTLY PAST PRESENT
"Androecium: Androecium, the male part of flower is composed of stamens.",PART STAMEN COMPOSE ANDROECIUM MALE FLOWER STAMENS PAST
Each stamen consists of a stalk called the filament and a small bag like structure called anther at the tip.,STAMAN TIP CONSIST STAMEN STALK CALL FILAMENT SMALL BAG STRUCTURE ANTHER PRESENT PAST
The pollen grains are produced in the anther within the pollen sac. 10th_Science Unit-17.indd 245 12/3/2022 3:06:35 PM 246 10th Standard Science Figure 17.8 Structure of Anther and Pollen grain Stamen Anther Filament Anther Vegetative nucleus Generative nucleus Exine Intine Germ pore Generative cell Pollen Grain Pollen grain: Pollen grains are usually spherical in shape.,GRAIN SHAPE PORE POLLEN PRODUCE ANTHER SAC PM STANDARD SCIENCE FIGURE STRUCTURE STAMEN FILAMENT VEGETATIVE NUCLEUS GENERATIVE EXINE INTINE GERM CELL USUALLY SPHERICAL PAST HABITUAL
It has two layered wall.,IT WALL HAVE TWO LAYER PRESENT
The hard- outer layer is known as exine.,LAYER EXINE KNOW OUTER PAST
It has prominent apertures called germpore.,IT APERTURE HAVE PROMINENT APERTURES CALL GERMPORE PRESENT PAST
The inner thin layer is known as intine.,LAYER INTINE KNOW INNER THIN PAST
It is a thin and continuous layer made up of cellulose and pectin.,THIN CONTINUOUS LAYER MAKE CELLULOSE PECTIN PAST
"Mature pollen grains contain two cells, the vegetative and the generative cell.",GRAIN CELL CONTAIN MATURE POLLEN TWO CELLS VEGETATIVE GENERATIVE PRESENT
Vegetative cell contains a large nucleus.,CELL NUCLEUS CONTAIN VEGETATIVE LARGE PRESENT
The generative cell divides mitotically to form two male gametes.,CELL GAMETE DIVIDE GENERATIVE MITOTICALLY FORM TWO MALE GAMETES PRESENT
Gynoecium: Gynoecium is the female part of the flower and is made up of carpels.,GYNOECIUM FEMALE PART FLOWER MAKE CARPELS PAST
It has three parts: 1.,IT PART HAVE THREE PRESENT
Ovary 2.,OVARY
Style 3.,STYLE
Stigma The ovary contains the ovules. 17.3.2 Structure of the Ovule The main part of the ovule is the nucellus which is enclosed by two integuments leaving an opening called as micropyle.,WHICH MICROPYLE CONTAIN STIGMA OVARY OVULES STRUCTURE OVULE MAIN PART NUCELLUS ENCLOSE TWO INTEGUMENTS LEAVE OPEN CALL PRESENT PAST
The ovule is attached to the ovary wall by a stalk known as funiculus.,OVULE FUNICULUS ATTACH OVARY WALL STALK KNOW PAST
Chalaza is the basal part.,CHALAZA BASAL PART
Figure 17.10 Structure of an Ovule Nucellus Embryo sac Integuments Micropyle Chalaza Antipodal cells Secondary nucleus Egg Synergids Funicle The embryo sac contains seven cells and the eighth nuclei located within the nucellus.,SAC NUCELLUS CONTAIN FIGURE STRUCTURE OVULE EMBRYO INTEGUMENTS MICROPYLE CHALAZA ANTIPODAL CELLS SECONDARY NUCLEUS EGG SYNERGIDS FUNICLE SEVEN EIGHTH NUCLEI LOCATE PRESENT PAST
Three cells at the micropylar end form the egg apparatus and the three cells at the chalaza end are the antipodal cells.,CELL END FORM THREE CELLS MICROPYLAR EGG APPARATUS CHALAZA ANTIPODAL
The remaining two nuclei are called polar nuclei found in the centre.,NUCLEUS CENTRE CALL REMAIN TWO NUCLEI POLAR FIND PAST
In the egg apparatus one is the egg cell (female gamete) and the remaining two cells are the synergids.,EGG APPARATUS ONE CELL FEMALE GAMETE REMAIN TWO CELLS SYNERGIDS
Process of sexual reproduction in flowering plants.,PROCESS SEXUAL REPRODUCTION FLOWER PLANT
It involves: 1.,IT 1 INVOLVE PRESENT
Pollination 2.,POLLINATION
Fertilization 17.4 Pollination The transfer of pollen grains from anther to stigma of a flower is called as pollination Importance of Pollination 1.,TRANSFER POLLINATION CALL FERTILIZATION POLLEN GRAIN ANTHER STIGMA FLOWER IMPORTANCE PAST
It results in fertilization which leads to the formation of fruits and seed. 2.,WHICH FRUIT RESULT FERTILIZATION LEAD FORMATION SEED PRESENT
New varieties of plants are formed through new combination of genes in case of cross pollination. 17.4.1 Types of Pollination 1.,VARIETY POLLINATION FORM NEW VARIETIES PLANT COMBINATION GENES CASE CROSS TYPE PAST
Self-pollination 2.,SELF POLLINATION
Cross pollination Self-pollination (Autogamy) Self-pollination is also known as autogamy.,POLLINATION KNOW CROSS SELF AUTOGAMY ALSO PAST
The transfer of pollen grains from the anther to the stigma of same flower or another flower borne on the same plant is known as self- pollination. e.g.,TRANSFER POLLINATION BEAR POLLEN GRAIN ANTHER STIGMA SAME FLOWER PLANT KNOW PAST
Hibiscus.,HIBISCUS
Advantages of self-pollination 1.,ADVANTAGE SELF POLLINATION
Self-pollination is possible in bisexual flowers. 2.,SELF POLLINATION POSSIBLE BISEXUAL FLOWER
Flowers do not depend on agents for pollination. 3.,FLOWER POLLINATION DEPEND AGENTS NOT
There is no wastage of pollen grains.,WASTAGE POLLEN GRAIN PRESENT NOT
Stigma Style Ovary Female gamete Figure 17.9 Gynoecium 10th_Science Unit-17.indd 246 12/3/2022 3:06:35 PM 247 Reproduction in Plants and Animals Disadvantages of self-pollination 1.,STIGMA STYLE OVARY FEMALE GAMETE FIGURE GYNOECIUM PM REPRODUCTION PLANT ANIMALS DISADVANTAGE SELF POLLINATION
The seeds are less in numbers. 2.,SEED LESS NUMBER
The endosperm is minute.,ENDOSPERM MINUTE
"Therefore, the seeds produce weak plants. 3.",SEED PLANT PRODUCE THEREFORE WEAK PRESENT
"New varieties of plants cannot be produced Cross pollination Cross-pollination is the transfer of pollen from the anthers of a flower to the stigma of a flower on another plant of the same species e.g. apples, grapes, plum, etc.",POLLINATION SPECIE PRODUCE NEW VARIETIES PLANT CROSS TRANSFER POLLEN ANTHERS FLOWER STIGMA SAME SPECIES APPLES GRAPES PLUM PAST NOT
Advantages of cross pollination 1.,ADVANTAGE CROSS POLLINATION
"The seeds produced as a result of cross pollination, develop and germinate properly and grow into better plants, i.e. cross pollination leads to the production of new varieties. 2.",POLLINATION VARIETY DEVELOP SEED PRODUCE RESULT CROSS GERMINATE PROPERLY GROW BETTER PLANT LEAD PRODUCTION NEW VARIETIES PAST PRESENT
More viable seeds are produced.,MORE VIABLE SEED PRODUCE PAST
Disadvantages of cross-pollination 1.,DISADVANTAGE CROSS POLLINATION
Pollination may fail due to distance barrier. 2.,POLLINATION BARRIER FAIL DISTANCE
More wastage of pollen grains 3.,WASTAGE 3 GRAIN MORE POLLEN PRESENT
It may introduce some unwanted characters 4.,IT CHARACTER INTRODUCE UNWANTED
Flowers depend on the external agencies for pollination Activity 3  Observe the flowers in a garden., GARDEN DEPEND FLOWER EXTERNAL AGENCIES POLLINATION ACTIVITY OBSERVE PRESENT
"Identify the insects and birds that act as pollinating agents.  Maintain a record of pollinating agents and the plants. 17.5 Agents of Cross Pollination In order to bring about cross pollination, it is necessary that the pollen should be carried from one flower to another of a different plant.",POLLEN PLANT MAINTAIN IDENTIFY INSECTS BIRD ACT POLLINATE AGENTS RECORD CROSS POLLINATION ORDER BRING NECESSARY CARRY ONE FLOWER DIFFERENT PRESENT PAST
"This takes place through the agency of animals, insects, wind and water. 1.",THIS ANIMAL TAKE PLACE AGENCY ANIMALS INSECTS WIND WATER PRESENT
Pollination by wind The pollination with the help of wind is called anemophily.,POLLINATION WIND CALL HELP ANEMOPHILY PAST
The anemophilous flowers produce enormous amount of pollen grains.,FLOWER GRAIN PRODUCE ANEMOPHILOUS ENORMOUS AMOUNT POLLEN PRESENT
"The pollen grains are small, smooth, dry and light in weight.",POLLEN GRAIN SMALL SMOOTH DRY LIGHT WEIGHT
"Pollen of such plants are blown off at a distance of more than 1,000 km.",POLLEN KM BLOW SUCH PLANT DISTANCE MORE PAST
"The stigmas are comparatively large, protruding and sometimes hairy to trap the pollen grains. e.g.",STIGMAS COMPARATIVELY LARGE PROTRUDE SOMETIMES HAIRY TRAP POLLEN GRAIN OCCASIONAL
Grasses and some cacti. 2.,GRASS CACTI
"Pollination by insects Pollination with the help of insects like honey bees, flies are called entomophily.",FLY BEE CALL POLLINATION INSECTS HELP HONEY BE ENTOMOPHILY PAST
"To attract insects these flowers are brightly coloured, have smell and nectar.",FLOWER SMELL COLOUR ATTRACT INSECTS BRIGHTLY NECTAR PAST PRESENT
"The pollen grains are larger in size, the exine is pitted, spiny etc., so they can be adhered firmly on the sticky stigma.",THEY STIGMA ADHERE POLLEN GRAIN LARGER SIZE EXINE PIT SPINY FIRMLY STICKY PAST
"Approximately, 80% of the pollination done by the insects is carried by honey bees. 3.",% BE CARRY APPROXIMATELY POLLINATION INSECTS HONEY PAST
Pollination by water The pollination with the help of water is called hydrophily.This takes place in aquatic plants. (i) Pollen grains are produced in large numbers. (ii) Pollen grains float on surface of water till they land on the stigma of female flowers e.g.,THEY FLOWER FLOAT POLLINATION WATER HELP CALL HYDROPHILY TAKE PLACE AQUATIC PLANT I POLLEN GRAIN PRODUCE LARGE NUMBER II SURFACE LAND STIGMA FEMALE PAST PRESENT
"Hydrilla, Vallisneria.",HYDRILLA VALLISNERIA
Male f lower Female f lower Water Pollen grain Figure 17.11 Hydrophily 10th_Science Unit-17.indd 247 12/3/2022 3:06:35 PM 248 10th Standard Science 3.,MALE F LOWER FEMALE WATER POLLEN GRAIN FIGURE HYDROPHILY PM STANDARD SCIENCE
"Pollination by Animals When pollination takes place with the help of animals, it is called Zoophily.",IT ANIMAL CALL POLLINATION ANIMALS TAKE PLACE HELP ZOOPHILY PRESENT PAST
"Flowers of such plants attract animals by their bright color, size, scent etc. e.g. sun bird pollinates flowers of Canna, Gladioli etc., Squirrels pollinate flowers of silk cotton tree. 17.6 Fertilization in Plants Figure 17.12 Process of Fertilization Secondary Stigma Male gamete Egg  Pollen grains reach the right stigma and begin to germinate.  Pollen grain forms a small tube-like structure called pollen tube which emerges through the germ pore.",WHICH GERM FORM FLOWER SUCH PLANT ATTRACT ANIMALS BRIGHT COLOR SIZE SCENT SUN BIRD POLLINATE CANNA GLADIOLI SQUIRRELS SILK COTTON TREE FERTILIZATION FIGURE PROCESS SECONDARY STIGMA MALE GAMETE EGG POLLEN GRAIN REACH RIGHT BEGIN GERMINATE SMALL TUBE LIKE STRUCTURE CALL EMERGE PORE PRESENT PAST
The contents of the pollen grain move into the tube.  Pollen tube grows through the tissues of the stigma and style and finally reaches the ovule through the micropyle.  Vegetative cell degenerates and the generative cell divides to form two sperms (or male gametes).  Tip of pollen tube bursts and the two sperms enter the embryo sac.  One sperm fuses with the egg (syngamy) and forms a diploid zygote.,SPERM ZYGOTE FUSE CONTENT POLLEN GRAIN MOVE TUBE GROW TISSUE STIGMA STYLE FINALLY REACH OVULE MICROPYLE VEGETATIVE CELL DEGENERATE GENERATIVE DIVIDE FORM TWO SPERMS MALE GAMETES TIP BURST ENTER EMBRYO SAC ONE EGG SYNGAMY DIPLOID PRESENT
The other sperm fuses with the secondary nucleus (Triple fusion) to form the primary endosperm nucleus which is triploid in nature.,OTHER SPERM FUSE SECONDARY NUCLEUS TRIPLE FUSION FORM PRIMARY ENDOSPERM TRIPLOID NATURE
"Since two types of fusion syngamy and triple fusion take place in an embryo sac the process is termed as double fertilization.  After triple fusion, primary endosperm nucleus develops into an endosperm.  Endosperm provides food to the developing embryo.  Later the synergids and antipodal cells degenerate.",SYNERGID EMBRYO DEGENERATE TWO TYPE FUSION SYNGAMY TRIPLE TAKE PLACE SAC PROCESS TERM DOUBLE FERTILIZATION PRIMARY ENDOSPERM NUCLEUS DEVELOP PROVIDE FOOD LATER SYNERGIDS ANTIPODAL CELLS PRESENT PAST FUTURE
Significance of Fertilization (i) It stimulates the ovary to develop into fruit. (ii) It helps in development of new characters from two different individuals.,IT INDIVIDUAL HELP SIGNIFICANCE FERTILIZATION I STIMULATE OVARY DEVELOP FRUIT II DEVELOPMENT NEW CHARACTER TWO DIFFERENT INDIVIDUALS PRESENT
Post fertilization changes: 1.,POST FERTILIZATION CHANGE
The ovule develops into a seed. 2.,OVULE SEED DEVELOP PRESENT
The integuments of the ovule develop into the seed coat. 3.,INTEGUMENT COAT DEVELOP INTEGUMENTS OVULE SEED
The ovary enlarges and develops into a fruit.,OVARY ENLARGE DEVELOP FRUIT PRESENT
The seed contains the future plant or embryo which develops into a seedling under appropriate conditions. 17.7 Sexual Reproduction in Human You have studied the structural details of the male and female reproductive system in 9th standard.,YOU STANDARD STUDY SEED CONTAIN FUTURE PLANT EMBRYO DEVELOP SEEDLING APPROPRIATE CONDITION SEXUAL REPRODUCTION HUMAN STRUCTURAL DETAIL MALE FEMALE REPRODUCTIVE SYSTEM PRESENT PAST
In human beings the male and female reproductive organs differ anatomically and physiologically.,ORGAN BE DIFFER HUMAN BEINGS MALE FEMALE REPRODUCTIVE ORGANS ANATOMICALLY PHYSIOLOGICALLY PRESENT
New individuals develop by the fusion of gametes.,INDIVIDUAL GAMETE DEVELOP NEW INDIVIDUALS FUSION GAMETES PRESENT
Sexual reproduction involves the fusion of two haploid gametes (male and the female gametes) to form a diploid individual (zygote).,REPRODUCTION INDIVIDUAL INVOLVE SEXUAL FUSION TWO HAPLOID GAMETES MALE FEMALE FORM DIPLOID ZYGOTE PRESENT
Organs of the reproductive system are divided into primary and secondary (accessory) sex organs. 10th_Science Unit-17.indd 248 12/3/2022 3:06:36 PM 249 Reproduction in Plants and Animals lie between the seminiferous tubules and secrete testosterone.,unit-17.indd TUBULE LIE ORGANS REPRODUCTIVE SYSTEM DIVIDE PRIMARY SECONDARY ACCESSORY SEX PM REPRODUCTION PLANT ANIMALS SEMINIFEROUS TUBULES SECRETE TESTOSTERONE PAST PRESENT
It initiates the process of spermatogenesis.,IT SPERMATOGENESIS INITIATE PROCESS PRESENT
Vas deferens Epididymis Eﬀerent ductules Straight tubule Seminiferous tubule Parietal layer Cavity Visceral layer Capsule (Tunica albuginea) Figure 17.13 L.S of human testes 17.7.2.,TUBULE TESTIS DEFEREN VAS DEFERENS EPIDIDYMIS EFFERENT DUCTULES STRAIGHT SEMINIFEROUS PARIETAL LAYER CAVITY VISCERAL CAPSULE TUNICA ALBUGINEA FIGURE HUMAN TESTES PRESENT
"Female Reproductive Organ - Structure of Ovary The ovaries are located on either side of the lower abdomen composed of two almond shaped bodies, each lying near the lateral end of fallopian tube.",EACH TUBE LOCATE FEMALE REPRODUCTIVE ORGAN STRUCTURE OVARY OVARIES SIDE LOWER ABDOMEN COMPOSE TWO ALMOND SHAPE BODY LIE LATERAL END FALLOPIAN PAST
Each ovary is a compact structure consisting of an outer cortex and an inner medulla.,OVARY COMPACT STRUCTURE CONSIST OUTER CORTEX INNER MEDULLA
The cortex is composed of a network of connective tissue called as stroma and is lined by the germinal epithelium.,CORTEX EPITHELIUM COMPOSE NETWORK CONNECTIVE TISSUE CALL STROMA LINE GERMINAL PAST
The epithelial cells called the granulosa cells surround each ovum in the ovary together forming the primary follicle.,CELL FOLLICLE CALL EPITHELIAL CELLS GRANULOSA SURROUND OVUM OVARY TOGETHER FORM PRIMARY PAST PRESENT
"As the egg grows larger, the follicle also enlarges and gets filled with the fluid and is called the Graafian follicle.  Primary reproductive organs include the gonads (Testes in male and Ovaries in female).  Accessory sex organs  Male: Vas deferens, epididymis, seminal vesicle, prostate gland and penis.  Female: Fallopian tubes, uterus, cervix and vagina.",VAS FEMALE INCLUDE EGG GROW LARGER FOLLICLE ALSO ENLARGE FILL FLUID CALL GRAAFIAN PRIMARY REPRODUCTIVE ORGANS GONADS TESTES MALE OVARIES ACCESSORY SEX DEFERENS EPIDIDYMIS SEMINAL VESICLE PROSTATE GLAND PENIS FALLOPIAN TUBE UTERUS CERVIX VAGINA PRESENT PAST
The secondary (accessory) sex organs include those structures which are involved in the  Process of ovulation  Fusion of the male and female gametes (fertilization)  Division of the fertilized egg upto the formation of embryo  Pregnancy  Development of foetus  Child birth.,WHICH FOETUS INCLUDE SECONDARY ACCESSORY SEX ORGANS STRUCTURE INVOLVE PROCESS OVULATION FUSION MALE FEMALE GAMETES FERTILIZATION DIVISION FERTILIZE EGG FORMATION EMBRYO PREGNANCY DEVELOPMENT CHILD BIRTH PRESENT PAST
Now let’s see the cells of the primary reproductive organs in human male and female and their role in reproduction. 17.7.1 Male Reproductive Organ - Structure of Testes Testes are the reproductive glands of the male that are oval shaped organs which lie outside the abdominal cavity of a man in a sac like structure called scrotum.,WHICH STRUCTURE LET SEE CELLS PRIMARY REPRODUCTIVE ORGANS HUMAN MALE FEMALE ROLE REPRODUCTION ORGAN TESTES GLANDS OVAL SHAPE LIE ABDOMINAL CAVITY MAN SAC CALL SCROTUM PRESENT PAST
Now we shall study the various cells which are present in the testes.,WHICH TESTIS STUDY NOW VARIOUS CELLS PRESENT TESTES
Each testes is covered with a layer of fibrous tissue called tunica albuginea.,TESTIS TISSUE COVER TESTES LAYER FIBROUS CALL TUNICA ALBUGINEA PAST
"Many septa from this layer divide the testes into pyramidal lobules, in which lie seminiferous tubules, cells of Sertoli, and the Leydig cells (interstitial cells).",SEPTUM SERTOLI DIVIDE MANY SEPTA LAYER TESTES PYRAMIDAL LOBULES LIE SEMINIFEROUS TUBULES CELLS LEYDIG INTERSTITIAL PRESENT
The process of spermatogenesis takes place in the seminiferous tubules.,PROCESS TUBULE TAKE SPERMATOGENESIS PLACE SEMINIFEROUS TUBULES PRESENT
The Sertoli cells are the supporting cells and provide nutrients to the developing sperms.,SERTOLI CELLS SUPPORT PROVIDE NUTRIENTS DEVELOP SPERMS
"The Leydig cells are polyhedral in shape and Info bits The number of primordial follicles in new born female child ranges over 7 million and during reproductive period (at puberty) the number is around 60,000 to 70,000.",LEYDIG CELLS POLYHEDRAL SHAPE INFO BITS NUMBER PRIMORDIAL FOLLICLES NEW BEAR FEMALE CHILD RANGE MILLION REPRODUCTIVE PERIOD PUBERTY PRESENT PAST
"During a woman’s lifetime, she will only ovulate 300 to 400 of the 1-2 million eggs, she was initially born with.",SHE EGG BEAR WOMAN LIFETIME ONLY OVULATE MILLION INITIALLY PAST
"On the other side, men will produce over 500 billion sperms in their lifetime. 10th_Science Unit-17.indd 249 12/3/2022 3:06:36 PM 250 10th Standard Science 251 Reproduction in Plants and Animals the ovary.",MAN PLANT PRODUCE OTHER SIDE MEN BILLION SPERMS LIFETIME PM STANDARD SCIENCE REPRODUCTION ANIMALS OVARY
The secretion of both male and female hormones are under the control of the pituitary gonadotropins luteinizing hormone (LH) and follicle stimulating hormone (FSH). 17.9 Menstrual Cycle-Process of Ovulation The cyclic events that take place in a rhythmic fashion during the reproductive period of a woman’s life is called menstrual cycle.,THAT LIFE CALL SECRETION MALE FEMALE HORMONES CONTROL PITUITARY GONADOTROPINS LUTEINIZING HORMONE LH FOLLICLE STIMULATE FSH MENSTRUAL CYCLE PROCESS OVULATION CYCLIC EVENTS TAKE PLACE RHYTHMIC FASHION REPRODUCTIVE PERIOD WOMAN PRESENT PAST
"In human females the menstrual cycle starts at the age of 11-13 years which marks the onset of puberty and is called menarche, and ceases around 48-50 years of age and this stage is termed menopause.",STAGE AGE START HUMAN FEMALES MENSTRUAL CYCLE YEARS MARK ONSET PUBERTY CALL MENARCHE CEASE TERM MENOPAUSE PRESENT PAST
The reproductive period is marked by characteristic events repeated almost every month in physiologically normal women (28 days with minor variation) in the form of a menstrual flow.,PERIOD FLOW MARK REPRODUCTIVE CHARACTERISTIC EVENTS REPEAT ALMOST MONTH PHYSIOLOGICALLY NORMAL WOMEN DAYS MINOR VARIATION FORM MENSTRUAL PAST
The menstrual cycle consists of 4 phases 1.,CYCLE PHASE CONSIST MENSTRUAL PRESENT
Menstrual or Destructive Phase 2.,MENSTRUAL DESTRUCTIVE PHASE
Follicular or Proliferative Phase 3.,FOLLICULAR PROLIFERATIVE PHASE
Ovulatory Phase 4.,OVULATORY PHASE
Luteal or Secretory Phase Figure 17.17 Menstrual cycle These phases show simultaneous synchrony of events in both ovary and uterus.,PHASE OVARY SHOW LUTEAL SECRETORY FIGURE MENSTRUAL CYCLE SIMULTANEOUS SYNCHRONY EVENTS UTERUS PRESENT
"Changes in the ovary and the uterus are Table 17.1 Events of Menstrual Cycle and the Role of Hormones Phase Days Changes in Ovary Changes in Uterus Hormonal Changes Menstrual phase 4–5 days Development of primary follicles Breakdown of uterine endometrial lining leads to bleeding Decrease in progesterone and oestrogen Follicular phase 6th–13th day Primary follicles grow to become a fully mature Graafian follicle Endometrium regenerates through proliferation FSH and oestrogen increase Ovulatory phase 14th day The Graafian follicle ruptures, and releases the ovum(egg) Increase in endometrial thickness LH peak Luteal phase 15th– 28th day Emptied Graafian follicle develops into corpus luteum Endometrium is prepared for implantation if fertilization of egg takes place, if fertilization does not occur corpus luteum degenerates, uterine wall ruptures, bleeding starts and unfertilized egg is expelled LH and FSH decrease, Corpus luteum produces progesterone and its level increases followed by a decline, if menstrual bleeding occurs 10th_Science Unit-17.indd 251 12/3/2022 3:06:37 PM 252 10th Standard Science induced by the pituitary hormones (LH and FSH) and ovarian hormones (estrogen and progesterone).",BLEED HORMONE PRODUCE CHANGE OVARY UTERUS TABLE EVENTS MENSTRUAL CYCLE ROLE HORMONES PHASE DAYS HORMONAL DEVELOPMENT PRIMARY FOLLICLES BREAKDOWN UTERINE ENDOMETRIAL LINE LEAD DECREASE PROGESTERONE FOLLICULAR DAY GROW BECOME FULLY MATURE GRAAFIAN FOLLICLE ENDOMETRIUM REGENERATE PROLIFERATION FSH OESTROGEN INCREASE OVULATORY RUPTURE RELEASE THICKNESS LH PEAK LUTEAL EMPTY DEVELOP CORPUS LUTEUM PREPARE IMPLANTATION FERTILIZATION EGG TAKE PLACE OCCUR DEGENERATE WALL START UNFERTILIZED EXPEL LEVEL FOLLOW DECLINE PM STANDARD SCIENCE INDUCE PITUITARY OVARIAN ESTROGEN PRESENT PAST NOT
Info bit Menstruation is a periodical phenomenon that continues from puberty to menopause.,INFO BITE MENSTRUATION PERIODICAL PHENOMENON CONTINUE PUBERTY MENOPAUSE PRESENT
This will happen if the released ovum is not fertilized by the sperm.,OVUM SPERM HAPPEN RELEASE FERTILIZE PAST NOT
Lack of menstruation generally indicates pregnancy. 17.10 Fertilization to Foetal Development Fertilization Fertilization in human is internal and occurs in the oviduct of the female genital tract.,FERTILIZATION TRACT INDICATE LACK MENSTRUATION GENERALLY PREGNANCY FOETAL DEVELOPMENT HUMAN INTERNAL OCCUR OVIDUCT FEMALE GENITAL PRESENT
It takes place usually in the ampulla of the fallopian tube.,IT TUBE TAKE PLACE USUALLY AMPULLA FALLOPIAN PRESENT HABITUAL
An oocyte is alive for about 24 hours after it is released from the follicle.,OOCYTE ALIVE HOURS RELEASE FOLLICLE PAST
Fertilisation must take place within 24 hours.,FERTILISATION HOUR TAKE PLACE HOURS
"The sperm enters into the ovum and fuses with it, resulting in the formation of a ‘zygote’.",SPERM ZYGOTE ENTER OVUM FUSE RESULT FORMATION PRESENT
This process is called fertilization.,PROCESS CALL FERTILIZATION PAST
The zygote is a fertilized ovum.,ZYGOTE FERTILIZE OVUM
Cleavage and Formation of Blastula The first cleavage takes place about 30 hours after fertilization.,CLEAVAGE FERTILIZATION TAKE FORMATION BLASTULA FIRST PLACE HOURS PRESENT
Cleavage is a series of rapid mitotic divisions of the zygote to form many celled blastula (Blastocyst) which comprises an outer layer of smaller cells and inner mass of larger cells.,CLEAVAGE SERIES RAPID MITOTIC DIVISIONS ZYGOTE FORM MANY CELLED BLASTULA BLASTOCYST COMPRISE OUTER LAYER SMALLER CELLS INNER MASS LARGER PRESENT
Implantation The blastocyst (fertilized egg) reaches the uterus and gets implanted in the uterus.,BLASTOCYST UTERUS REACH IMPLANTATION FERTILIZE EGG IMPLANT PAST PRESENT
The process of attachment of the blastocyst to the uterine wall (endometrium) is called implantation.,PROCESS WALL CALL ATTACHMENT BLASTOCYST UTERINE ENDOMETRIUM IMPLANTATION PAST
The fertilized egg becomes implanted in about 6 to 7 days after fertilization.,EGG FERTILIZATION IMPLANT FERTILIZE DAYS PAST
"Gastrulation The transformation of blastula into gastrula and the formation of primary germ layers (ectoderm, mesoderm and endoderm) by rearrangement of the cells is called gastrulation.",TRANSFORMATION CELL CALL GASTRULATION BLASTULA GASTRULA FORMATION PRIMARY GERM LAYER ECTODERM MESODERM ENDODERM REARRANGEMENT CELLS PAST
This takes place after the process of implantation.,THIS IMPLANTATION TAKE PLACE PROCESS PRESENT
"Figure 17.18 Developmental stages of zygote from cleavage to blastocyst formation Organogenesis The establishment of the germ layers namely ectoderm, mesoderm and endoderm initiates the final phase of embryonic Info bits Normally one egg matures in the ovary each month.",ESTABLISHMENT OVARY INITIATE FIGURE DEVELOPMENTAL STAG ZYGOTE CLEAVAGE BLASTOCYST FORMATION ORGANOGENESIS GERM LAYER NAMELY ECTODERM MESODERM ENDODERM FINAL PHASE EMBRYONIC INFO BITS NORMALLY ONE EGG MATURE MONTH PRESENT
Ovulation is the rupture of the follicle releasing the egg or ovum .,OVULATION RUPTURE FOLLICLE RELEASE EGG OVUM
The uterus prepares itself to receive the fertilized egg every month.,UTERUS EGG PREPARE RECEIVE FERTILIZE MONTH PRESENT
The uterine lining becomes thick and spongy for implantation of the fertilized egg.,LINE EGG BECOME UTERINE THICK SPONGY IMPLANTATION FERTILIZE PRESENT
"Events leading to when fertilization occurs and does not occur If fertilization takes place the corpus luteum persists, continues to secrete progesterone maintains the thickened state of uterine wall and prevents maturation of another follicle till the end of pregnancy If fertilization does not occur, corpus luteum degenerates, the egg disintegrates and the uterine lining slowly breaks, discharged as blood and mucus leading to menstrual events. 10th_Science Unit-17.indd 252 12/3/2022 3:06:39 PM 253 Reproduction in Plants and Animals development.",EGG DEVELOPMENT OCCUR EVENTS LEAD FERTILIZATION TAKE PLACE LUTEUM PERSIST CONTINUE SECRETE PROGESTERONE MAINTAIN THICKEN STATE UTERINE WALL PREVENT MATURATION FOLLICLE END PREGNANCY DEGENERATE DISINTEGRATE LINE SLOWLY BREAK DISCHARGE BLOOD MUCUS MENSTRUAL PM REPRODUCTION PLANT ANIMALS PRESENT PAST NOT
During organogenesis the various organs of the foetus are established from the different germ layers attaining a functional state.,ORGAN STATE ESTABLISH ORGANOGENESIS VARIOUS ORGANS FOETUS DIFFERENT GERM LAYER ATTAIN FUNCTIONAL PAST
Formation of Placenta The placenta is a disc shaped structure attached to the uterine wall and is a temporary association between the developing embryo and maternal tissues.,FORMATION PLACENTA DISC SHAPE STRUCTURE ATTACH UTERINE WALL TEMPORARY ASSOCIATION DEVELOP EMBRYO MATERNAL TISSUE PAST
"It allows the exchange of food materials, diffusion of oxygen, excretion of nitrogenous wastes and elimination of carbon dioxide.",EXCHANGE DIOXIDE ALLOW FOOD MATERIALS DIFFUSION OXYGEN EXCRETION NITROGENOUS WASTE ELIMINATION CARBON PRESENT
A cord containing blood vessels that connects the placenta with the foetus is called the umbilical cord.,THAT FOETUS CALL CORD CONTAIN BLOOD VESSELS CONNECT PLACENTA UMBILICAL PRESENT PAST
Pregnancy (Gestation) It is the time period during which the embryo attains its development in the uterus.,PREGNANCY GESTATION TIME PERIOD EMBRYO ATTAIN DEVELOPMENT UTERUS PRESENT
Normally gestation period of human last for about 280 days.,NORMALLY GESTATION PERIOD HUMAN LAST DAYS
During pregnancy the uterus expands upto 500 times of its normal size.,UTERUS SIZE EXPAND PREGNANCY UPTO TIME NORMAL PRESENT
Parturition (Child Birth) Parturition is the expulsion of young one from the mother’s uterus at the end of gestation.,PARTURITION CHILD BIRTH EXPULSION YOUNG ONE FEMALE PARENT UTERUS END GESTATION
"Oxytocin from the posterior pituitary stimulates the uterine contractions and provides force to expel the baby from the uterus, causing birth.",OXYTOCIN POSTERIOR PITUITARY STIMULATE UTERINE CONTRACTIONS PROVIDE FORCE EXPEL BABY UTERUS CAUSE BIRTH PRESENT
"Sometimes ovaries releases two eggs and each is fertilised by a different sperm, resulting in Non-Identical Twins (Fraternal Twins).",EACH TWIN RELEASE SOMETIMES OVARIES TWO EGG FERTILISE DIFFERENT SPERM RESULT NON IDENTICAL FRATERNAL OCCASIONAL PRESENT PAST
"If single egg is fertilised and then divides into two foetus, Identical Twins develop.",TWIN FOETUS DEVELOP SINGLE EGG FERTILISE THEN DIVIDE TWO IDENTICAL PAST PRESENT
Lactation The process of milk production after child birth from mammary glands of the mother is called lactation.,PROCESS MOTHER CALL LACTATION MILK PRODUCTION CHILD BIRTH MAMMARY GLANDS FEMALE PARENT PAST
The first fluid which is released from the mammary gland after child birth is called as colostrum.,FIRST FLUID RELEASE MAMMARY GLAND CHILD BIRTH CALL COLOSTRUM PAST
Milk production from alveoli of mammary glands is stimulated by prolactin secreted from the anterior pituitary.,PRODUCTION PITUITARY STIMULATE MILK ALVEOLI MAMMARY GLANDS PROLACTIN SECRETE ANTERIOR PAST
The ejection of milk is stimulated by posterior pituitary hormone oxytocin.,EJECTION OXYTOCIN STIMULATE MILK POSTERIOR PITUITARY HORMONE PAST
Info bits The milk produced from the breast during the first 2 to 3 days after child birth is called colostrum.,BIRTH DAY BITE INFO BITS MILK PRODUCE BREAST FIRST DAYS CHILD CALL COLOSTRUM PRESENT PAST
It contains immune substances and provides immunity to the new born which is essential for the body. 17.11.,WHICH BODY CONTAIN IMMUNE SUBSTANCES PROVIDE IMMUNITY NEW BEAR ESSENTIAL PRESENT PAST
"Reproductive Health According to World Health Organization (WHO) reproductive health means a total well being in all aspects of reproduction, ability to reproduce and regulate fertility, women's ability to undergo pregnancy and safe child birth,maternal and infant survival and well being.",TOTAL PREGNANCY MEAN REPRODUCTIVE HEALTH ACCORD WORLD ORGANIZATION WHO WELL ASPECTS REPRODUCTION ABILITY REPRODUCE REGULATE FERTILITY WOMEN UNDERGO SAFE CHILD BIRTH MATERNAL INFANT SURVIVAL PRESENT
Several measures were undertaken by the government to improve the reproductive health of the people by launching National Health Programmes such as the i.,MEASURE I. UNDERTAKE SEVERAL GOVERNMENT IMPROVE REPRODUCTIVE HEALTH PEOPLE LAUNCH NATIONAL PROGRAM SUCH PAST
Family Welfare Programme ii.,FAMILY WELFARE PROGRAMME II
Reproductive and Child Health Care (RCH) Programme Family welfare programme: The National Family Welfare Programme is a comprehensive scheme which includes: 1.,REPRODUCTIVE CHILD HEALTH CARE RCH PROGRAMME FAMILY WELFARE NATIONAL COMPREHENSIVE SCHEME INCLUDE PRESENT
Maternal and child health care (MCH) 2.,MATERNAL CHILD HEALTH CARE MCH
"Immunization of mothers, infants and children. 3.",IMMUNIZATION MOTHER INFANTS CHILDREN
Nutritional supplement to pregnant women and children. 4.,NUTRITIONAL SUPPLEMENT PREGNANT WOMEN CHILDREN
"Contraception with health education, to motivate couples to accept contraceptive methods and to have small family norms, which improve economic status, living status and the quality of life.",CONTRACEPTION HEALTH EDUCATION MOTIVATE COUPLE ACCEPT CONTRACEPTIVE METHODS SMALL FAMILY NORMS IMPROVE ECONOMIC STATUS LIVE QUALITY LIFE PRESENT
"Reproductive and Child Health Care (RCH) Programme: It has integrated all services which include • Pregnancy and child birth • Postnatal care of the mother and child 10th_Science Unit-17.indd 253 12/3/2022 3:06:39 PM 254 10th Standard Science • Importance of breast feeding • Prevention of reproductive tract infections and sexually transmitted diseases. 17.12 Population Explosion and Family Planning Population explosion defined as the sudden and rapid rise in the size of population, especially human population.",EXPLOSION POPULATION DEFINE REPRODUCTIVE CHILD HEALTH CARE RCH PROGRAMME INTEGRATE SERVICE INCLUDE PREGNANCY BIRTH POSTNATAL FEMALE PARENT PM STANDARD SCIENCE IMPORTANCE BREAST FEED PREVENTION TRACT INFECTIONS SEXUALLY TRANSMIT DISEASES FAMILY PLAN SUDDEN RAPID RISE SIZE ESPECIALLY HUMAN PAST PRESENT
"Realizing the dangers inherent in population growth, the Government of India has taken several measures to check population growth and introduced family planning.",GOVERNMENT PLAN TAKE REALIZE DANGERS INHERENT POPULATION GROWTH INDIA SEVERAL MEASURE CHECK INTRODUCE FAMILY PAST
India has been one of the first country in the world to launch the nation wide family planning programme in 1952.,INDIA ONE FIRST COUNTRY WORLD LAUNCH NATION WIDE FAMILY PLAN PROGRAMME
Family planning is a way of living that is adopted voluntarily by couples on the basis of knowledge and responsible decisions to promote the health and welfare of the family group and society.,FAMILY PLAN WAY LIVE ADOPT VOLUNTARILY COUPLE BASIS KNOWLEDGE RESPONSIBLE DECISIONS PROMOTE HEALTH WELFARE GROUP SOCIETY PAST
The WHO (World Health Organisation) has also stressed the importance of family planning as global strategy health for all.,WHO ALL STRESS WORLD HEALTH ORGANISATION ALSO IMPORTANCE FAMILY PLAN GLOBAL STRATEGY PAST
The inverted red triangle is a symbol of family planning in India for family welfare.,INVERT RED TRIANGLE SYMBOL FAMILY PLAN INDIA WELFARE PAST
"It is displayed prominently at all hospitals, primary health clinics and family welfare centres where any help or advice about family planning is available free of cost.",HELP COST DISPLAY PROMINENTLY HOSPITALS PRIMARY HEALTH CLINICS FAMILY WELFARE CENTRE ADVICE PLAN AVAILABLE FREE PAST
"The symbol is displayed along with a slogan Small Family, Happy Family. 17.12.1.",SYMBOL SLOGAN DISPLAY SMALL FAMILY HAPPY PAST
Contraception Contraception is one of the best birth control measures.,CONTRACEPTION ONE BEST BIRTH CONTROL MEASURE
A number of techniques or methods have been developed to prevent pregnancies in women.,NUMBER WOMAN DEVELOP TECHNIQUES METHODS PREVENT PREGNANCIES WOMEN PAST
The devices used for contraception are called contraceptive devices.,DEVICE CONTRACEPTION CALL DEVICES USE CONTRACEPTIVE PAST
Common contraceptive methods used to prevent pregnancy are discussed here. 1.,METHOD PREGNANCY DISCUSS COMMON CONTRACEPTIVE METHODS USE PREVENT HERE PAST
Barrier methods 2.,BARRIER METHODS
Hormonal methods 3.,HORMONAL METHODS
Intra-Uterine Devices (IUDs) 4.,INTRA UTERINE DEVICES IUDS
Surgical methods Barrier Methods This method prevents sperms from meeting the ovum.,METHOD OVUM PREVENT SURGICAL METHODS BARRIER SPERMS MEET PRESENT
Its entry into the female reproductive tract is prevented by barrier. (a) Condom: Condom prevents deposition of sperms in the vagina.,CONDOM VAGINA PREVENT ENTRY FEMALE REPRODUCTIVE TRACT BARRIER DEPOSITION SPERMS PAST PRESENT
Condoms are made of thin rubber or latex sheath.,CONDOM RUBBER MAKE CONDOMS THIN LATEX SHEATH PAST
"Condom also protect against sexually transmitted diseases (STD) like syphilis, AIDS. (b) Diaphragm (Cervical cap): Vaginal diaphragm fitting into the vagina or a cervical cap fitting over the cervix.",DIAPHRAGM CERVIX FIT CONDOM ALSO PROTECT SEXUALLY TRANSMIT DISEASES STD SYPHILIS AID CERVICAL CAP VAGINAL VAGINA PRESENT PAST
This prevents the entry of sperms into the uterus.,THIS UTERUS PREVENT ENTRY SPERMS PRESENT
Hormonal Methods Hormonal preparations are in the form of pills or tablets (contraceptive pills).,HORMONAL METHODS PREPARATIONS FORM PILLS TABLETS CONTRACEPTIVE
These hormones stop (interfere with ovulation) the release of egg from the ovary.,HORMONE OVARY STOP HORMONES INTERFERE OVULATION RELEASE EGG PRESENT
Intra-Uterine Devices (IUDs) The intrauterine device (IUD) are contraceptive devices inserted into the uterus.,INTRA UTERINE DEVICES IUDS INTRAUTERINE DEVICE IUD CONTRACEPTIVE INSERT UTERUS PAST
There are two synthetic devices commonly used in India are Lippe’s Loop and Copper-T made of copper and plastic (non irritant).,NON COPPER BE TWO SYNTHETIC DEVICES COMMONLY USE INDIA LIPPE LOOP T MAKE PLASTIC IRRITANT PRESENT PAST
This can remain for a period of 3 years.,THIS YEAR REMAIN PERIOD YEARS
This reduces the sperm fertilizing capacity and prevents implantation.,THIS IMPLANTATION REDUCE SPERM FERTILIZE CAPACITY PREVENT PRESENT
This also helps to give adequate time interval between pregnancies.,THIS PREGNANCY HELP ALSO GIVE ADEQUATE TIME INTERVAL PREGNANCIES PRESENT
Surgical Methods Surgical contraception or sterilization techniques are terminal methods to prevent any pregnancy.,SURGICAL METHODS CONTRACEPTION STERILIZATION TECHNIQUES TERMINAL PREVENT PREGNANCY
This procedure in males is vasectomy (ligation of vas deferens) and in females it is Figure 17.19 Copper-T 10th_Science Unit-17.indd 254 12/3/2022 3:06:39 PM 255 Reproduction in Plants and Animals tubectomy (ligation of fallopian tube).,PROCEDURE MALES VASECTOMY LIGATION VAS DEFERENS FEMALES FIGURE COPPER T PM REPRODUCTION PLANT ANIMALS TUBECTOMY FALLOPIAN TUBE
"These are methods of permanent birth control. 17.13 Urinary Tract Infection (UTI) Many diseases affect both women and men, but a few diseases occur at a higher frequency in woman.",DISEASE WOMAN AFFECT METHODS PERMANENT BIRTH CONTROL URINARY TRACT INFECTION UTI MANY DISEASES WOMEN MEN FEW OCCUR HIGHER FREQUENCY PRESENT
"Woman are susceptible to UTI from the bacteria that are present on skin, rectum or vagina.",WOMAN SUSCEPTIBLE UTI BACTERIA PRESENT SKIN RECTUM VAGINA
"This will enter the urethra, before moving upwards.",THIS URETHRA ENTER MOVE UPWARDS
The types of UTI are: 1.,TYPE UTI
Cystitis or Bladder infection Bacteria lodged in the urinary bladder thrive and multiply leading to inflammation.,BACTERIA INFLAMMATION LODGE CYSTITIS BLADDER INFECTION URINARY THRIVE MULTIPLY LEAD PAST
It is most common in the age group of 20 to 50. 2.,MOST COMMON AGE GROUP
Kidney Infection The bacteria can travel from the urinary bladder and upward to ureter and affect one or both the kidneys.,BACTERIA ONE TRAVEL KIDNEY INFECTION URINARY BLADDER UPWARD URETER AFFECT KIDNEYS
It also infects the blood stream and leads to serious life-threatening complications. 3.,IT COMPLICATION INFECT ALSO BLOOD STREAM LEAD SERIOUS LIFE THREATEN COMPLICATIONS PRESENT
Asymptomatic Bacteriuria The bacteria present in the urinary bladder which may not show any symptoms. 17.14 Personal Hygiene Hygiene is the practice of healthy living and personal cleanliness.,ASYMPTOMATIC BACTERIURIA BACTERIA PRESENT URINARY BLADDER SHOW SYMPTOMS PERSONAL HYGIENE PRACTICE HEALTHY LIVE CLEANLINESS NOT
Personal hygiene is caring of one’s own body and health.,HYGIENE BODY CARE PERSONAL ONE OWN HEALTH
Social hygiene is proper care of the surrounding environment.,SOCIAL HYGIENE PROPER CARE SURROUND ENVIRONMENT
"The main aspect of hygiene are body hygiene, food hygiene, sanitary hygiene and hygienic environment. 17.14.1 Body Hygiene Washing is vital to all age group of people which maintains our personal hygiene.",MAIN ASPECT HYGIENE BODY FOOD SANITARY HYGIENIC ENVIRONMENT WASH VITAL AGE GROUP PEOPLE MAINTAIN PERSONAL PRESENT
A daily bath regularly keeps skin clean and free of germs.,BATH GERM KEEP DAILY REGULARLY SKIN CLEAN FREE GERMS PRESENT
Hair should be kept clean by frequent washing.,HAIR WASH KEEP CLEAN FREQUENT PAST
Mouth wash should be done after every meal.,WASH MEAL DO MOUTH PAST
We should wash our hands many times during the day.,WE DAY WASH HAND MANY TIME
Cloth towels used to dry our hands or body should be dried after each use and laundered regularly.,TOWEL USE CLOTH DRY HAND BODY LAUNDER REGULARLY PAST
"Clothes, handkerchief, undergarments and socks should be washed daily.",CLOTHE HANDKERCHIEF UNDERGARMENTS SOCK WASH DAILY PAST
"Washing prevents body odour, infections and skin irritation. 17.14.2 Toilet Hygiene The toilet has a lot to do with personal hygiene and general health as it is a place that cannot be avoided and used regularly.",THAT HYGIENE HAVE WASH PREVENT BODY ODOUR INFECTIONS SKIN IRRITATION TOILET LOT PERSONAL GENERAL HEALTH PLACE AVOID USE REGULARLY PRESENT PAST NOT
"Parents should guide and practice their children on how to use the toilets at home, in schools and other public places so that it will protect the children from various contagious infections and diseases.The following measures can ensure toilet hygiene 1.",MEASURE HYGIENE ENSURE PARENT GUIDE PRACTICE CHILDREN USE TOILETS HOME SCHOOL OTHER PUBLIC PLACE PROTECT VARIOUS CONTAGIOUS INFECTIONS DISEASES FOLLOW TOILET
The floors of the toilet should be maintained clean and dry.,FLOOR TOILET MAINTAIN CLEAN DRY PAST
This helps to reduce the bad odour and also infection. 2.,THIS ODOUR HELP REDUCE BAD ALSO INFECTION PRESENT
"Toilet flush handles, door knobs, faucets, paper towel dispensers, light switches and walls should be cleaned with disinfectants to kill harmful germs and bacteria. 3.",HANDLE GERM CLEAN TOILET FLUSH DOOR KNOBS FAUCETS PAPER TOWEL DISPENSERS LIGHT SWITCH WALL DISINFECTANTS KILL HARMFUL GERMS BACTERIA PAST
Hands should be washed thoroughly with soap before and after toilet use. 17.14.3 Menstrual and Napkin Hygiene Women’s health depends upon the level of cleanliness to keep them free from skin and genitourinary tract infection.,HEALTH SKIN DEPEND HAND WASH THOROUGHLY SOAP BEFORE TOILET USE MENSTRUAL NAPKIN HYGIENE WOMEN LEVEL CLEANLINESS KEEP FREE GENITOURINARY TRACT INFECTION PAST PRESENT
Menstrual hygiene Maintaining menstrual hygiene is important for the overall health of women.,MENSTRUAL HYGIENE MAINTAIN IMPORTANT OVERALL HEALTH WOMEN PRESENT
The basic menstrual hygiene ways are 1.,BASIC MENSTRUAL HYGIENE WAYS
"Sanitary pads should be changed regularly, to avoid infections due to microbes from vagina and sweat from genitals. 2.",PAD GENITAL CHANGE SANITARY REGULARLY AVOID INFECTIONS DUE MICROBES VAGINA SWEAT GENITALS PAST
Use of warm water to clean genitals helps to get rid of menstrual cramps. 10th_Science Unit-17.indd 255 12/3/2022 3:06:39 PM 256 10th Standard Science TEXTBOOK EVALUATION I.,USE CRAMP HELP WARM WATER CLEAN GENITALS RID MENSTRUAL PM STANDARD SCIENCE TEXTBOOK EVALUATION PRESENT PAST
Choose the correct answer 1.,CHOOSE CORRECT ANSWER
The plant which propagates with the help of its leaves is ___________ . a) Onion b) Neem c) Ginger d) Bryophyllum 2.,PLANT PROPAGATE HELP LEAVE ONION B NEEM GINGER D BRYOPHYLLUM PRESENT
Asexual reproduction takes place through budding in ___________ . a) Amoeba b) Yeast c) Plasmodium d) Bacteria 3.,REPRODUCTION _ TAKE ASEXUAL PLACE BUD AMOEBA B YEAST C PLASMODIUM D BACTERIA PRESENT
Wearing loose clothing rather than tight fitting clothes will ensure the airflow around the genitals and prevent sweating.,WEAR SWEAT ENSURE LOOSE CLOTHE RATHER TIGHT FIT AIRFLOW GENITALS PREVENT
More to Know Every year May 28 is observed as Menstrual Hygiene day to make girls and women aware of maintaining menstrual hygiene and importance of menstrual hygiene for good health.,GIRL HEALTH KNOW MORE YEAR OBSERVE MENSTRUAL HYGIENE DAY MAKE GIRLS WOMEN AWARE MAINTAIN IMPORTANCE GOOD PAST
"By way of awareness through films, discussions and campaigns menstrual hygiene has taken quite the centre stage in recent days.",DISCUSSION DAY TAKE WAY AWARENESS FILM DISCUSSIONS CAMPAIGN MENSTRUAL HYGIENE CENTRE STAGE RECENT DAYS PAST
Napkin hygiene The parents and teachers are to create awareness among the school girls about the use of napkins and their proper disposal.,NAPKIN HYGIENE PARENT TEACHERS CREATE AWARENESS SCHOOL GIRLS USE NAPKINS PROPER DISPOSAL
Girls should be educated in the following ways 1.,GIRL WAY EDUCATE GIRLS FOLLOW WAYS PAST
The sanitary pad and tampons should be wrapped properly and discarded because they can spread infections. 2.,THEY INFECTION WRAP SANITARY PAD TAMPON PROPERLY DISCARD SPREAD INFECTIONS PAST
Sanitary pad or tampon should not be flushed down the toilet. 3.,PAD TOILET FLUSH SANITARY TAMPON PAST NOT
Napkin incinerators are to be used properly for disposal of used napkins.,NAPKIN INCINERATORS USE PROPERLY DISPOSAL NAPKINS PAST
Info bits The menstrual hygiene scheme to provide subsidized sanitary napkins was launched by the Health ministry in 2011.,BITE 2-0-1-1 LAUNCH INFO BITS MENSTRUAL HYGIENE SCHEME PROVIDE SUBSIDIZE SANITARY NAPKINS HEALTH MINISTRY PRESENT PAST
"In Tamil Nadu, UNICEF has developed an affordable incinerator that uses firewood to handle sanitary napkin waste at schools and special wells are equipped where sanitary napkins are composted.",NAPKIN SCHOOL DEVELOP TAMIL NADU UNICEF AFFORDABLE INCINERATOR USE FIREWOOD HANDLE SANITARY WASTE SPECIAL WELL EQUIP NAPKINS COMPOST PAST PRESENT
Points to Remember  Many bacteria and protozoa simply divide into two or more daughter cells by fission.  Organisms such as hydra can regenerate if they are broken into pieces.,THEY PIECE REGENERATE POINT REMEMBER MANY BACTERIA PROTOZOA SIMPLY DIVIDE TWO MORE FEMALE CHILD CELLS FISSION ORGANISMS SUCH HYDRA BREAK PAST
They can also give out buds which mature into new individuals.  Reproduction in flowering plants involves transfer of pollen grains from the anther to the stigma which is referred to as pollination.,WHICH POLLINATION INVOLVE ALSO GIVE BUD MATURE NEW INDIVIDUALS REPRODUCTION FLOWER PLANT TRANSFER POLLEN GRAIN ANTHER STIGMA REFER PRESENT PAST
This is followed by fertilization.  Sexual reproduction involves the fusion of two haploid gametes (male and the female gametes) to form a diploid individual (zygote).  The formation of the sperm in male and the ovum in female is called gametogenesis.,FORMATION FEMALE CALL FOLLOW FERTILIZATION SEXUAL REPRODUCTION INVOLVE FUSION TWO HAPLOID GAMETES MALE FORM DIPLOID INDIVIDUAL ZYGOTE SPERM OVUM GAMETOGENESIS PAST PRESENT
It involves spermatogenesis (formation of spermatozoa) and oogenesis (the formation of ova).  The cyclic events that take place in a rhythmic manner during the reproductive period of a woman’s life is called menstrual cycle.  The process of attachment of the blastocyst to the uterine wall (endometrium) is called implantation.  The placenta is a temporary association between the developing embryo and maternal tissues.  Parturition is the expulsion of young one from the mother’s uterus.  Contraception is one of the best birth control measures.,CONTRACEPTION MEASURE CALL INVOLVE SPERMATOGENESIS FORMATION SPERMATOZOA OOGENESIS OVA CYCLIC EVENTS TAKE PLACE RHYTHMIC MANNER REPRODUCTIVE PERIOD WOMAN LIFE MENSTRUAL CYCLE PROCESS ATTACHMENT BLASTOCYST UTERINE WALL ENDOMETRIUM IMPLANTATION PLACENTA TEMPORARY ASSOCIATION DEVELOP EMBRYO MATERNAL TISSUE PARTURITION EXPULSION YOUNG ONE FEMALE PARENT UTERUS BEST BIRTH CONTROL PRESENT PAST
The devices used for contraception are called contraceptive devices. 10th_Science Unit-17.indd 256 12/3/2022 3:06:40 PM 257 Reproduction in Plants and Animals 3.,DEVICE PLANT CALL DEVICES USE CONTRACEPTION CONTRACEPTIVE PM REPRODUCTION ANIMALS PAST
Syngamy results in the formation of _________ . a) Zoospores b) Conidia c) Zygote d) Chlamydospores 4.,SYNGAMY _ RESULT FORMATION ZOOSPORES B CONIDIA ZYGOTE CHLAMYDOSPORES PRESENT
The essential parts of a flower are ___________ . a) Calyx and Corolla b) Calyx and Androecium c) Corolla and Gynoecium d) Androecium and Gynoecium 5.,ESSENTIAL PART FLOWER CALYX COROLLA B ANDROECIUM C GYNOECIUM D
Anemophilous flowers have __________ . a) Sessile stigma b) Small smooth stigma c) Colored flower d) Large feathery stigma 6.,FLOWER _ HAVE ANEMOPHILOUS SESSILE STIGMA SMALL SMOOTH C COLOR LARGE FEATHERY PRESENT PAST
Male gametes in angiosperms are formed by the division of ___________ . a) Generative cell b) Vegetative cell c) Microspore mother cell d) Microspore 7 What is true of gametes? a) They are diploid b) They give rise to gonads c) They produce hormones d) They are formed from gonads 8.,THEY GONAD FORM MALE GAMETES ANGIOSPERMS DIVISION GENERATIVE CELL B VEGETATIVE MICROSPORE FEMALE PARENT TRUE DIPLOID GIVE RISE GONADS PRODUCE HORMONES D PAST PRESENT
"A single highly coiled tube where sperms are stored, get concentrated and mature is known as a) Epididymis b) Vasa efferentia c) Vas deferens d) Seminiferous tubules 9.",VAS B DEFEREN SINGLE HIGHLY COIL TUBE SPERMS STORE GET CONCENTRATE MATURE KNOW EPIDIDYMIS VASA EFFERENTIA C DEFERENS SEMINIFEROUS TUBULES PAST PRESENT
The large elongated cells that provide nutrition to developing sperms are a) Primary germ cells b) Sertoli cells c) Leydig cells d) Spermatogonia 10 Estrogen is secreted by a) Anterior pituitary b) Primary follicle c) Graffian follicle d) Corpus luteum 11.,FOLLICLE B SECRETE LARGE ELONGATE CELLS PROVIDE NUTRITION DEVELOP SPERMS PRIMARY GERM SERTOLI C LEYDIG SPERMATOGONIA ESTROGEN ANTERIOR PITUITARY GRAFFIAN CORPUS LUTEUM PAST PRESENT
Which one of the following is an IUCD? a) Copper – T b) Oral pills c) Diaphragm d) Tubectomy II.,ONE FOLLOW IUCD COPPER T ORAL PILLS DIAPHRAGM D TUBECTOMY II
Fill in the blanks 1.,FILL BLANK
The embryo sac in a typical dicot at the time of fertilization is ___________ . 2.,EMBRYO SAC TYPICAL DICOT TIME FERTILIZATION
After fertilization the ovary develops into ___________ . 3.,OVARY _ DEVELOP FERTILIZATION PRESENT
Planaria reproduces asexually by ___________ . 4.,PLANARIA REPRODUCE ASEXUALLY
Fertilization is __________ in humans 5.,FERTILIZATION HUMANS
The implantation of the embryo occurs at about ___________ day of fertilization 6. ___________ is the first secretion from the mammary gland after child birth 7.,_ BIRTH OCCUR IMPLANTATION EMBRYO DAY FERTILIZATION FIRST SECRETION MAMMARY GLAND CHILD PRESENT
Prolactin is a hormone produced by ___________ .,PROLACTIN HORMONE PRODUCE PAST
III. (a) Match the following Column 1 Column 2 Fission Spirogyra Budding Amoeba Fragmentation Yeast III. (b) Match the following terms with their respective meanings a) Parturition - 1) Duration between pregnancy and birth b) Gestation - 2) Attachment of zygote to endometrium c) Ovulation - 3) Delivery of baby from uterus d) Implantation - 4) Release of egg from Graafian follicle IV.,III MATCH FOLLOW COLUMN FISSION SPIROGYRA BUD AMOEBA FRAGMENTATION YEAST TERM RESPECTIVE MEANINGS PARTURITION DURATION PREGNANCY BIRTH GESTATION ATTACHMENT ZYGOTE ENDOMETRIUM C OVULATION DELIVERY BABY UTERUS D IMPLANTATION RELEASE EGG GRAAFIAN FOLLICLE IV
State whether the following statements are True or False.,STATE FOLLOW STATEMENTS TRUE FALSE
Correct the false statement 1.,CORRECT FALSE STATEMENT
Stalk of the ovule is called pedicle. 2.,STALK OVULE CALL PEDICLE PAST
Seeds are the product of asexual reproduction. 10th_Science Unit-17.indd 257 12/3/2022 3:06:40 PM 258 10th Standard Science 3.,SEED PRODUCT ASEXUAL REPRODUCTION PM STANDARD SCIENCE
Yeast reproduces asexually by means of multiple fission. 4.,YEAST FISSION REPRODUCE ASEXUALLY MEAN MULTIPLE PRESENT
The part of the pistil which serves as a receptive structure for the pollen is called as style. 5.,WHICH STYLE CALL PART PISTIL SERVE RECEPTIVE STRUCTURE POLLEN PRESENT PAST
Insect pollinated flowers are characterized by dry and smooth pollen. 6.,FLOWER POLLEN POLLINATE INSECT CHARACTERIZE DRY SMOOTH PAST
Sex organs produce gametes which are diploid. 7.,WHICH GAMETE PRODUCE SEX ORGANS GAMETES DIPLOID PRESENT
LH is secreted by the posterior pituitary. 8.,LH PITUITARY SECRETE POSTERIOR PAST
Menstrual cycle ceases during pregnancy. 9.,CYCLE PREGNANCY CEASE MENSTRUAL PRESENT
Surgical methods of contraception prevent gamete formation. 10.,SURGICAL METHODS CONTRACEPTION PREVENT GAMETE FORMATION
The increased level of estrogen and progesterone is responsible for menstruation.,INCREASE LEVEL ESTROGEN PROGESTERONE RESPONSIBLE MENSTRUATION PAST
Answer in a word or sentence 1.,ANSWER WORD SENTENCE
"If one pollen grain produces two male gametes, how many pollen grains are needed to fertilize 10 ovules? 2.",GRAIN OVULE PRODUCE ONE POLLEN TWO MALE GAMETES MANY NEED FERTILIZE OVULES PRESENT PAST
In which part of the flower germination of pollen grains takes place? 3.,PART PLACE TAKE FLOWER GERMINATION POLLEN GRAIN PRESENT
Name two organisms which reproduces through budding. 4.,WHICH BUD NAME TWO ORGANISMS REPRODUCE PRESENT
Mention the function of endosperm. 5.,MENTION FUNCTION ENDOSPERM
Name the hormone responsible for the vigorous contractions of the uterine muscles. 6.,NAME HORMONE RESPONSIBLE VIGOROUS CONTRACTIONS UTERINE MUSCLE
What is the enzyme present in acrosome of sperm? 7.,ENZYME PRESENT ACROSOME SPERM
When is World Menstrual Hygiene Day observed? 8.,WORLD MENSTRUAL HYGIENE DAY OBSERVE PAST
What is the need for contraception ? 9.,NEED CONTRACEPTION
Name the part of the human female reproductive system where the following occurs. a.,FOLLOW SYSTEM NAME PART HUMAN FEMALE REPRODUCTIVE OCCUR PRESENT
Fertilization b.,FERTILIZATION
Implantation VI.,IMPLANTATION VI
Short answer question 1.,SHORT ANSWER QUESTION
What will happen if you cut planaria into small fragments? 2.,YOU FRAGMENT HAPPEN CUT PLANARIA SMALL PRESENT
Why is vegetative propagation practiced for growing some type of plants? 3.,VEGETATIVE PROPAGATION PRACTICE GROW TYPE PLANT PAST
How does binary fission differ from multiple fission? 4.,FISSION DIFFER BINARY MULTIPLE
Define triple fusion. 5.,DEFINE TRIPLE FUSION
Write the characteristics of insect pollinated flowers. 6.,WRITE CHARACTERISTICS INSECT POLLINATE FLOWER PAST
Name the secondary sex organs in male 7.,NAME SECONDARY SEX ORGANS MALE
What is colostrum?,COLOSTRUM WHAT
How is milk production hormonally regulated ? 8.,MILK PRODUCTION HORMONALLY REGULATE PAST
How can menstrual hygiene be maintained during menstrual days? 9.,HYGIENE DAY MAINTAIN MENSTRUAL DAYS PAST
How does developing embryo gets its nourishment inside the mother's body? 10.,DEVELOP BODY GET EMBRYO NOURISHMENT FEMALE PARENT PRESENT
"Identify the parts A, B, C and D A B C D 11.",IDENTIFY PART B C D
Write the events involved in the sexual reproduction of a flowering plant. a.,WRITE EVENTS INVOLVE SEXUAL REPRODUCTION FLOWER PLANT PAST
Discuss the first event and write the types. b.,DISCUSS FIRST EVENT WRITE TYPE
Mention the advantages and the disadvantages of that event. 12.,MENTION ADVANTAGE DISADVANTAGE EVENT
Why are the human testes located outside the abdominal cavity?,HUMAN TESTES LOCATE ABDOMINAL CAVITY PAST WHY
Name the pouch in which they are present . 13.,THEY WHICH NAME POUCH PRESENT
Luteal phase of the menstrual cycle is also called the secretory phase.,PHASE CYCLE CALL LUTEAL MENSTRUAL ALSO SECRETORY PAST
Give reason. 14.,GIVE REASON
Why are family planning methods not adopted by all the people of our country?,METHOD COUNTRY ADOPT FAMILY PLAN METHODS PEOPLE PAST NOT WHY
VII.,VII
Long answer questions 1.,LONG ANSWER QUESTION
With a neat labelled diagram describe the parts of a typical angiospermic ovule. 2.,NEAT LABEL DIAGRAM DESCRIBE PART TYPICAL ANGIOSPERMIC OVULE PAST PRESENT
What are the phases of menstrual cycle?,PHASE MENSTRUAL CYCLE WHAT
Indicate the changes in the ovary and uterus.,INDICATE CHANGE OVARY UTERUS
VIII.,VIII
Higher Order Thinking Skills (HOTS) 1.,HIGHER ORDER THINK SKILLS HOTS
In angiosperms the pollen germinates to produce pollen tube that carries two gametes.,THAT GAMETE GERMINATE ANGIOSPERMS POLLEN PRODUCE TUBE CARRY TWO GAMETES PRESENT
What is the purpose of carrying two gametes when single gamete can fertilize the egg? 2.,PURPOSE CARRY TWO GAMETES SINGLE GAMETE FERTILIZE EGG
Why menstrual cycle does not take place before puberty and during pregnancy ? 3.,CYCLE PREGNANCY TAKE MENSTRUAL PLACE PUBERTY NOT
Read the following passage and answer the questions that follow 10th_Science Unit-17.indd 258 12/3/2022 3:06:40 PM 259 Reproduction in Plants and Animals Rahini and her parents were watching a television programme.,THAT PROGRAMME WATCH READ FOLLOW PASSAGE ANSWER QUESTION PM REPRODUCTION PLANT ANIMALS RAHINI PARENT TELEVISION PRESENT
An advertisement flashed on the screen which was promoting use of sanitary napkins.,ADVERTISEMENT FLASH SCREEN PROMOTE USE SANITARY NAPKINS PAST
"Rahini’s parents suddenly changed the channel, but she objected to her parents and explained the need and importance of such advertisement. a) What is first menstruation called?",SHE ADVERTISEMENT CHANGE RAHINI PARENT SUDDENLY CHANNEL OBJECT EXPLAIN NEED IMPORTANCE SUCH FIRST MENSTRUATION CALL PAST WHAT
When does it occur ? b) List out the napkin hygiene measures taken during menstruation ? c) Do you think that Rahini’s objection towards her parents was correct?,OBJECTION PARENT THINK OCCUR LIST NAPKIN HYGIENE MEASURE TAKE MENSTRUATION RAHINI CORRECT PAST WHEN
"If so, Why?",WHY
REFERENCE BOOKS 1.,REFERENCE BOOK
"Verma P.S and Agarwal, V.K. and Tyagi B.S, Animal Physiology, S.Chand and Company, New Delhi 2.",VERMA AGARWAL TYAGI ANIMAL PHYSIOLOGY COMPANY NEW DELHI
"Knut Schmidt and Nielsen, Animal Physiology, Foundations of Modern Biology series 3.",KNUT SCHMIDT NIELSEN ANIMAL PHYSIOLOGY FOUNDATIONS MODERN BIOLOGY SERIES
Rastogi S.C.,RASTOGI
"Essentials of Animal Physiology, 3rd Edition, Rastogi Publications, Meerut. 4.",ESSENTIALS ANIMAL PHYSIOLOGY EDITION RASTOGI PUBLICATIONS MEERUT
Winwood R.S. and Smith J.,WINWOOD SMITH
"L., Sear’s Anatomy and Physiology for Nurses, 6th Edition, Edward Arnold and Jaypee Brothers.",SEAR ANATOMY PHYSIOLOGY NURSE EDITION EDWARD ARNOLD JAYPEE BROTHERS
"INTERNET RESOURCES 1. http://www.importantindia.com/10606/ population-explosion-in-India/ 2. http://www.yourarticlelibrary.com/ population/3-important...control- overpopulation/26950 3. h t t p : / / w w w . m o m j u n c t i o n . com>pregnancy>Health 4. https://leadership.ng/2018/04/08/toilet- hygiene 5. https://www.boldsky.com/health/ wellness/2018/world-menstrual-hygiene- day Concept Map Fertilization Pollination Syngamy Self Pollination Double Fertilization Cross Pollination Reproduction in plants Asexual reproduction Spore formation Sexual reproduction Leaves,stem, root, Bulbils Fission Vegetative reproduction Budding Regeneration Fragmentation 10th_Science Unit-17.indd 259 12/3/2022 3:06:40 PM 260 10th Standard Science Cells alive URL : https://play.google.com/store/apps/details?id=com.whohtsinfo ICT CORNER REPRODUCTION *Pictures are indicative only Steps WHO HTS INFO – This application enables the students to know about HIV tests and information.",APPLICATION TEST ENABLE INTERNET RESOURCES POPULATION EXPLOSION IMPORTANT H T P W M J U N C COM PREGNANCY HEALTH HYGIENE WORLD MENSTRUAL DAY CONCEPT MAP FERTILIZATION POLLINATION SYNGAMY SELF DOUBLE CROSS REPRODUCTION PLANT ASEXUAL SPORE FORMATION SEXUAL LEAVE STEM ROOT BULBILS FISSION VEGETATIVE BUD REGENERATION FRAGMENTATION PM STANDARD SCIENCE CELLS ALIVE URL CORNER PICTURE INDICATIVE ONLY STEP HTS INFO STUDENTS KNOW HIV INFORMATION PRESENT PAST
It was created by World Health Organization.,IT ORGANIZATION CREATE WORLD HEALTH PAST
"Step1 Step2 Step3 Step4 SEXUAL REPRODUCTION IN HUMAN 261 Learning Objectives At the end of this lesson the students will be able to :  Know about Mendelian laws.  Differentiate between phenotype and genotype.  Understand the process of monohybrid and dihybrid cross.  Differentiate between a chromosome, DNA and gene.  Understand the structure of chromosome.  Classify the chromosomes based on the position of centromere.  Understand the structure and replication of DNA.  Define mutation and classify the chromosomal and gene mutation.  Identify the chromosomal abnormality of Down’s syndrome.", SYNDROME IDENTIFY SEXUAL REPRODUCTION HUMAN LEARN OBJECTIVES END LESSON STUDENTS ABLE KNOW MENDELIAN LAWS DIFFERENTIATE PHENOTYPE GENOTYPE UNDERSTAND PROCESS MONOHYBRID DIHYBRID CROSS CHROMOSOME DNA GENE STRUCTURE CLASSIFY CHROMOSOMES BASE POSITION CENTROMERE REPLICATION DEFINE MUTATION CHROMOSOMAL ABNORMALITY DOWN PRESENT PAST
Introduction “Like Begets Like” is an important and universal phenomenon of life as the living beings produce offspring of their own kind.,INTRODUCTION BEGET IMPORTANT UNIVERSAL PHENOMENON LIFE LIVE BEINGS PRODUCE OFFSPRING OWN KIND PRESENT
"Colour of eye, color of hair, shape of nose, type of earlobe, etc, are inheritable traits.",COLOUR EYE COLOR HAIR SHAPE NOSE TYPE EARLOBE INHERITABLE TRAITS
"Have you ever wondered, how do we inherit traits and characteristics from our father and mother?",WE FATHER INHERIT EVER WONDER TRAITS CHARACTERISTICS MALE PARENT FEMALE PAST HOW
Some of our characteristics might have been inherited from our grandparents.,SOME GRANDPARENT INHERIT CHARACTERISTICS GRANDPARENTS PAST
How do we inherit characters from one generation to another?,WE ANOTHER INHERIT CHARACTER ONE GENERATION HOW
It is because of the genes we inherit from our parents.,GENES INHERIT PARENT PRESENT
These genes are responsible for the physical outlook and biological functions.,GENES RESPONSIBLE PHYSICAL OUTLOOK BIOLOGICAL FUNCTION
"The branch of biology that deals with the genes, genetic variation and heredity of living organisms is called genetics.",VARIATION ORGANISM CALL BRANCH BIOLOGY DEAL GENES GENETIC HEREDITY LIVE ORGANISMS GENETICS PRESENT PAST
"Heredity is transmission of characters, from one generation to the next generation, while variation refers to the differences shown by the individuals of the same species and also by the offspring of the same parents.",HEREDITY TRANSMISSION CHARACTER ONE GENERATION NEXT VARIATION REFER DIFFERENCES SHOW INDIVIDUALS SAME SPECIES ALSO OFFSPRING PARENT PRESENT PAST
All these can happen only due to chromosomes.,THESE CHROMOSOME HAPPEN ONLY CHROMOSOMES
"Now let’s see what chromosomes are and how they are composed with DNA, that form the genetic material. 18.1 Gregor Johann Mendel - Father of Genetics Mendel (1822-1884) was an Austrian monk who discovered the basic principles of heredity through his experiments.",WHO EXPERIMENT LET SEE CHROMOSOMES COMPOSE DNA FORM GENETIC MATERIAL GREGOR JOHANN MENDEL MALE PARENT GENETICS AUSTRIAN MONK DISCOVER BASIC PRINCIPLES HEREDITY PRESENT PAST
His experiments are the foundation for modern genetics.,EXPERIMENT FOUNDATION MODERN GENETICS
He was born in 1822 to a family of farmers in Silesian of Czechoslovakia.,HE CZECHOSLOVAKIA BEAR FAMILY FARMERS SILESIAN PAST
After finishing his high school,FINISH HIGH SCHOOL
